,PLAYER,TEAM,GP,Poss,Freq%,PPP,PTS,FGM,FGA,FG%,eFG%,FT Freq%,TOV Freq%,SF Freq%,AndÂ One Freq%,Score Freq%,Percentile
0,Giannis Antetokounmpo,MIL,56,8.1,27.1,1.16,9.4,3.1,5.2,59.0,60.6,32.6,10.1,30.8,7.5,60.1,54.8
1,Shai Gilgeous-Alexander,OKC,61,6.0,21.6,1.25,7.5,2.4,4.3,55.5,58.7,24.7,7.9,22.0,4.1,60.1,74.6
2,Jaylen Brown,BOS,61,5.6,21.8,1.26,7.0,2.7,4.4,62.0,66.7,16.2,9.4,15.6,4.1,60.2,76.6
3,De'Aaron Fox,SAC,65,5.5,23.4,1.18,6.5,2.4,4.0,60.1,62.9,19.8,11.7,18.4,5.3,57.0,61.2
4,LeBron James,LAL,47,7.1,25.2,1.2,8.5,3.1,5.0,62.0,65.0,21.0,13.2,19.8,5.4,59.2,64.4
5,Anthony Edwards,MIN,71,5.3,21.2,1.06,5.6,2.0,3.7,53.4,59.2,18.0,18.0,17.4,6.2,48.8,33.2
6,Zach LaVine,CHI,67,4.5,19.4,1.21,5.4,1.8,3.2,56.7,61.9,20.7,10.0,20.7,3.7,57.3,67.3
7,Jayson Tatum,BOS,68,4.2,15.1,1.26,5.3,1.8,3.1,58.2,63.5,20.8,10.2,20.4,4.2,58.8,76.2
8,Buddy Hield,IND,72,3.9,25.3,1.27,5.0,1.8,3.5,51.6,67.7,2.8,7.4,2.1,0.4,48.9,76.8
9,Jordan Poole,GSW,73,4.1,19.7,1.13,4.7,1.6,3.0,53.6,60.2,15.9,13.9,13.2,2.6,52.3,49.4
10,Trae Young,ATL,65,5.3,19.3,0.99,5.2,1.6,3.6,44.9,50.6,19.0,14.3,14.3,2.3,46.8,23.6
11,Ja Morant,MEM,53,5.5,20.0,1.13,6.3,2.3,3.9,59.3,62.7,17.7,15.3,15.6,4.4,55.1,50.1
12,Bennedict Mathurin,IND,68,4.0,24.3,1.2,4.8,1.5,2.8,54.5,61.0,24.6,10.7,23.9,4.0,57.4,65.9
13,Donovan Mitchell,CLE,62,4.4,17.6,1.19,5.2,2.0,3.6,56.3,63.7,11.0,11.7,8.8,4.0,52.4,62.6
14,Desmond Bane,MEM,49,5.4,27.5,1.15,6.2,2.3,4.6,49.1,59.5,10.2,8.7,9.4,4.2,47.9,53.6
15,Terry Rozier,CHA,63,4.5,20.2,1.05,4.7,1.8,3.7,48.5,54.7,12.0,9.5,11.3,3.5,47.9,31.4
16,Trey Murphy III,NOP,69,3.0,27.2,1.41,4.2,1.6,2.6,60.8,72.1,9.1,6.3,8.7,2.4,59.6,90.6
17,O.G. Anunoby,TOR,58,4.0,24.4,1.26,5.1,1.9,3.2,60.1,66.8,12.0,10.7,11.2,3.4,56.7,75.5
18,Gary Trent Jr.,TOR,63,3.9,23.8,1.18,4.6,1.6,3.4,47.4,57.0,11.7,3.2,10.5,1.2,51.4,60.6
19,Kyle Kuzma,WAS,64,4.2,18.7,1.08,4.5,1.8,3.2,56.3,61.9,9.7,15.7,9.7,2.2,49.3,38.1
20,Pascal Siakam,TOR,62,3.9,16.3,1.18,4.6,1.6,2.7,60.0,63.5,21.8,12.8,20.6,4.5,58.4,61.0
21,Paolo Banchero,ORL,66,4.0,18.6,1.06,4.3,1.4,2.6,52.9,54.3,26.4,13.6,24.9,6.8,54.0,33.4
22,RJ Barrett,NYK,66,4.1,20.0,1.03,4.2,1.6,3.1,51.2,55.4,16.8,10.6,17.2,2.6,50.5,27.6
23,Lauri Markkanen,UTA,63,3.4,16.0,1.28,4.4,1.6,2.7,59.3,65.9,16.2,10.2,14.8,3.7,57.4,78.1
24,Franz Wagner,ORL,72,2.8,15.8,1.35,3.8,1.3,2.2,59.0,69.6,16.3,7.4,15.3,3.0,59.1,85.5
25,Julius Randle,NYK,73,3.5,14.4,1.06,3.7,1.4,2.7,50.8,56.3,15.2,13.2,15.2,5.4,48.2,32.7
26,Klay Thompson,GSW,61,3.6,17.5,1.21,4.4,1.6,3.3,50.3,63.8,3.6,7.2,3.2,0.5,48.2,68.2
27,Tyrese Maxey,PHI,52,3.6,19.8,1.43,5.2,1.9,3.0,62.4,70.1,18.7,4.8,17.1,7.5,63.6,92.2
28,Keldon Johnson,SAS,60,3.9,18.0,1.12,4.4,1.7,3.3,52.8,59.0,15.0,8.1,14.1,6.4,50.9,48.6
29,Jerami Grant,POR,63,3.1,16.4,1.35,4.1,1.5,2.3,62.8,70.3,19.2,7.3,20.2,4.7,62.7,86.0
30,Jaden Ivey,DET,65,4.0,22.4,0.99,3.9,1.3,2.6,50.0,54.2,22.9,15.5,20.5,3.1,50.8,23.2
31,Bojan Bogdanovic,DET,59,3.6,18.6,1.19,4.3,1.5,2.8,53.4,62.0,14.2,10.4,11.8,1.9,53.3,63.9
32,CJ McCollum,NOP,65,3.9,17.9,0.99,3.9,1.5,3.3,44.4,53.3,7.1,9.8,6.3,0.8,43.1,22.9
33,Michael Porter Jr.,DEN,55,3.3,22.5,1.36,4.5,1.5,2.7,55.6,71.2,13.7,8.2,13.1,4.4,55.2,87.1
34,Fred VanVleet,TOR,60,3.7,18.8,1.12,4.2,1.3,2.9,43.9,54.3,16.7,8.1,14.0,2.7,48.2,47.4
35,Malik Monk,SAC,69,3.2,24.0,1.12,3.6,1.3,2.6,50.3,59.6,10.8,12.6,9.4,2.7,48.0,45.2
36,Bam Adebayo,MIA,68,3.1,15.4,1.16,3.6,1.3,2.2,60.4,60.7,22.5,13.1,21.6,5.6,58.2,56.6
37,Josh Giddey,OKC,67,3.6,20.4,1.01,3.7,1.6,2.9,55.5,57.6,8.6,17.6,8.6,4.5,47.5,26.3
38,Dejounte Murray,ATL,66,3.3,15.3,1.14,3.7,1.5,2.5,58.9,64.6,9.8,14.4,9.3,2.8,52.6,51.7
39,Tyrese Haliburton,IND,54,3.3,17.4,1.38,4.5,1.7,2.7,63.9,77.1,8.5,14.7,7.9,4.5,55.9,88.2
40,Jalen Brunson,NYK,64,2.7,12.6,1.36,3.7,1.3,2.1,58.8,66.2,21.7,6.9,18.3,6.3,60.0,86.9
41,Devin Booker,PHX,44,4.6,17.9,1.16,5.3,2.1,3.9,54.1,60.3,11.4,7.9,8.9,3.5,53.5,56.1
42,Stephen Curry,GSW,47,4.1,16.1,1.22,5.0,1.7,3.2,53.7,65.8,10.9,13.0,10.4,2.1,50.5,70.4
43,Bruce Brown,DEN,71,2.5,22.7,1.31,3.3,1.4,2.1,65.5,70.3,9.6,10.1,7.9,2.8,61.2,82.4
44,Harrison Barnes,SAC,72,2.8,21.6,1.15,3.2,1.0,2.2,47.5,56.6,16.4,7.5,16.4,3.0,50.7,54.6
45,Mikal Bridges,PHX,56,3.4,21.0,1.2,4.1,1.4,2.8,52.3,60.6,13.1,7.9,13.6,2.6,52.9,64.8
46,Tobias Harris,PHI,66,2.5,18.6,1.36,3.4,1.4,2.2,66.0,72.9,7.8,9.0,7.2,3.0,61.1,86.6
47,Jordan Clarkson,UTA,61,3.2,14.8,1.17,3.7,1.3,2.5,52.6,64.6,9.8,14.4,8.2,3.6,47.4,57.0
48,Kenyon Martin Jr.,HOU,72,2.6,23.7,1.2,3.1,1.3,2.0,66.0,66.3,17.2,9.1,16.1,2.7,61.3,66.1
49,De'Andre Hunter,ATL,62,2.8,18.7,1.28,3.6,1.3,2.3,57.4,65.2,15.6,6.9,14.5,4.0,58.4,78.8
50,Darius Garland,CLE,63,3.2,15.3,1.09,3.5,1.2,2.3,51.4,61.1,11.8,16.3,9.4,1.5,47.8,41.2
51,Jimmy Butler,MIA,58,2.7,14.3,1.37,3.8,1.3,2.0,66.7,67.1,23.9,8.2,22.6,6.3,66.0,87.8
52,Jaylen Nowell,MIN,63,2.8,24.4,1.24,3.4,1.3,2.3,57.9,63.8,13.2,8.0,12.1,4.6,55.7,73.7
53,Kentavious Caldwell-Pope,DEN,70,2.6,26.7,1.16,3.1,1.1,2.0,51.7,64.7,10.8,12.4,10.3,1.1,49.7,55.6
54,Jaden McDaniels,MIN,70,2.6,23.4,1.17,3.1,1.2,2.1,60.4,65.3,10.4,14.2,10.4,3.3,54.6,58.8
55,Paul George,LAC,56,3.4,14.5,1.12,3.8,1.2,2.3,54.3,63.0,18.0,18.5,16.9,3.7,49.7,47.7
56,Aaron Gordon,DEN,60,2.8,19.3,1.25,3.5,1.3,2.1,59.5,68.3,19.5,10.1,17.8,4.7,58.0,74.8
57,Jalen Williams,OKC,66,2.7,20.9,1.18,3.2,1.2,2.0,61.7,65.4,14.0,14.0,13.4,2.2,57.0,60.8
58,Jrue Holiday,MIL,59,2.9,14.9,1.22,3.5,1.3,2.2,58.8,71.8,6.4,18.1,4.7,1.2,50.3,70.2
59,Kyrie Irving,BKN,40,4.8,19.7,1.07,5.2,1.9,4.0,48.1,57.3,7.8,11.5,7.8,2.1,45.3,35.9
60,Ayo Dosunmu,CHI,69,2.6,28.3,1.15,2.9,1.2,2.1,57.0,59.9,12.5,8.5,11.4,1.7,56.8,54.3
61,Norman Powell,LAC,54,3.4,22.0,1.1,3.7,1.3,2.6,49.3,58.9,15.4,9.3,12.1,1.6,50.5,41.9
62,Immanuel Quickley,NYK,72,2.3,17.5,1.21,2.8,0.9,1.7,55.3,64.2,16.5,12.2,15.2,3.7,54.3,69.0
63,Jalen McDaniels,CHA,56,3.2,28.8,1.12,3.5,1.3,2.5,52.5,55.7,16.9,9.0,15.3,5.6,53.1,46.0
64,Kelly Oubre Jr.,CHA,47,3.7,18.4,1.12,4.2,1.6,3.2,50.7,55.3,13.7,6.3,12.0,5.7,51.4,46.6
65,Luguentz Dort,OKC,65,2.9,19.9,1.03,3.0,1.0,2.4,41.8,49.7,16.0,5.3,15.4,2.7,46.8,27.8
66,Joel Embiid,PHI,58,2.5,8.7,1.29,3.3,1.1,1.7,64.4,68.3,23.1,10.2,23.8,2.7,63.9,79.6
67,Josh Hart,POR,51,3.2,32.9,1.17,3.7,1.4,2.3,62.4,62.8,21.0,14.2,19.8,7.4,57.4,57.8
68,Jalen Green,HOU,66,2.6,11.1,1.11,2.8,1.1,2.0,54.5,59.1,12.4,11.8,12.4,2.4,52.1,44.5
69,Scottie Barnes,TOR,69,2.8,16.8,0.97,2.7,1.1,1.9,54.9,56.0,17.0,20.1,16.0,5.7,48.5,20.8
70,Tyler Herro,MIA,59,2.8,13.5,1.15,3.2,1.2,2.3,50.7,62.5,4.9,12.3,4.9,0.6,46.6,52.6
71,Tim Hardaway Jr.,DAL,65,2.7,19.6,1.07,2.9,1.0,2.3,43.2,53.7,9.8,8.6,9.2,3.4,43.1,36.3
72,Damian Lillard,POR,57,2.9,10.5,1.1,3.2,1.0,2.3,43.6,53.4,15.5,8.3,14.3,3.0,47.0,43.2
73,Tyus Jones,MEM,71,2.1,19.9,1.26,2.6,0.9,1.8,50.8,65.8,7.5,5.5,4.8,2.1,49.3,75.9
74,Luka Doncic,DAL,57,2.9,9.6,1.08,3.2,1.0,1.9,52.3,60.6,20.4,17.4,17.4,3.0,50.3,37.9
75,Anfernee Simons,POR,62,2.7,13.7,1.06,2.9,1.1,2.2,49.6,57.3,8.8,13.5,7.6,2.9,45.9,33.0
76,Kevin Durant,BKN,39,3.6,14.5,1.25,4.6,1.6,2.9,57.1,65.2,12.7,11.3,11.3,3.5,54.2,75.3
77,Hamidou Diallo,DET,56,2.6,28.7,1.21,3.2,1.4,2.0,70.9,70.9,19.7,11.6,18.4,6.1,62.6,67.5
78,Derrick White,BOS,73,2.1,18.8,1.17,2.4,0.8,1.5,54.9,61.9,17.8,13.2,17.8,5.3,53.3,59.0
79,James Harden,PHI,53,3.1,14.8,1.1,3.4,1.1,1.9,58.3,65.5,19.8,22.8,18.5,6.2,50.0,41.6
80,Bol Bol,ORL,67,2.4,27.7,1.08,2.7,1.1,1.8,60.7,63.1,11.6,17.7,11.0,3.7,52.4,39.6
81,Keegan Murray,SAC,70,2.5,23.3,1.0,2.5,0.9,2.3,38.8,49.7,9.0,3.9,8.4,2.8,40.4,24.7
82,Nikola Jokic,DEN,64,2.2,10.7,1.24,2.8,1.1,1.5,76.0,76.6,14.7,22.4,14.0,4.2,61.5,72.8
83,Tre Jones,SAS,59,2.7,19.7,1.11,3.0,1.3,2.1,60.5,62.1,9.4,16.4,8.8,3.8,52.8,44.8
84,P.J. Washington,CHA,68,2.4,15.5,1.07,2.6,1.0,2.1,48.6,55.4,9.8,6.1,9.8,1.8,49.1,36.1
85,Devin Vassell,SAS,37,3.4,18.9,1.4,4.7,1.6,2.8,56.2,71.9,12.1,6.5,11.3,3.2,56.5,90.0
86,Jamal Murray,DEN,58,2.6,13.2,1.14,3.0,1.1,2.1,52.9,63.6,8.5,13.7,6.5,1.3,49.0,50.6
87,Kawhi Leonard,LAC,44,3.0,14.6,1.3,3.9,1.4,2.3,59.8,67.2,20.5,7.6,22.0,6.8,59.8,81.5
88,Markelle Fultz,ORL,52,2.9,19.6,1.13,3.3,1.3,2.3,58.8,59.7,13.8,13.2,9.9,5.3,54.6,48.9
89,Kevin Huerter,SAC,66,2.5,18.7,1.04,2.6,1.0,2.1,47.8,56.6,6.1,11.0,5.5,0.0,45.1,30.1
90,Aaron Nesmith,IND,63,2.4,24.9,1.09,2.7,0.9,1.9,48.4,55.7,13.6,9.7,13.6,2.6,49.4,40.5
91,De'Anthony Melton,PHI,68,2.4,23.4,1.03,2.5,0.9,1.9,47.7,59.1,4.9,15.3,4.3,1.2,42.3,28.5
92,Herbert Jones,NOP,56,2.6,25.5,1.16,3.0,1.2,1.9,61.1,64.4,13.9,13.2,12.5,2.1,56.9,55.2
93,Terance Mann,LAC,72,2.0,25.0,1.14,2.3,0.9,1.6,56.5,62.2,13.1,12.4,10.3,4.8,52.4,50.8
94,Malcolm Brogdon,BOS,61,2.3,17.7,1.15,2.7,1.0,1.8,52.7,62.7,11.9,13.3,9.8,2.1,49.7,52.1
95,Lonnie Walker IV,LAL,51,3.0,25.9,1.06,3.2,1.3,2.6,48.5,53.0,11.0,5.2,9.7,1.9,50.6,34.3
96,Spencer Dinwiddie,DAL,53,2.7,16.3,1.15,3.1,1.1,2.1,50.9,58.0,16.2,9.2,16.2,4.2,51.4,52.8
97,Dillon Brooks,MEM,65,2.9,18.3,0.86,2.5,0.9,2.4,37.7,44.3,7.9,10.1,7.4,2.1,37.6,11.6
98,Corey Kispert,WAS,64,1.8,22.4,1.37,2.5,0.9,1.6,57.8,70.1,11.9,4.2,10.2,2.5,58.5,88.0
99,Saddiq Bey,DET,52,2.5,17.1,1.26,3.1,1.1,1.9,55.0,63.5,17.2,7.8,17.2,3.9,56.3,75.7
100,Collin Sexton,UTA,47,2.7,20.6,1.24,3.4,1.2,2.2,55.8,61.1,18.8,7.8,17.2,7.8,56.3,73.9
101,Myles Turner,IND,60,2.1,13.9,1.23,2.6,1.0,1.8,52.8,61.6,15.5,4.7,16.3,4.7,55.0,72.4
102,Evan Mobley,CLE,72,1.8,11.8,1.19,2.2,1.0,1.4,70.0,70.0,13.5,15.0,12.0,3.8,60.9,63.0
103,Quentin Grimes,NYK,62,2.2,24.0,1.15,2.5,1.0,1.8,52.2,61.1,11.7,8.8,10.2,2.9,51.1,54.1
104,Jabari Smith Jr.,HOU,69,2.2,16.0,1.06,2.3,0.9,1.8,47.6,56.0,9.4,8.7,9.4,2.7,46.3,33.6
105,D'Angelo Russell,MIN,54,2.5,14.4,1.15,2.9,1.1,2.1,50.9,61.8,6.6,11.8,5.1,2.2,47.1,52.3
106,Tari Eason,HOU,72,2.2,22.4,0.98,2.2,0.9,1.6,53.8,54.3,13.9,15.2,13.3,3.2,50.0,21.8
107,Cedi Osman,CLE,69,1.9,22.7,1.19,2.2,0.9,1.6,57.8,62.4,13.1,6.2,13.8,3.8,55.4,62.1
108,Kevin Porter Jr.,HOU,50,2.7,13.3,1.15,3.1,1.1,1.9,59.4,65.1,16.5,17.3,14.3,6.0,52.6,53.2
109,Naji Marshall,NOP,67,2.0,20.2,1.14,2.3,0.9,1.5,55.9,60.3,15.7,12.7,12.7,4.5,53.0,51.0
110,Coby White,CHI,63,2.3,25.5,1.07,2.4,0.9,1.8,46.6,56.0,10.6,9.2,9.2,1.4,45.8,35.2
111,Domantas Sabonis,SAC,70,2.3,13.4,0.94,2.2,0.8,1.4,57.9,59.5,19.8,25.9,17.9,4.3,47.5,17.8
112,Russell Westbrook,LAL,52,3.9,19.9,0.75,2.9,1.1,2.4,46.0,48.0,14.8,24.1,12.3,0.5,39.4,4.9
113,LaMelo Ball,CHA,36,4.2,16.9,0.99,4.2,1.4,3.3,44.1,56.8,8.6,15.1,6.6,1.3,40.1,24.1
114,Anthony Davis,LAL,46,2.4,10.4,1.34,3.2,1.2,1.8,65.9,67.1,23.6,9.1,20.0,7.3,65.5,84.4
115,John Collins,ATL,62,1.9,15.3,1.28,2.4,0.9,1.5,60.4,64.1,17.4,5.2,17.4,6.1,60.9,78.4
116,Joe Harris,BKN,65,1.5,21.9,1.5,2.2,0.8,1.4,57.8,77.2,5.2,4.1,5.2,2.1,56.7,95.3
117,Caleb Martin,MIA,62,2.0,20.3,1.18,2.4,0.9,1.7,56.3,60.7,12.9,7.3,12.9,3.2,55.6,60.4
118,Isaac Okoro,CLE,74,1.5,25.0,1.34,2.0,0.7,1.1,64.6,69.0,25.0,6.5,25.0,5.6,65.7,84.9
119,Josh Green,DAL,52,2.1,24.7,1.3,2.8,1.1,1.6,65.9,71.8,17.3,10.0,17.3,4.5,60.9,81.0
120,Cole Anthony,ORL,53,2.4,19.2,1.12,2.7,0.9,1.7,52.2,58.2,18.0,14.8,16.4,4.7,50.0,45.5
121,Deni Avdija,WAS,70,1.8,19.0,1.12,2.0,0.7,1.2,60.0,64.7,19.5,17.2,14.8,3.1,54.7,45.5
122,Gordon Hayward,CHA,47,2.2,14.7,1.39,3.0,1.0,1.7,62.8,69.2,23.5,5.9,21.6,5.9,65.7,89.5
123,Austin Reaves,LAL,54,2.0,19.6,1.3,2.6,0.9,1.4,62.7,69.3,22.2,13.9,19.4,5.6,59.3,80.4
124,Andrew Nembhard,IND,65,1.8,18.2,1.2,2.2,0.9,1.5,58.6,66.7,6.0,12.8,5.1,3.4,52.1,64.6
125,Royce O'Neale,BKN,68,1.8,18.9,1.12,2.1,0.7,1.4,50.0,66.8,6.4,16.0,6.4,0.8,44.0,46.6
126,Kelly Olynyk,UTA,59,2.1,18.0,1.11,2.4,0.8,1.5,55.2,66.7,12.0,21.6,10.4,3.2,47.2,44.3
127,Nic Claxton,BKN,67,1.5,14.8,1.34,2.1,0.9,1.2,78.2,78.2,19.4,6.8,19.4,2.9,70.9,84.6
128,Jaren Jackson Jr.,MEM,54,2.3,13.9,1.12,2.5,0.9,1.9,47.5,56.4,14.8,4.1,14.8,1.6,50.0,48.1
129,Jalen Smith,IND,60,1.7,18.4,1.32,2.3,0.8,1.3,62.8,69.2,20.4,8.7,19.4,4.9,63.1,83.5
130,Shake Milton,PHI,67,1.6,19.9,1.23,2.0,0.7,1.2,61.5,66.0,19.1,11.8,18.2,1.8,60.0,71.5
131,Shaedon Sharpe,POR,70,1.6,21.3,1.17,1.9,0.8,1.3,58.1,63.4,12.2,11.3,12.2,4.3,54.8,59.6
132,Caris LeVert,CLE,69,1.9,14.7,1.05,1.9,0.8,1.5,51.5,55.8,14.1,8.6,14.1,3.1,49.2,30.3
133,Andrew Wiggins,GSW,37,3.0,18.1,1.2,3.6,1.3,2.6,51.0,60.9,10.0,5.5,10.0,2.7,51.8,65.5
134,DeMar DeRozan,CHI,65,1.8,7.8,1.12,2.0,0.7,1.3,54.8,55.4,20.3,11.9,19.5,3.4,55.9,46.0
135,Patrick Williams,CHI,71,1.6,16.2,1.13,1.8,0.6,1.2,51.2,57.7,17.4,13.0,16.5,3.5,51.3,49.7
136,Jevon Carter,MIL,71,1.8,22.2,1.02,1.8,0.6,1.5,40.9,55.0,3.9,10.2,3.9,0.8,38.6,26.9
137,Edmond Sumner,BKN,48,2.2,30.5,1.23,2.7,1.0,1.7,56.1,59.8,18.3,8.7,18.3,5.8,56.7,72.1
138,Grayson Allen,MIL,65,1.7,17.6,1.17,2.0,0.6,1.4,44.7,59.6,8.3,6.4,7.3,0.9,45.9,59.9
139,Malik Beasley,UTA,55,1.9,13.7,1.25,2.3,0.9,1.7,52.7,66.1,2.9,7.8,2.9,2.0,49.0,74.4
140,Bradley Beal,WAS,50,2.2,9.9,1.15,2.5,0.9,1.8,50.5,57.1,11.8,7.3,11.8,1.8,51.8,51.9
141,John Wall,LAC,34,3.4,24.7,1.09,3.7,1.3,2.2,60.0,62.0,24.1,15.5,23.3,4.3,56.9,40.1
142,Kristaps Porzingis,WAS,61,1.8,8.6,1.17,2.0,0.7,1.4,50.6,62.1,11.2,10.3,10.3,2.8,49.5,58.4
143,Chris Boucher,TOR,66,1.5,18.0,1.24,1.9,0.7,1.2,61.0,64.9,18.0,9.0,18.0,4.0,61.0,73.3
144,Brook Lopez,MIL,69,1.4,10.1,1.27,1.8,0.6,1.2,48.8,65.1,9.4,5.2,9.4,4.2,47.9,77.7
145,Christian Wood,DAL,59,1.9,12.2,1.08,2.1,0.8,1.5,50.0,55.0,16.1,8.9,16.1,5.4,49.1,38.8
146,Zion Williamson,NOP,29,3.1,13.5,1.32,4.1,1.7,2.4,69.0,69.0,18.7,8.8,16.5,5.5,67.0,83.1
147,Reggie Jackson,LAC,52,2.3,18.9,0.98,2.3,0.9,1.8,47.9,58.0,4.2,17.6,4.2,0.8,41.2,22.3
148,Jeremy Sochan,SAS,55,2.2,18.0,0.95,2.1,0.8,1.5,54.2,56.0,15.4,22.0,14.6,4.9,45.5,19.6
149,Aaron Wiggins,OKC,60,1.6,25.1,1.22,1.9,0.7,1.3,55.7,63.9,12.6,10.5,11.6,6.3,52.6,70.8
150,Santi Aldama,MEM,68,1.7,19.8,0.99,1.7,0.6,1.4,43.6,50.5,12.1,8.6,9.5,1.7,44.8,23.8
151,Marcus Smart,BOS,55,2.2,16.9,0.93,2.1,0.7,1.5,48.8,58.5,9.8,24.6,9.0,1.6,40.2,17.6
152,Jarrett Allen,CLE,63,1.1,9.3,1.58,1.8,0.8,1.0,80.6,80.6,9.9,4.2,9.9,1.4,78.9,98.0
153,Trey Lyles,SAC,64,1.3,19.2,1.3,1.8,0.6,1.1,58.8,72.1,10.5,12.8,9.3,2.3,54.7,81.3
154,Grant Williams,BOS,70,1.4,17.8,1.14,1.6,0.5,1.1,48.7,63.5,8.2,13.3,8.2,1.0,45.9,51.3
155,Bogdan Bogdanovic,ATL,46,2.2,16.1,1.12,2.4,0.8,1.9,45.3,59.3,6.0,8.0,6.0,0.0,45.0,46.6
156,Brandon Ingram,NOP,35,3.3,14.1,0.96,3.2,1.0,2.2,46.8,54.5,13.7,21.4,11.1,0.9,43.6,20.0
157,Dennis Smith Jr.,CHA,52,2.0,18.9,1.08,2.1,0.8,1.4,56.8,57.4,16.5,14.6,15.5,2.9,54.4,37.6
158,Terence Davis,SAC,57,1.8,27.7,1.06,1.9,0.7,1.5,47.1,58.2,9.5,13.3,9.5,3.8,43.8,32.5
159,T.J. McConnell,IND,67,1.6,18.2,1.05,1.7,0.7,1.1,69.0,72.5,5.7,29.2,4.7,1.9,50.0,30.5
160,Obi Toppin,NYK,58,1.6,24.3,1.21,1.9,0.7,1.2,59.7,67.4,10.0,10.0,8.9,0.0,56.7,67.7
161,Kyle Lowry,MIA,48,2.2,18.2,1.02,2.3,0.7,1.7,43.8,54.4,13.1,14.0,12.1,1.9,43.9,26.5
162,Jalen Johnson,ATL,64,1.4,26.5,1.22,1.7,0.7,1.1,62.9,65.7,15.9,11.4,15.9,6.8,56.8,69.7
163,Nikola Vucevic,CHI,71,1.4,8.1,1.09,1.5,0.5,1.3,43.3,55.6,3.1,4.1,3.1,0.0,43.3,41.0
164,Max Strus,MIA,71,1.4,12.3,1.05,1.5,0.6,1.2,50.6,58.0,5.0,11.9,5.0,3.0,44.6,31.8
165,Jalen Suggs,ORL,45,2.5,22.6,0.93,2.3,0.8,1.9,42.5,47.1,17.7,11.5,15.9,6.2,43.4,16.9
166,AJ Griffin,ATL,64,1.4,16.8,1.17,1.6,0.6,1.3,48.8,58.8,6.7,5.6,5.6,2.2,48.3,58.6
167,Kyle Anderson,MIN,60,1.8,19.3,0.96,1.7,0.7,1.3,52.0,53.3,15.7,17.6,13.0,2.8,48.1,20.5
168,Draymond Green,GSW,64,1.8,18.6,0.9,1.6,0.7,1.2,60.8,60.8,8.7,29.6,7.8,2.6,45.2,14.7
169,Brandon Clarke,MEM,56,1.2,15.0,1.49,1.8,0.8,1.0,79.6,79.6,21.7,8.7,21.7,8.7,73.9,94.9
170,Bones Hyland,DEN,43,2.0,16.3,1.18,2.4,0.8,1.7,48.6,60.1,9.2,6.9,6.9,1.1,49.4,61.9
171,Bobby Portis,MIL,60,1.6,11.7,1.11,1.7,0.6,1.2,53.5,61.3,10.8,14.0,10.8,1.1,50.5,43.4
172,Jose Alvarado,NOP,61,1.7,16.6,1.02,1.7,0.6,1.3,48.1,59.9,4.0,15.8,3.0,0.0,42.6,26.7
173,Naz Reid,MIN,64,1.3,12.8,1.21,1.6,0.7,1.0,65.6,68.8,13.1,13.1,11.9,2.4,60.7,69.4
174,John Konchar,MEM,63,1.4,27.7,1.12,1.6,0.7,1.3,48.8,54.2,9.9,4.4,9.9,6.6,48.4,47.2
175,David Roddy,MEM,59,1.6,22.2,1.11,1.7,0.7,1.2,59.2,66.2,9.8,16.3,9.8,3.3,50.0,43.7
176,Talen Horton-Tucker,UTA,57,1.9,17.5,0.94,1.8,0.6,1.3,47.3,53.4,14.8,20.4,12.0,3.7,43.5,18.5
177,Monte Morris,WAS,58,1.8,18.5,0.95,1.7,0.7,1.6,44.4,50.6,6.7,8.6,4.8,1.0,43.8,19.8
178,Christian Braun,DEN,66,1.2,29.3,1.24,1.5,0.6,1.0,60.9,63.8,11.4,6.3,12.7,6.3,58.2,73.5
179,Isaiah Joe,OKC,64,1.3,16.9,1.21,1.5,0.5,1.1,46.4,65.2,6.2,11.1,4.9,2.5,43.2,67.0
180,Dennis Schroder,LAL,58,1.8,13.3,0.93,1.7,0.6,1.3,42.3,49.4,12.6,14.6,8.7,2.9,41.7,17.4
181,Troy Brown Jr.,LAL,66,1.2,17.0,1.19,1.4,0.6,1.1,57.1,63.6,5.0,8.8,5.0,1.3,53.8,62.8
182,Jonathan Kuminga,GSW,58,1.5,15.4,1.08,1.6,0.7,1.1,61.9,65.1,14.8,18.2,13.6,4.5,54.5,38.5
183,Karl-Anthony Towns,MIN,21,3.1,15.7,1.45,4.5,1.7,2.4,68.6,76.5,16.9,12.3,16.9,7.7,63.1,92.9
184,Malaki Branham,SAS,56,1.7,17.1,0.97,1.7,0.6,1.4,42.3,51.3,9.3,12.4,7.2,2.1,41.2,20.8
185,Walker Kessler,UTA,67,0.9,12.8,1.55,1.4,0.6,0.8,80.4,80.4,20.0,1.7,20.0,6.7,80.0,97.1
186,Keita Bates-Diop,SAS,57,1.5,19.1,1.07,1.6,0.6,1.2,49.3,52.8,12.8,7.0,12.8,2.3,51.2,34.8
187,Doug McDermott,SAS,60,1.5,16.4,1.01,1.5,0.6,1.4,41.5,54.3,2.2,7.7,1.1,0.0,39.6,26.1
188,Rudy Gobert,MIN,61,1.1,9.1,1.36,1.5,0.6,0.7,77.8,77.8,27.3,12.1,27.3,7.6,71.2,87.3
189,Josh Okogie,PHX,61,1.5,19.2,0.99,1.5,0.4,1.0,44.3,48.4,25.3,9.9,20.9,2.2,50.5,23.4
190,Killian Hayes,DET,67,1.5,11.2,0.91,1.3,0.6,1.1,51.4,59.7,3.0,25.3,3.0,1.0,39.4,15.0
191,Davion Mitchell,SAC,71,1.0,17.5,1.22,1.3,0.5,0.9,57.4,63.9,9.6,9.6,6.8,2.7,54.8,70.6
192,Taurean Prince,MIN,47,1.8,20.6,1.07,1.9,0.6,1.3,47.6,55.6,14.5,13.3,14.5,3.6,47.0,35.6
193,Damion Lee,PHX,70,1.0,12.4,1.29,1.3,0.4,0.7,58.3,76.0,16.2,14.7,10.3,2.9,54.4,80.1
194,Mason Plumlee,CHA,56,1.3,11.9,1.24,1.6,0.7,0.8,78.7,78.7,18.3,18.3,16.9,2.8,64.8,73.1
195,Cam Thomas,BKN,52,1.6,15.9,1.05,1.7,0.5,1.2,44.4,50.8,20.2,8.3,19.0,3.6,50.0,30.9
196,Jeff Green,DEN,48,1.3,16.8,1.41,1.8,0.7,1.0,72.9,74.0,21.3,4.9,21.3,6.6,70.5,90.9
197,Gary Harris,ORL,42,1.5,20.5,1.34,2.0,0.7,1.4,51.7,72.4,3.1,7.8,3.1,1.6,48.4,85.1
198,Alex Caruso,CHI,59,1.5,24.4,0.98,1.5,0.5,1.0,54.2,59.3,13.6,21.6,12.5,2.3,47.7,21.4
199,Thomas Bryant,LAL,41,1.4,15.2,1.49,2.1,0.9,1.1,78.7,80.9,14.0,8.8,14.0,5.3,71.9,94.7
200,Alec Burks,DET,51,1.4,12.3,1.16,1.7,0.4,1.0,44.9,60.2,23.3,13.7,20.5,4.1,49.3,56.8
201,Seth Curry,BKN,54,1.5,16.2,1.08,1.6,0.6,1.3,42.3,57.0,3.8,6.3,1.3,0.0,41.8,36.7
202,Victor Oladipo,MIA,38,2.1,17.8,1.05,2.2,0.7,1.4,49.1,54.7,23.5,14.8,19.8,3.7,51.9,31.6
203,Georges Niang,PHI,68,1.0,14.1,1.2,1.2,0.4,1.0,44.6,63.8,2.9,7.1,2.9,2.9,41.4,65.5
204,Josh Richardson,SAS,43,1.9,16.7,1.02,2.0,0.6,1.4,44.3,54.1,13.4,13.4,11.0,1.2,45.1,27.2
205,Marcus Morris Sr.,LAC,63,1.3,11.4,1.02,1.3,0.5,1.1,47.1,57.1,2.4,12.2,1.2,0.0,42.7,27.2
206,Reggie Bullock,DAL,69,1.1,16.8,1.05,1.2,0.4,1.1,41.3,54.0,0.0,2.6,0.0,0.0,40.3,32.1
207,Donte DiVincenzo,GSW,63,1.6,16.4,0.83,1.3,0.4,1.2,37.0,47.9,7.1,19.4,6.1,1.0,33.7,7.8
208,Josh Christopher,HOU,54,1.1,18.3,1.33,1.5,0.6,0.9,68.1,70.2,15.0,10.0,13.3,3.3,65.0,84.1
209,Will Barton,WAS,41,2.0,24.0,0.94,1.9,0.7,1.6,40.9,50.0,9.5,13.1,9.5,1.2,40.5,18.0
210,Rui Hachimura,WAS,30,2.2,17.4,1.17,2.6,1.1,1.8,59.3,65.7,10.6,10.6,10.6,3.0,56.1,57.8
211,Yuta Watanabe,BKN,49,1.4,27.9,1.13,1.6,0.5,1.1,50.0,58.7,16.2,7.4,16.2,0.0,52.9,49.9
212,Chris Duarte,IND,45,1.8,20.3,0.95,1.7,0.6,1.5,42.4,49.2,11.1,9.9,11.1,2.5,43.2,19.4
213,Tre Mann,OKC,60,1.0,11.7,1.21,1.3,0.5,0.9,53.7,65.7,4.8,9.7,4.8,1.6,50.0,66.8
214,Al Horford,BOS,57,1.1,13.1,1.21,1.3,0.5,1.0,49.1,63.2,3.3,6.6,3.3,3.3,45.9,68.8
215,Kenrich Williams,OKC,53,1.2,15.7,1.19,1.4,0.6,1.0,56.6,63.2,11.3,6.5,11.3,3.2,56.5,64.1
216,Moritz Wagner,ORL,50,1.3,13.1,1.12,1.5,0.5,1.1,47.3,56.4,10.8,6.2,10.8,1.5,49.2,48.3
217,Clint Capela,ATL,56,0.8,8.3,1.53,1.3,0.6,0.8,78.6,78.6,14.9,2.1,14.9,6.4,76.6,96.2
218,Eric Gordon,HOU,47,1.6,12.0,0.99,1.5,0.6,1.3,47.5,55.1,6.8,13.7,6.8,1.4,43.8,22.5
219,Goran Dragic,CHI,51,1.4,19.6,0.99,1.4,0.5,1.1,48.1,53.7,15.1,13.7,15.1,2.7,46.6,22.5
220,Torrey Craig,PHX,68,1.1,14.5,0.95,1.1,0.4,0.8,45.6,57.9,5.3,21.1,5.3,1.3,38.2,19.0
221,Sam Hauser,BOS,71,0.9,16.7,1.16,1.0,0.4,0.8,46.3,64.8,3.3,8.2,3.3,0.0,42.6,56.3
222,Alperen Sengun,HOU,65,1.0,6.9,1.08,1.1,0.4,0.6,64.3,64.3,16.7,25.8,13.6,6.1,51.5,36.5
223,Khris Middleton,MIL,27,2.3,15.2,1.11,2.6,0.9,1.9,48.0,58.0,15.9,11.1,12.7,6.3,46.0,44.0
224,Wendell Carter Jr.,ORL,50,1.3,9.0,1.06,1.4,0.5,1.1,46.4,55.4,7.6,9.1,7.6,1.5,45.5,33.9
225,Luke Kennard,LAC,35,1.4,19.4,1.42,1.9,0.7,1.2,55.8,75.6,4.2,8.3,2.1,2.1,52.1,91.3
226,Jeremiah Robinson-Earl,OKC,36,1.4,19.8,1.39,1.9,0.8,1.1,65.9,70.7,14.3,4.1,14.3,2.0,65.3,89.1
227,Deandre Ayton,PHX,61,0.8,5.0,1.33,1.1,0.5,0.7,69.8,70.9,13.7,3.9,13.7,2.0,68.6,84.1
228,Lamar Stevens,CLE,54,1.1,19.7,1.17,1.3,0.5,0.9,59.6,59.6,15.5,8.6,15.5,5.2,58.6,59.2
229,Jarred Vanderbilt,UTA,52,1.4,17.4,0.92,1.3,0.5,0.8,61.4,62.5,16.2,24.3,14.9,0.0,50.0,16.0
230,Delon Wright,WAS,43,1.1,17.0,1.4,1.6,0.6,1.0,65.9,70.7,10.4,6.3,8.3,2.1,64.6,89.8
231,Isaiah Stewart,DET,50,1.5,13.2,0.88,1.3,0.5,1.1,45.6,50.0,10.5,14.5,10.5,0.0,44.7,13.4
232,Isaiah Livers,DET,46,0.9,14.7,1.57,1.4,0.5,0.8,63.9,87.5,9.5,4.8,7.1,0.0,61.9,97.8
233,Kyrie Irving,DAL,13,3.8,15.7,1.35,5.1,1.8,3.2,57.1,70.2,10.2,6.1,8.2,2.0,55.1,85.3
234,Precious Achiuwa,TOR,47,1.6,17.5,0.86,1.4,0.4,1.0,43.8,44.8,26.0,16.9,22.1,5.2,45.5,10.3
235,Malik Beasley,LAL,16,2.6,19.8,1.58,4.1,1.6,2.3,67.6,87.8,2.4,9.8,2.4,2.4,61.0,98.4
236,Ty Jerome,GSW,44,1.0,15.9,1.41,1.5,0.6,1.0,61.9,69.0,10.9,4.3,10.9,6.5,60.9,91.1
237,Jaxson Hayes,NOP,44,1.0,19.3,1.52,1.5,0.5,0.6,85.7,85.7,26.2,11.9,26.2,4.8,78.6,95.8
238,Anthony Lamb,GSW,53,1.0,14.5,1.24,1.2,0.5,0.8,60.0,68.8,11.8,11.8,11.8,2.0,54.9,72.6
239,Onyeka Okongwu,ATL,70,0.7,9.2,1.21,0.9,0.3,0.5,63.2,63.2,23.1,7.7,21.2,3.8,63.5,67.9
240,Ziaire Williams,MEM,37,1.5,24.7,1.17,1.7,0.7,1.2,60.5,65.1,9.3,14.8,9.3,3.7,53.7,57.8
241,Gabe Vincent,MIA,59,1.0,10.1,1.03,1.1,0.3,0.9,38.5,56.7,3.3,11.5,1.6,0.0,36.1,29.0
242,Oshae Brissett,IND,56,1.1,17.9,1.03,1.1,0.3,0.8,41.9,46.5,25.0,5.0,23.3,1.7,50.0,29.2
243,Danuel House Jr.,PHI,47,1.1,28.5,1.15,1.3,0.4,0.8,51.3,57.7,26.4,7.5,26.4,7.5,54.7,53.6
244,Marvin Bagley III,DET,35,1.1,10.0,1.54,1.7,0.6,0.8,75.0,76.8,25.6,2.6,25.6,0.0,79.5,96.9
245,Aleksej Pokusevski,OKC,31,1.9,19.5,1.03,1.9,0.7,1.4,52.3,60.2,8.6,15.5,8.6,0.0,46.6,29.4
246,Cameron Johnson,PHX,17,2.4,20.9,1.44,3.5,1.3,2.2,59.5,74.3,7.3,4.9,4.9,2.4,58.5,92.7
247,Cameron Johnson,BKN,16,2.8,18.7,1.31,3.7,1.0,1.8,57.1,73.2,24.4,15.6,20.0,2.2,57.8,82.8
248,Josh Hart,NYK,16,2.8,30.6,1.31,3.7,1.6,2.1,73.5,73.5,17.8,13.3,17.8,6.7,66.7,82.8
249,Nicolas Batum,LAC,69,0.8,13.0,1.11,0.8,0.2,0.6,39.5,55.8,13.5,7.7,13.5,3.8,42.3,45.0
250,Ochai Agbaji,UTA,48,1.2,19.6,1.04,1.2,0.5,1.1,47.2,53.8,1.8,3.6,1.8,0.0,46.4,29.7
251,Kevin Knox II,DET,42,1.2,21.8,1.16,1.4,0.5,0.9,53.8,64.1,10.2,12.2,10.2,2.0,51.0,55.9
252,Jaden Hardy,DAL,38,1.4,17.2,1.06,1.5,0.5,1.0,46.2,51.3,18.5,11.1,18.5,1.9,50.0,32.3
253,Vlatko Cancar,DEN,51,1.0,19.3,1.12,1.1,0.4,0.8,51.2,57.3,10.2,8.2,10.2,2.0,51.0,47.9
254,Austin Rivers,MIN,52,1.0,20.1,1.1,1.1,0.4,0.8,47.6,53.6,10.0,6.0,10.0,0.0,50.0,42.5
255,Rui Hachimura,LAL,24,2.1,21.8,1.1,2.3,0.9,1.7,52.5,56.3,12.0,8.0,12.0,0.0,54.0,42.5
256,MarJon Beauchamp,MIL,42,1.3,21.5,1.0,1.3,0.5,1.1,43.5,51.1,9.1,9.1,9.1,1.8,43.6,24.7
257,Ben Simmons,BKN,42,1.9,22.0,0.7,1.3,0.6,1.1,52.1,52.1,10.3,32.1,9.0,3.8,37.2,4.0
258,David Duke Jr.,BKN,9,1.3,30.8,0.75,1.0,0.4,1.1,40.0,40.0,8.0,17.0,8.0,8.0,33.0,7.9
259,Daniel Gafford,WAS,70,0.5,7.1,1.64,0.8,0.3,0.4,85.2,85.2,15.2,3.0,15.2,0.0,84.8,99.3
260,Dalano Banton,TOR,23,1.5,27.8,1.17,1.8,0.7,1.3,55.2,58.6,14.3,5.7,14.3,2.9,57.1,59.5
261,Saddiq Bey,ATL,15,2.2,24.3,1.64,3.6,1.3,2.0,63.3,81.7,9.1,3.0,9.1,3.0,63.6,99.3
262,Jae'Sean Tate,HOU,31,1.4,13.7,1.29,1.7,0.7,1.2,63.9,65.3,16.7,9.5,14.3,11.9,59.5,79.6
263,Jalen Duren,DET,58,0.7,9.0,1.29,0.9,0.4,0.6,75.8,75.8,11.9,9.5,14.3,2.4,69.0,79.6
264,Isaiah Roby,SAS,42,1.1,22.8,1.17,1.3,0.5,0.8,62.9,68.6,19.6,13.0,17.4,8.7,54.3,59.6
265,Mike Conley,UTA,43,1.1,9.9,1.13,1.3,0.5,0.9,51.3,66.7,4.2,16.7,4.2,2.1,43.8,48.9
266,Jonas Valanciunas,NOP,69,0.8,5.9,0.98,0.8,0.3,0.7,49.0,53.1,3.6,9.1,3.6,1.8,45.5,22.0
267,Mikal Bridges,BKN,17,3.4,15.4,0.93,3.2,0.9,2.6,36.4,42.0,20.7,8.6,15.5,5.2,43.1,17.1
268,Isaiah Jackson,IND,53,0.7,10.9,1.43,1.0,0.4,0.5,77.8,77.8,27.0,2.7,27.0,2.7,78.4,92.0
269,Jordan Goodwin,WAS,52,0.9,14.4,1.15,1.0,0.4,0.7,54.3,64.3,15.2,10.9,10.9,2.2,52.2,53.9
270,Pat Connaughton,MIL,53,1.2,14.7,0.84,1.0,0.4,1.1,32.8,42.2,3.2,4.8,3.2,0.0,33.3,9.4
271,Chimezie Metu,SAC,59,0.6,15.0,1.37,0.9,0.4,0.5,68.8,68.8,15.8,5.3,15.8,5.3,68.4,87.5
272,Kendrick Nunn,LAL,39,1.5,19.8,0.91,1.3,0.5,1.2,43.5,48.9,8.8,12.3,7.0,1.8,42.1,15.4
273,Landry Shamet,PHX,31,1.4,14.2,1.21,1.6,0.5,1.1,48.5,62.1,11.9,9.5,9.5,0.0,50.0,69.4
274,Jusuf Nurkic,POR,51,0.8,6.3,1.19,1.0,0.4,0.7,54.3,65.7,11.6,7.0,9.3,0.0,53.5,62.4
275,Andre Drummond,CHI,58,0.6,10.3,1.39,0.9,0.4,0.5,78.6,78.6,16.7,8.3,16.7,2.8,69.4,89.3
276,Patrick Beverley,LAL,45,1.2,18.0,0.91,1.1,0.4,0.9,40.5,52.4,5.5,18.2,3.6,0.0,36.4,15.0
277,Dorian Finney-Smith,DAL,40,1.3,14.2,0.94,1.2,0.5,1.2,40.8,49.0,1.9,3.8,0.0,0.0,40.4,18.3
278,Amir Coffey,LAC,45,0.9,21.5,1.2,1.1,0.3,0.6,51.7,56.9,27.5,2.5,22.5,2.5,60.0,65.5
279,Trendon Watford,POR,54,0.8,13.6,1.07,0.9,0.3,0.6,54.8,56.5,20.0,13.3,20.0,2.2,55.6,34.5
280,Cameron Payne,PHX,39,1.6,12.9,0.76,1.2,0.4,1.0,37.5,46.3,9.5,27.0,6.3,0.0,33.3,6.0
281,Ivica Zubac,LAC,67,0.5,5.2,1.38,0.7,0.3,0.3,78.3,78.3,23.5,8.8,26.5,2.9,73.5,88.6
282,T.J. Warren,BKN,27,1.4,16.0,1.27,1.7,0.7,1.0,64.3,66.1,16.2,10.8,16.2,2.7,62.2,77.5
283,Larry Nance Jr.,NOP,55,0.7,11.4,1.21,0.9,0.4,0.5,74.1,74.1,15.4,20.5,15.4,5.1,61.5,66.4
284,Xavier Tillman,MEM,52,0.8,12.6,1.18,0.9,0.3,0.5,64.3,66.1,25.0,10.0,25.0,5.0,60.0,60.1
285,Rudy Gay,UTA,55,1.1,18.3,0.76,0.9,0.3,0.9,34.7,40.8,6.5,14.5,6.5,0.0,33.9,5.6
286,Javonte Green,CHI,29,1.0,21.1,1.53,1.6,0.7,0.9,76.0,80.0,16.7,6.7,16.7,6.7,73.3,96.4
287,Moses Moody,GSW,56,0.8,17.0,1.09,0.8,0.3,0.6,51.6,62.9,14.3,16.7,14.3,4.8,47.6,41.4
288,Kevin Love,CLE,42,1.0,12.0,1.07,1.1,0.4,0.9,45.9,60.8,2.3,14.0,2.3,2.3,39.5,34.8
289,Jordan Nwora,IND,14,3.4,29.4,0.98,3.3,1.3,2.8,46.2,51.3,12.8,10.6,12.8,6.4,44.7,21.6
290,Nick Richards,CHA,58,0.5,7.4,1.55,0.8,0.3,0.3,78.9,78.9,34.5,10.3,34.5,10.3,75.9,97.3
291,Rodney McGruder,DET,32,1.0,17.8,1.45,1.4,0.4,0.7,63.6,81.8,16.1,12.9,12.9,0.0,61.3,93.1
292,Dwight Powell,DAL,67,0.5,8.6,1.41,0.7,0.3,0.4,70.8,70.8,21.9,6.3,25.0,6.3,68.8,90.2
293,Jakob Poeltl,SAS,46,0.8,6.9,1.22,1.0,0.4,0.6,69.2,69.2,24.3,13.5,24.3,8.1,62.2,69.9
294,Montrezl Harrell,PHI,51,0.6,11.5,1.52,0.9,0.3,0.4,77.3,77.3,24.1,6.9,24.1,6.9,75.9,95.5
295,Mo Bamba,ORL,40,0.8,11.7,1.47,1.1,0.4,0.7,60.7,75.0,6.7,3.3,6.7,3.3,60.0,94.2
296,Zach Collins,SAS,58,0.6,5.2,1.29,0.8,0.3,0.4,69.2,78.8,8.8,17.6,8.8,2.9,58.8,80.1
297,D'Angelo Russell,LAL,10,3.7,21.4,1.19,4.4,1.6,3.3,48.5,62.1,5.4,8.1,5.4,2.7,45.9,63.3
298,Cam Reddish,POR,16,2.4,20.0,1.16,2.8,1.0,1.8,57.1,64.3,18.4,15.8,18.4,7.9,52.6,55.0
299,Jordan McLaughlin,MIN,36,1.1,24.1,1.13,1.2,0.5,0.9,53.1,60.9,7.7,12.8,7.7,2.6,48.7,49.2
300,Devonte' Graham,NOP,53,0.8,14.8,1.05,0.8,0.2,0.6,41.9,54.8,14.3,14.3,14.3,2.4,42.9,30.9
301,Mike Muscala,OKC,43,0.8,14.6,1.26,1.0,0.3,0.7,46.9,67.2,0.0,5.9,0.0,0.0,44.1,76.4
302,Terrence Ross,ORL,42,0.8,10.2,1.23,1.0,0.4,0.8,50.0,67.2,0.0,8.6,0.0,0.0,45.7,71.7
303,Spencer Dinwiddie,BKN,17,2.9,15.4,0.88,2.5,0.8,2.1,40.0,48.6,16.3,16.3,14.3,4.1,40.8,12.9
304,Russell Westbrook,LAC,12,4.3,26.7,0.83,3.6,1.3,2.6,51.6,51.6,13.5,26.9,13.5,0.0,44.2,8.0
305,Devonte' Graham,SAS,14,2.6,18.3,1.14,3.0,0.9,1.9,48.1,64.8,13.5,16.2,13.5,2.7,45.9,50.3
306,Stanley Johnson,SAS,30,1.3,22.9,1.08,1.4,0.5,0.8,64.0,68.0,17.9,23.1,12.8,5.1,51.3,37.1
307,Kennedy Chandler,MEM,15,1.2,26.1,1.0,1.2,0.5,0.9,50.0,53.6,22.2,11.1,22.0,11.1,50.0,29.4
308,JaMychal Green,GSW,53,0.6,10.4,1.24,0.8,0.3,0.5,50.0,58.9,12.1,3.0,12.1,0.0,54.5,74.2
309,Nassir Little,POR,49,0.8,13.0,1.08,0.8,0.3,0.6,59.3,63.0,13.2,18.4,13.2,2.6,50.0,38.3
310,Chris Paul,PHX,50,1.2,8.1,0.71,0.8,0.3,0.9,30.4,41.3,3.4,17.2,1.7,0.0,27.6,4.2
311,Robert Williams III,BOS,29,0.8,11.7,1.82,1.4,0.7,0.7,100.0,100.0,4.5,4.5,4.5,0.0,90.9,99.8
312,Mark Williams,CHA,38,0.7,9.9,1.54,1.1,0.4,0.5,85.0,85.0,23.1,7.7,23.1,7.7,73.1,96.9
313,Kevon Looney,GSW,73,0.4,6.5,1.38,0.5,0.2,0.3,69.6,69.6,31.0,3.4,31.0,13.8,72.4,88.4
314,Cam Reddish,NYK,20,1.6,19.9,1.21,2.0,0.7,1.3,52.0,52.0,24.2,3.0,24.2,3.0,60.6,68.5
315,Cory Joseph,DET,54,0.6,9.2,1.21,0.7,0.3,0.6,46.9,60.9,3.0,3.0,3.0,3.0,45.5,68.5
316,Ousmane Dieng,OKC,29,1.2,20.6,1.14,1.4,0.6,1.0,60.7,66.1,11.4,11.4,11.4,2.9,54.3,51.3
317,Joe Ingles,MIL,37,1.1,15.8,0.98,1.1,0.3,0.9,34.3,50.0,4.9,9.8,4.9,0.0,34.1,21.2
318,Dyson Daniels,NOP,50,1.0,21.1,0.77,0.8,0.3,0.7,42.9,44.3,17.3,23.1,13.5,7.7,38.5,6.5
319,Max Christie,LAL,38,0.8,23.8,1.3,1.0,0.3,0.6,57.1,71.4,16.7,13.3,16.7,0.0,56.7,81.0
320,Duane Washington Jr.,PHX,31,1.2,12.0,1.08,1.3,0.4,0.9,44.4,63.0,8.3,19.4,5.6,2.8,38.9,39.1
321,Kai Jones,CHA,38,0.7,24.1,1.41,1.0,0.4,0.6,69.6,69.6,14.8,3.7,11.1,3.7,70.4,90.4
322,Dean Wade,CLE,39,0.7,15.9,1.36,1.0,0.4,0.6,60.0,72.0,10.7,3.6,7.1,3.6,57.1,86.4
323,Derrick Jones Jr.,CHI,54,0.6,14.8,1.09,0.7,0.3,0.5,53.8,59.6,14.3,14.3,14.3,2.9,51.4,39.9
324,Jordan Nwora,MIL,38,1.0,14.9,1.03,1.0,0.4,0.7,53.8,63.5,8.1,24.3,8.1,2.7,43.2,28.1
325,Drew Eubanks,POR,69,0.4,7.0,1.48,0.5,0.2,0.3,83.3,86.1,24.0,16.0,24.0,12.0,68.0,94.4
326,Davon Reed,DEN,23,0.7,20.3,1.0,0.7,0.2,0.5,45.5,63.6,12.5,18.8,6.3,0.0,43.8,27.7
327,Nickeil Alexander-Walker,UTA,36,1.2,18.2,0.88,1.0,0.4,0.9,45.2,50.0,9.5,16.7,9.5,0.0,42.9,13.1
328,Payton Pritchard,BOS,45,1.0,18.9,0.8,0.8,0.3,0.8,40.5,44.6,6.5,15.2,6.5,2.2,37.0,7.1
329,Romeo Langford,SAS,37,1.2,16.6,0.8,1.0,0.4,1.1,40.0,42.5,4.3,8.7,4.3,0.0,39.1,7.1
330,Haywood Highsmith,MIA,48,0.7,14.4,1.0,0.7,0.3,0.6,46.4,57.1,5.7,14.3,2.9,0.0,42.9,24.7
331,Derrick Rose,NYK,27,1.4,20.3,0.92,1.3,0.5,1.1,46.7,58.3,0.0,18.4,2.6,0.0,36.8,16.3
332,Darius Bazley,OKC,36,1.1,18.6,0.9,1.0,0.4,0.7,50.0,51.9,17.9,15.4,17.9,0.0,51.3,14.3
333,Robert Covington,LAC,40,1.1,17.7,0.83,0.9,0.3,0.9,36.1,43.1,7.1,7.1,7.1,0.0,38.1,8.5
334,Blake Wesley,SAS,27,1.7,22.5,0.76,1.3,0.5,1.3,40.0,42.9,8.7,15.2,8.7,0.0,39.1,5.8
335,Jock Landale,PHX,62,0.4,6.7,1.31,0.5,0.2,0.3,60.0,62.5,26.9,3.8,23.1,7.7,65.4,82.1
336,Steven Adams,MEM,42,0.8,8.0,1.06,0.8,0.4,0.5,69.6,69.6,9.4,18.8,9.4,0.0,56.3,34.1
337,Miles McBride,NYK,56,0.6,14.6,1.03,0.6,0.2,0.4,50.0,56.8,21.2,15.2,15.2,3.0,48.5,28.3
338,Simone Fontecchio,UTA,42,1.0,16.9,0.81,0.8,0.2,0.8,28.1,35.9,16.7,9.5,16.7,2.4,33.3,7.6
339,Luke Kennard,MEM,15,1.5,22.3,1.44,2.2,0.7,1.2,55.6,83.3,8.7,13.0,8.7,0.0,52.2,92.4
340,Kira Lewis Jr.,NOP,22,1.1,24.3,1.32,1.5,0.5,0.9,63.2,68.4,16.0,8.0,16.0,4.0,60.0,83.3
341,Evan Fournier,NYK,23,1.2,14.8,1.22,1.4,0.5,1.0,47.8,65.2,7.4,7.4,7.4,0.0,48.1,71.2
342,Justise Winslow,POR,29,1.2,14.1,0.92,1.1,0.4,0.8,54.5,54.5,19.4,19.4,16.7,0.0,52.8,15.6
343,Keon Johnson,POR,31,0.9,15.8,0.86,0.8,0.4,0.7,50.0,54.5,0.0,21.4,0.0,0.0,39.3,11.1
344,Malachi Flynn,TOR,46,0.8,16.2,0.87,0.7,0.3,0.7,37.5,48.4,10.5,10.5,7.9,5.3,36.8,12.2
345,Brandon Boston Jr.,LAC,21,1.0,15.0,1.46,1.5,0.6,1.0,61.9,69.0,13.6,0.0,13.6,9.1,63.6,93.3
346,R.J. Hampton,ORL,26,1.0,16.7,1.28,1.2,0.4,0.7,57.9,63.2,24.0,8.0,24.0,8.0,60.0,78.6
347,Wenyen Gabriel,LAL,58,0.5,10.1,1.03,0.6,0.2,0.4,56.5,60.9,16.1,16.1,16.1,6.5,48.4,28.7
348,Lindy Waters III,OKC,36,1.0,23.1,0.86,0.9,0.3,0.9,30.3,40.9,8.1,2.7,8.1,0.0,35.1,11.8
349,James Bouknight,CHA,26,1.5,25.0,0.84,1.2,0.4,1.0,44.0,50.0,13.2,21.1,13.2,0.0,39.5,9.6
350,Daishen Nix,HOU,48,1.0,17.1,0.64,0.7,0.3,0.8,33.3,43.1,2.0,26.0,2.0,0.0,26.0,3.3
351,Jalen McDaniels,PHI,15,1.1,21.3,1.82,2.1,0.7,1.0,73.3,76.7,35.3,0.0,35.3,23.5,76.5,100.0
352,Eric Gordon,LAC,14,1.6,17.6,1.3,2.1,0.8,1.5,52.4,66.7,4.3,4.3,4.3,0.0,52.2,81.7
353,Theo Maledon,CHA,36,1.0,16.7,0.83,0.8,0.3,0.8,37.0,37.0,16.7,13.9,13.9,5.6,38.9,8.5
354,Mike Conley,MIN,15,1.6,13.5,1.21,1.9,0.7,1.4,52.4,69.0,0.0,12.5,0.0,0.0,45.8,66.6
355,Kris Dunn,UTA,11,2.5,22.4,1.04,2.6,1.0,2.0,50.0,52.3,17.9,3.6,14.3,0.0,53.6,29.7
356,Aaron Holiday,ATL,55,0.7,15.8,0.78,0.5,0.2,0.6,35.5,41.9,8.1,13.5,8.1,5.4,32.4,6.7
357,Jaylin Williams,OKC,41,0.6,10.5,1.12,0.7,0.3,0.5,52.4,64.3,4.0,12.0,4.0,0.0,48.0,46.6
358,Saben Lee,PHX,20,1.4,21.7,1.0,1.4,0.4,1.0,42.1,42.1,28.6,7.1,25.0,3.6,53.6,24.7
359,Garrison Mathews,HOU,45,0.8,18.4,0.76,0.6,0.2,0.7,22.6,32.3,10.8,5.4,8.1,0.0,29.7,5.3
360,Anthony Gill,WAS,45,0.3,12.4,1.6,0.5,0.2,0.3,76.9,76.9,20.0,6.7,20.0,13.3,73.3,99.1
361,Zeke Nnaji,DEN,45,0.4,10.0,1.35,0.6,0.2,0.4,68.8,71.9,15.0,10.0,15.0,5.0,65.0,85.7
362,Frank Ntilikina,DAL,43,0.7,22.1,0.87,0.6,0.2,0.5,40.0,45.0,19.4,16.1,19.4,0.0,41.9,12.5
363,Dorian Finney-Smith,BKN,18,1.8,21.3,0.84,1.5,0.5,1.4,36.0,48.0,9.4,15.6,9.4,3.1,34.4,9.8
364,Patty Mills,BKN,38,0.7,12.3,0.93,0.7,0.2,0.6,39.1,47.8,7.1,10.7,3.6,0.0,39.3,16.7
365,James Wiseman,GSW,21,0.8,12.7,1.56,1.2,0.5,0.6,76.9,80.8,25.0,6.3,25.0,12.5,68.8,97.6
366,Christian Koloko,TOR,49,0.4,12.1,1.19,0.5,0.2,0.4,55.6,55.6,19.0,0.0,19.0,4.8,57.1,63.6
367,Matisse Thybulle,POR,15,1.4,18.8,1.19,1.7,0.7,1.2,55.6,61.1,14.3,4.8,14.3,4.8,57.1,63.6
368,Jarred Vanderbilt,LAL,16,1.8,22.0,0.89,1.6,0.6,1.1,52.9,52.9,17.9,21.4,17.9,0.0,50.0,13.8
369,Duncan Robinson,MIA,35,0.8,12.7,0.86,0.7,0.3,0.8,33.3,46.3,0.0,6.9,0.0,0.0,31.0,11.4
370,Bryce McGowens,CHA,37,0.8,18.1,0.83,0.7,0.2,0.6,42.9,45.2,13.3,16.7,13.3,0.0,43.3,8.5
371,Eugene Omoruyi,DET,10,1.8,20.0,1.33,2.4,1.1,1.7,64.7,67.6,11.1,0.0,5.6,5.6,66.7,84.1
372,R.J. Hampton,DET,11,1.8,23.5,1.2,2.2,0.8,1.3,64.3,71.4,20.0,15.0,20.0,5.0,60.0,65.5
373,Davis Bertans,DAL,40,0.6,16.9,0.96,0.6,0.3,0.6,43.5,52.2,0.0,8.0,0.0,0.0,40.0,20.3
374,TyTy Washington Jr.,HOU,31,0.9,15.9,0.86,0.8,0.3,0.7,39.1,45.7,7.1,10.7,7.1,0.0,39.3,10.3
375,Thaddeus Young,TOR,54,0.5,11.1,0.86,0.4,0.2,0.3,55.6,55.6,10.7,25.0,10.7,0.0,46.4,10.3
376,Ricky Rubio,CLE,25,1.2,16.9,0.8,1.0,0.3,0.8,35.0,47.5,13.3,20.0,3.3,0.0,36.7,6.9
377,Jakob Poeltl,TOR,16,1.1,8.6,1.35,1.4,0.7,1.0,68.8,68.8,11.8,0.0,11.8,5.9,70.6,86.2
378,Juan Toscano-Anderson,LAL,30,0.6,20.0,1.28,0.8,0.3,0.4,69.2,69.2,22.2,11.1,22.2,5.6,66.7,78.1
379,Josh Richardson,NOP,13,1.5,17.1,1.15,1.8,0.5,1.1,50.0,57.1,30.0,5.0,30.0,5.0,55.0,53.0
380,Paul Reed,PHI,58,0.3,8.7,1.22,0.4,0.2,0.2,76.9,76.9,11.1,22.2,11.1,5.6,61.1,71.2
381,Eugene Omoruyi,OKC,23,0.9,16.0,1.1,1.0,0.3,0.7,53.3,53.3,25.0,5.0,20.0,5.0,60.0,42.5
382,Wesley Matthews,MIL,41,0.6,15.9,0.92,0.5,0.2,0.6,34.8,47.8,0.0,4.2,0.0,0.0,33.3,15.6
383,JT Thor,CHA,60,0.7,19.4,0.55,0.4,0.2,0.5,30.0,33.3,7.5,17.5,5.0,0.0,27.5,2.2
384,George Hill,MIL,35,0.7,14.0,0.84,0.6,0.2,0.5,42.1,47.4,12.0,12.0,4.0,0.0,40.0,9.1
385,Jamal Cain,MIA,15,0.9,23.0,1.43,1.3,0.6,0.9,69.2,69.2,7.1,0.0,7.1,0.0,71.4,91.7
386,Dario Saric,OKC,15,0.9,12.8,1.43,1.3,0.5,0.7,63.6,72.7,21.4,14.3,21.4,14.3,57.1,91.7
387,Kevin Love,MIA,13,1.2,13.9,1.25,1.5,0.5,0.8,70.0,90.0,6.3,31.3,6.3,0.0,50.0,75.1
388,Justin Holiday,ATL,28,0.6,13.0,1.11,0.7,0.3,0.6,50.0,62.5,0.0,11.1,0.0,0.0,44.4,44.0
389,Terrence Ross,PHX,10,1.2,14.3,1.58,1.9,0.7,1.2,58.3,79.2,0.0,0.0,0.0,0.0,58.3,98.2
390,Nikola Jovic,MIA,15,0.9,14.9,1.46,1.3,0.4,0.5,75.0,75.0,38.5,15.4,38.5,15.4,69.2,93.8
391,Mitchell Robinson,NYK,51,0.3,4.1,1.46,0.4,0.1,0.2,70.0,70.0,23.1,0.0,23.1,0.0,76.9,93.8
392,Sandro Mamukelashvili,SAS,9,1.7,17.9,1.27,2.1,0.6,1.0,55.6,66.7,33.3,13.3,26.7,6.7,60.0,77.2
393,Dario Saric,PHX,37,0.4,6.6,1.27,0.5,0.2,0.3,58.3,66.7,20.0,13.3,20.0,13.3,53.3,77.2
394,Dewayne Dedmon,MIA,30,0.6,11.4,1.0,0.6,0.2,0.5,42.9,53.6,15.8,15.8,10.5,5.3,42.1,24.7
395,Kendrick Nunn,WAS,22,1.2,19.6,0.7,0.9,0.3,1.0,28.6,31.0,11.1,11.1,11.1,0.0,33.3,3.8
396,Bismack Biyombo,PHX,51,0.3,5.9,1.39,0.4,0.2,0.2,80.0,80.0,15.4,15.4,15.4,7.7,69.2,88.9
397,Nickeil Alexander-Walker,MIN,14,1.4,18.9,0.9,1.3,0.5,1.4,35.0,45.0,0.0,0.0,0.0,0.0,35.0,14.5
398,George Hill,IND,6,2.2,48.1,1.31,2.8,1.0,1.8,54.5,68.2,7.7,7.7,7.7,0.0,53.8,82.1
399,Matisse Thybulle,PHI,49,0.4,14.7,0.9,0.3,0.1,0.3,41.2,44.1,5.3,5.3,5.3,0.0,42.1,14.0
400,Otto Porter Jr.,TOR,8,1.3,27.0,1.6,2.0,0.8,1.0,75.0,93.8,10.0,20.0,10.0,10.0,60.0,98.7
401,Raul Neto,CLE,45,0.3,10.8,1.23,0.4,0.1,0.2,75.0,75.0,15.4,23.1,15.4,0.0,61.5,72.1
402,Ish Smith,DEN,31,0.5,10.2,0.5,0.2,0.1,0.2,50.0,50.0,7.1,50.0,7.1,0.0,28.6,1.4
403,Kevon Harris,ORL,31,0.6,16.5,0.89,0.5,0.2,0.5,41.2,44.1,5.6,5.6,5.6,5.6,38.9,13.6
404,Cade Cunningham,DET,12,2.4,10.3,0.55,1.3,0.5,1.6,31.6,36.8,6.9,27.6,3.4,0.0,24.1,2.4
405,Ish Wainright,PHX,53,0.6,14.0,0.48,0.3,0.1,0.5,21.4,26.8,6.1,9.1,3.0,0.0,21.2,1.1
406,Luke Kornet,BOS,60,0.2,5.5,1.5,0.3,0.1,0.1,75.0,75.0,20.0,0.0,20.0,0.0,80.0,95.1
407,Jake LaRavia,MEM,33,0.6,17.7,0.75,0.5,0.2,0.5,40.0,46.7,5.0,25.0,5.0,5.0,30.0,5.1
408,Blake Griffin,BOS,34,0.4,9.0,1.08,0.4,0.2,0.3,54.5,59.1,7.7,15.4,7.7,7.7,46.2,37.1
409,Maxi Kleber,DAL,30,0.4,7.6,1.08,0.5,0.2,0.4,54.5,63.6,7.7,0.0,15.4,0.0,46.2,37.1
410,Usman Garuba,HOU,65,0.2,6.5,1.0,0.2,0.1,0.1,66.7,66.7,21.4,28.6,21.4,14.3,50.0,24.7
411,Furkan Korkmaz,PHI,25,0.6,13.2,0.64,0.4,0.1,0.4,18.2,23.0,21.4,7.1,14.3,7.0,28.6,2.8
412,Juancho Hernangomez,TOR,42,0.5,14.0,0.74,0.3,0.1,0.4,37.5,43.8,0.0,15.8,0.0,0.0,31.6,4.7
413,Mason Plumlee,LAC,14,0.8,11.5,1.18,0.9,0.4,0.6,75.0,75.0,9.1,18.2,9.1,0.0,63.6,61.6
414,Trent Forrest,ATL,20,0.6,19.0,1.08,0.7,0.3,0.5,60.0,60.0,8.3,8.3,8.3,0.0,58.3,39.1
415,Willy Hernangomez,NOP,36,0.3,4.8,1.08,0.4,0.1,0.2,50.0,50.0,25.0,16.7,25.0,8.3,50.0,39.1
416,Svi Mykhailiuk,CHA,10,1.5,30.6,0.87,1.3,0.5,1.3,38.5,46.2,13.3,6.7,13.3,6.7,40.0,12.0
417,Charles Bassey,SAS,35,0.3,5.7,1.09,0.3,0.1,0.2,62.5,62.5,18.2,9.1,9.1,0.0,63.6,40.5
418,Justin Holiday,DAL,11,1.2,23.6,0.92,1.1,0.5,1.0,45.5,54.5,7.7,7.7,7.7,0.0,38.5,16.5
419,Bryn Forbes,MIN,25,0.6,13.9,0.86,0.5,0.2,0.5,33.3,41.7,7.1,7.1,7.1,0.0,35.7,10.3
420,James Wiseman,DET,15,0.9,7.0,0.86,0.8,0.3,0.7,45.5,45.5,7.1,14.3,7.1,0.0,42.9,10.3
421,Matt Ryan,LAL,12,0.8,18.5,1.1,0.9,0.3,0.8,40.0,55.0,0.0,0.0,0.0,0.0,40.0,42.5
422,Admiral Schofield,ORL,32,0.3,10.2,1.0,0.3,0.1,0.3,44.4,44.4,18.2,9.1,18.2,9.1,45.5,24.7
423,McKinley Wright IV,DAL,24,0.5,13.8,0.85,0.5,0.2,0.4,55.6,61.1,7.7,30.8,7.7,7.7,38.5,10.0
424,Caleb Houstan,ORL,43,0.4,11.5,0.5,0.2,0.1,0.4,17.6,26.5,0.0,5.6,0.0,0.0,16.7,1.3
425,Gorgui Dieng,SAS,25,0.5,11.7,0.67,0.3,0.1,0.4,27.3,36.4,0.0,8.3,0.0,0.0,25.0,3.6
426,Isaiah Hartenstein,NYK,73,0.3,5.3,0.4,0.1,0.1,0.2,28.6,28.6,0.0,30.0,0.0,0.0,20.0,0.2
427,P.J. Tucker,PHI,66,0.3,8.3,0.4,0.1,0.0,0.3,11.8,17.6,5.0,10.0,5.0,0.0,15.0,0.2
428,Jae Crowder,MIL,11,1.0,20.0,0.64,0.6,0.2,0.7,25.0,31.3,18.2,18.2,18.2,9.1,27.3,3.1
429,Chuma Okeke,ORL,23,0.7,13.3,0.4,0.3,0.0,0.5,8.3,8.3,13.3,6.7,13.3,0.0,20.0,0.2
430,Johnny Juzang,UTA,9,1.1,25.0,0.5,0.6,0.2,1.1,20.0,25.0,0.0,0.0,0.0,0.0,20.0,1.3
431,Kessler Edwards,SAC,12,0.8,21.3,0.3,0.3,0.1,0.6,14.3,14.3,10.0,20.0,10.0,0.0,20.0,0.0
