,PLAYER,TEAM,GP,W,L,MIN,Touches,Elbow Touches,FGM,FGA,FG%,FTM,FTA,FT%,PTS,PTS%,PASS,PASS%,AST,AST%,TO,TOV%,PF,PF%
0,A.J. Lawson,DAL,13,5,8,4.8,4.8,0.0,0.0,0.0,0.0,0.0,0.0,0.0,0.0,0.0,0.0,0.0,0.0,0.0,0.0,0.0,0.0,0.0
1,AJ Green,MIL,29,23,6,9.8,12.5,0.1,0.0,0.0,0.0,0.0,0.0,0.0,0.0,0.0,0.1,66.7,0.0,50.0,0.0,0.0,0.0,0.0
2,AJ Griffin,ATL,59,28,31,19.9,21.4,0.5,0.2,0.3,73.3,0.0,0.0,0.0,0.4,82.1,0.2,32.1,0.0,22.2,0.0,7.1,0.0,0.0
3,Aaron Gordon,DEN,52,38,14,30.0,42.4,1.8,0.3,0.5,59.3,0.3,0.4,65.0,0.9,50.0,1.1,57.3,0.2,18.2,0.1,3.1,0.2,9.4
4,Aaron Holiday,ATL,52,28,24,14.0,20.4,0.1,0.0,0.1,25.0,0.0,0.0,0.0,0.0,28.6,0.1,42.9,0.0,33.3,0.0,0.0,0.0,0.0
5,Aaron Nesmith,IND,57,24,33,24.4,34.2,0.4,0.2,0.2,83.3,0.0,0.0,0.0,0.4,90.9,0.1,36.4,0.0,0.0,0.0,9.1,0.0,0.0
6,Aaron Wiggins,OKC,51,26,25,19.0,22.0,0.6,0.1,0.2,36.4,0.1,0.1,100.0,0.2,34.5,0.3,48.3,0.0,7.1,0.1,10.3,0.0,3.4
7,Admiral Schofield,ORL,30,12,18,12.0,18.4,0.4,0.1,0.2,66.7,0.0,0.0,0.0,0.3,61.5,0.2,53.8,0.1,28.6,0.0,0.0,0.0,0.0
8,Al Horford,BOS,50,35,15,30.8,46.3,1.2,0.2,0.3,52.9,0.0,0.0,0.0,0.4,31.7,0.8,66.7,0.3,35.0,0.0,3.3,0.0,0.0
9,Alec Burks,DET,49,12,37,22.0,34.5,0.3,0.1,0.2,44.4,0.0,0.0,0.0,0.2,62.5,0.1,43.8,0.0,28.6,0.0,0.0,0.0,0.0
10,Aleksej Pokusevski,OKC,31,15,16,21.9,44.4,1.6,0.5,0.7,65.2,0.0,0.1,50.0,1.0,60.8,0.7,43.1,0.0,0.0,0.2,9.8,0.0,2.0
11,Alex Caruso,CHI,53,22,31,24.1,45.5,0.8,0.1,0.2,40.0,0.0,0.0,0.0,0.2,18.6,0.5,67.4,0.1,24.1,0.0,4.7,0.0,0.0
12,Alex Len,SAC,14,9,5,3.4,6.1,1.3,0.1,0.4,40.0,0.1,0.1,100.0,0.4,33.3,0.7,55.6,0.1,10.0,0.1,11.1,0.1,5.6
13,Alize Johnson,SAS,4,1,3,7.4,11.5,0.0,0.0,0.0,0.0,0.0,0.0,0.0,0.0,0.0,0.0,0.0,0.0,0.0,0.0,0.0,0.0,0.0
14,Alondes Williams,BKN,1,1,0,5.3,9.0,0.0,0.0,0.0,0.0,0.0,0.0,0.0,0.0,0.0,0.0,0.0,0.0,0.0,0.0,0.0,0.0,0.0
15,Alperen Sengun,HOU,57,10,47,28.2,54.2,5.3,1.1,2.2,52.8,0.6,0.8,68.8,2.9,55.3,2.1,40.7,0.4,20.5,0.4,7.0,0.4,7.3
16,Amir Coffey,LAC,43,21,22,13.7,14.9,0.1,0.0,0.0,0.0,0.0,0.0,50.0,0.0,16.7,0.1,66.7,0.0,0.0,0.0,0.0,0.0,16.7
17,Andre Drummond,CHI,51,22,29,13.1,18.3,1.8,0.4,0.8,55.0,0.3,0.5,54.2,1.1,63.7,0.6,31.9,0.1,13.8,0.2,8.8,0.2,13.2
18,Andre Iguodala,GSW,2,0,2,12.3,21.0,1.0,0.0,0.0,0.0,0.0,0.0,0.0,0.0,0.0,1.0,100.0,0.0,0.0,0.0,0.0,0.0,0.0
19,Andrew Nembhard,IND,57,25,32,26.9,43.7,0.5,0.1,0.2,60.0,0.0,0.0,0.0,0.2,46.2,0.2,53.8,0.0,14.3,0.0,7.7,0.0,0.0
20,Andrew Wiggins,GSW,36,18,18,32.3,46.2,0.7,0.3,0.4,56.3,0.1,0.1,75.0,0.6,80.8,0.2,26.9,0.0,14.3,0.0,0.0,0.1,7.7
21,Anfernee Simons,POR,57,27,30,35.3,68.4,0.3,0.2,0.2,69.2,0.0,0.0,0.0,0.3,118.8,0.0,12.5,0.0,50.0,0.0,6.3,0.0,0.0
22,Anthony Davis,LAL,39,18,21,33.3,67.7,4.9,1.4,2.7,52.8,0.6,0.7,92.3,3.6,72.5,1.5,29.5,0.3,22.8,0.3,5.2,0.3,6.2
23,Anthony Edwards,MIN,65,33,32,36.3,72.5,0.5,0.1,0.2,69.2,0.0,0.0,100.0,0.3,65.6,0.2,37.5,0.0,25.0,0.1,15.6,0.0,3.1
24,Anthony Gill,WAS,42,17,25,10.0,10.0,0.5,0.1,0.2,75.0,0.0,0.0,0.0,0.3,60.0,0.3,55.0,0.0,18.2,0.0,0.0,0.0,0.0
25,Anthony Lamb,GSW,48,27,21,19.9,33.7,0.7,0.1,0.2,62.5,0.0,0.0,50.0,0.2,33.3,0.4,63.6,0.1,19.0,0.0,6.1,0.0,3.0
26,Austin Reaves,LAL,46,22,24,27.5,36.5,0.6,0.1,0.2,55.6,0.1,0.1,80.0,0.3,44.4,0.3,55.6,0.1,26.7,0.0,0.0,0.1,11.1
27,Austin Rivers,MIN,49,24,25,20.4,23.9,0.1,0.0,0.0,100.0,0.0,0.0,0.0,0.1,100.0,0.0,25.0,0.0,0.0,0.0,0.0,0.0,0.0
28,Ayo Dosunmu,CHI,61,28,33,27.8,47.3,0.2,0.1,0.1,85.7,0.0,0.0,100.0,0.2,100.0,0.1,35.7,0.0,0.0,0.0,7.1,0.0,7.1
29,Bam Adebayo,MIA,59,30,29,35.0,63.8,7.1,2.1,3.6,58.5,0.6,0.8,74.0,4.9,69.0,2.5,35.8,0.4,14.7,0.4,5.5,0.4,6.0
30,Ben Simmons,BKN,42,24,18,26.3,61.4,2.3,0.4,0.7,51.6,0.0,0.1,25.0,0.8,34.4,1.4,59.4,0.3,21.1,0.0,2.1,0.0,2.1
31,Bennedict Mathurin,IND,64,28,36,28.0,41.6,1.2,0.3,0.5,66.7,0.3,0.4,79.2,1.1,89.6,0.4,33.8,0.0,11.5,0.0,3.9,0.2,15.6
32,Bismack Biyombo,PHX,46,25,21,14.0,23.1,2.5,0.4,0.8,51.4,0.1,0.2,37.5,0.9,35.0,1.5,57.3,0.3,17.9,0.1,4.3,0.1,3.4
33,Blake Griffin,BOS,27,17,10,14.1,20.6,1.1,0.3,0.4,72.7,0.1,0.1,50.0,0.7,58.1,0.6,54.8,0.1,23.5,0.0,0.0,0.1,6.5
34,Blake Wesley,SAS,18,4,14,14.9,28.4,0.4,0.1,0.1,50.0,0.1,0.1,50.0,0.2,42.9,0.2,57.1,0.0,0.0,0.0,0.0,0.1,14.3
35,Boban Marjanovic,HOU,22,1,21,4.4,5.9,0.5,0.3,0.3,85.7,0.0,0.1,50.0,0.7,136.4,0.1,18.2,0.0,50.0,0.0,9.1,0.0,9.1
36,Bobby Portis,MIL,51,34,17,26.1,51.3,1.5,0.4,0.6,68.8,0.0,0.0,50.0,0.9,59.2,0.7,50.0,0.1,15.8,0.1,5.3,0.0,1.3
37,Bogdan Bogdanovic,ATL,38,19,19,29.2,42.1,0.7,0.2,0.3,53.8,0.0,0.0,0.0,0.4,50.0,0.4,50.0,0.1,21.4,0.0,0.0,0.0,0.0
38,Bojan Bogdanovic,DET,58,15,43,32.0,46.6,0.8,0.3,0.5,58.1,0.1,0.1,100.0,0.7,95.5,0.2,20.5,0.0,22.2,0.0,2.3,0.0,4.5
39,Bol Bol,ORL,59,24,35,22.5,23.8,0.4,0.2,0.2,85.7,0.0,0.0,100.0,0.5,112.5,0.1,33.3,0.0,25.0,0.0,4.2,0.0,4.2
40,Bones Hyland,LAC,47,30,17,19.0,45.4,0.2,0.1,0.1,75.0,0.0,0.0,0.0,0.1,60.0,0.1,50.0,0.0,20.0,0.0,10.0,0.0,0.0
41,Bradley Beal,WAS,40,22,18,33.1,66.6,2.0,0.5,1.0,51.2,0.1,0.1,100.0,1.2,62.0,0.8,39.2,0.1,16.1,0.1,5.1,0.1,2.5
42,Brandon Boston Jr.,LAC,21,8,13,11.7,20.3,0.1,0.0,0.1,50.0,0.0,0.0,0.0,0.1,100.0,0.0,0.0,0.0,0.0,0.0,0.0,0.0,0.0
43,Brandon Clarke,MEM,56,32,24,19.5,28.5,4.3,1.1,1.6,65.2,0.1,0.3,57.1,2.4,55.4,2.3,53.8,0.4,15.5,0.1,2.9,0.1,2.9
44,Brandon Ingram,NOP,29,13,16,33.0,65.4,1.8,0.7,0.9,73.1,0.2,0.2,100.0,1.6,88.5,0.7,38.5,0.3,40.0,0.0,1.9,0.1,3.8
45,Braxton Key,DET,3,0,3,3.0,3.3,0.0,0.0,0.0,0.0,0.0,0.0,0.0,0.0,0.0,0.0,0.0,0.0,0.0,0.0,0.0,0.0,0.0
46,Brook Lopez,MIL,61,44,17,30.3,33.8,2.3,0.4,0.9,50.0,0.2,0.2,71.4,1.0,45.1,1.2,50.0,0.2,15.5,0.1,6.3,0.1,4.9
47,Bruce Brown,DEN,63,45,18,28.5,52.1,0.8,0.3,0.5,71.0,0.0,0.1,50.0,0.8,90.6,0.3,32.1,0.1,23.5,0.0,5.7,0.0,3.8
48,Bruno Fernando,ATL,33,10,23,11.2,20.1,1.5,0.2,0.5,41.2,0.1,0.1,50.0,0.5,34.7,0.7,49.0,0.0,4.2,0.1,4.1,0.1,4.1
49,Bryce McGowens,CHA,29,9,20,14.4,15.1,0.1,0.0,0.0,0.0,0.0,0.0,0.0,0.0,0.0,0.0,50.0,0.0,0.0,0.0,0.0,0.0,0.0
50,Bryn Forbes,MIN,25,9,16,10.7,11.9,0.0,0.0,0.0,0.0,0.0,0.0,0.0,0.0,0.0,0.0,100.0,0.0,0.0,0.0,0.0,0.0,0.0
51,Buddy Boeheim,DET,1,0,1,1.0,0.0,0.0,0.0,0.0,0.0,0.0,0.0,0.0,0.0,0.0,0.0,0.0,0.0,0.0,0.0,0.0,0.0,0.0
52,Buddy Hield,IND,64,28,36,32.0,60.1,0.4,0.1,0.1,71.4,0.0,0.0,0.0,0.2,52.2,0.2,56.5,0.0,7.7,0.0,13.0,0.0,0.0
53,CJ McCollum,NOP,57,27,30,35.1,75.0,0.9,0.2,0.4,56.0,0.0,0.0,100.0,0.6,67.3,0.4,40.8,0.1,15.0,0.1,6.1,0.0,2.0
54,Cade Cunningham,DET,12,3,9,33.3,78.3,0.3,0.2,0.3,66.7,0.0,0.0,0.0,0.3,100.0,0.1,25.0,0.1,100.0,0.0,0.0,0.0,0.0
55,Caleb Houstan,ORL,36,13,23,15.6,13.2,0.1,0.0,0.0,0.0,0.0,0.0,0.0,0.0,0.0,0.0,0.0,0.0,0.0,0.0,50.0,0.0,0.0
56,Caleb Martin,MIA,54,27,27,29.9,38.9,0.6,0.2,0.3,66.7,0.0,0.0,100.0,0.4,75.0,0.2,40.6,0.0,7.7,0.0,6.3,0.0,0.0
57,Cam Reddish,POR,28,11,17,23.6,25.0,0.7,0.2,0.4,60.0,0.1,0.1,100.0,0.5,73.7,0.2,31.6,0.1,33.3,0.1,10.5,0.0,5.3
58,Cam Thomas,BKN,46,26,20,17.2,30.3,0.4,0.1,0.2,60.0,0.1,0.1,100.0,0.4,100.0,0.1,27.8,0.0,40.0,0.0,5.6,0.0,5.6
59,Cameron Johnson,BKN,25,15,10,26.5,36.4,0.6,0.2,0.4,50.0,0.0,0.0,0.0,0.4,71.4,0.1,21.4,0.0,0.0,0.0,0.0,0.0,0.0
60,Cameron Payne,PHX,32,18,14,22.7,55.3,0.1,0.0,0.0,0.0,0.0,0.0,0.0,0.0,0.0,0.1,100.0,0.0,0.0,0.0,0.0,0.0,0.0
61,Caris LeVert,CLE,59,34,25,30.0,48.3,0.6,0.1,0.3,37.5,0.1,0.1,75.0,0.3,51.4,0.2,37.1,0.0,7.7,0.0,2.9,0.1,11.4
62,Carlik Jones,CHI,1,0,1,21.7,35.0,0.0,0.0,0.0,0.0,0.0,0.0,0.0,0.0,0.0,0.0,0.0,0.0,0.0,0.0,0.0,0.0,0.0
63,Cedi Osman,CLE,61,37,24,20.8,29.7,0.3,0.2,0.2,90.9,0.0,0.0,0.0,0.3,95.2,0.1,42.9,0.0,22.2,0.0,0.0,0.0,4.8
64,Charles Bassey,SAS,30,7,23,14.2,24.1,1.6,0.2,0.5,46.7,0.2,0.2,83.3,0.7,42.6,0.7,46.8,0.2,27.3,0.2,12.8,0.1,4.3
65,Chima Moneke,SAC,2,1,1,4.0,6.5,0.5,0.0,0.0,0.0,0.0,0.0,0.0,0.0,0.0,0.5,100.0,0.0,0.0,0.0,0.0,0.0,0.0
66,Chimezie Metu,SAC,49,30,19,11.2,16.4,1.3,0.2,0.4,57.9,0.1,0.1,66.7,0.6,42.2,0.8,57.8,0.2,21.6,0.1,6.3,0.0,3.1
67,Chris Boucher,TOR,58,29,29,20.5,24.2,0.5,0.2,0.3,56.3,0.1,0.1,66.7,0.4,85.7,0.1,21.4,0.0,16.7,0.0,7.1,0.1,10.7
68,Chris Duarte,IND,40,16,24,19.1,28.3,0.3,0.1,0.2,33.3,0.1,0.1,100.0,0.2,72.7,0.1,18.2,0.0,0.0,0.0,9.1,0.1,18.2
69,Chris Paul,PHX,43,23,20,32.1,75.1,0.3,0.0,0.0,0.0,0.1,0.1,60.0,0.0,7.7,0.2,61.5,0.0,12.5,0.0,7.7,0.0,7.7
70,Chris Silva,DAL,1,1,0,3.0,4.0,0.0,0.0,0.0,0.0,0.0,0.0,0.0,0.0,0.0,0.0,0.0,0.0,0.0,0.0,0.0,0.0,0.0
71,Christian Braun,DEN,59,42,17,14.8,16.7,0.3,0.1,0.1,80.0,0.1,0.1,66.7,0.2,70.6,0.1,47.1,0.0,25.0,0.0,5.9,0.1,17.6
72,Christian Koloko,TOR,46,21,25,14.4,15.2,0.9,0.1,0.4,33.3,0.1,0.2,85.7,0.4,41.5,0.4,46.3,0.1,15.8,0.0,2.4,0.1,7.3
73,Christian Wood,DAL,52,28,24,27.0,47.9,2.2,0.5,0.8,63.4,0.4,0.5,91.7,1.5,68.1,0.9,43.4,0.2,20.4,0.1,5.3,0.2,10.6
74,Chuma Okeke,ORL,20,5,15,20.4,24.1,0.2,0.1,0.1,100.0,0.0,0.0,0.0,0.1,66.7,0.1,66.7,0.1,50.0,0.0,0.0,0.0,0.0
75,Clint Capela,ATL,47,26,21,26.8,37.0,2.6,0.6,0.9,68.3,0.1,0.2,62.5,1.3,51.7,1.4,56.7,0.2,16.2,0.1,4.2,0.1,3.3
76,Coby White,CHI,55,25,30,22.5,35.1,0.0,0.0,0.0,100.0,0.0,0.0,0.0,0.0,100.0,0.0,50.0,0.0,0.0,0.0,0.0,0.0,0.0
77,Cody Martin,CHA,7,2,5,19.1,21.4,0.1,0.0,0.0,0.0,0.0,0.0,0.0,0.0,0.0,0.1,100.0,0.0,0.0,0.0,0.0,0.0,0.0
78,Cody Zeller,MIA,5,1,4,14.4,21.2,2.6,0.6,1.2,50.0,0.0,0.0,0.0,1.2,46.2,1.4,53.8,0.0,0.0,0.0,0.0,0.0,0.0
79,Cole Anthony,ORL,44,21,23,25.0,53.2,0.3,0.1,0.1,100.0,0.1,0.1,83.3,0.3,78.6,0.2,50.0,0.0,14.3,0.0,7.1,0.1,21.4
80,Cole Swider,LAL,6,1,5,6.7,9.2,0.0,0.0,0.0,0.0,0.0,0.0,0.0,0.0,0.0,0.0,0.0,0.0,0.0,0.0,0.0,0.0,0.0
81,Collin Sexton,UTA,47,24,23,24.0,46.1,0.4,0.0,0.1,40.0,0.1,0.1,100.0,0.2,52.6,0.2,42.1,0.1,37.5,0.0,5.3,0.1,15.8
82,Corey Kispert,WAS,54,26,28,26.9,30.1,0.4,0.1,0.3,53.3,0.0,0.0,100.0,0.4,79.2,0.1,25.0,0.0,33.3,0.0,8.3,0.0,4.2
83,Cory Joseph,DET,44,10,34,16.2,34.1,0.1,0.0,0.1,33.3,0.0,0.0,0.0,0.0,40.0,0.0,40.0,0.0,50.0,0.0,0.0,0.0,0.0
84,D'Angelo Russell,LAL,58,30,28,32.4,81.6,0.6,0.2,0.3,66.7,0.0,0.0,0.0,0.4,76.5,0.2,38.2,0.0,0.0,0.0,5.9,0.0,0.0
85,Daishen Nix,HOU,45,11,34,16.2,37.0,0.1,0.0,0.0,100.0,0.0,0.0,0.0,0.1,100.0,0.0,25.0,0.0,100.0,0.0,25.0,0.0,0.0
86,Dalano Banton,TOR,27,14,13,9.3,20.8,0.1,0.1,0.1,66.7,0.0,0.0,0.0,0.1,100.0,0.0,0.0,0.0,0.0,0.0,0.0,0.0,0.0
87,Dalen Terry,CHI,25,12,13,5.1,7.6,0.1,0.0,0.1,0.0,0.0,0.0,0.0,0.0,0.0,0.0,0.0,0.0,0.0,0.0,0.0,0.0,0.0
88,Damian Jones,UTA,25,7,18,8.7,10.0,1.0,0.0,0.2,25.0,0.1,0.1,100.0,0.2,16.7,0.6,58.3,0.0,7.1,0.1,12.5,0.0,4.2
89,Damian Lillard,POR,50,24,26,36.3,87.8,0.4,0.1,0.1,66.7,0.1,0.1,100.0,0.3,68.4,0.1,36.8,0.0,14.3,0.1,21.1,0.0,5.3
90,Damion Lee,PHX,64,35,29,21.6,30.0,0.3,0.1,0.1,85.7,0.0,0.0,0.0,0.2,63.2,0.2,57.9,0.0,0.0,0.0,5.3,0.0,0.0
91,Daniel Gafford,WAS,60,28,32,19.3,27.4,2.0,0.6,0.8,71.4,0.1,0.2,50.0,1.3,66.9,0.9,44.9,0.1,11.3,0.1,6.8,0.1,5.1
92,Daniel Theis,IND,7,1,6,15.5,23.7,2.1,0.7,1.3,55.6,0.1,0.3,50.0,1.7,80.0,0.7,33.3,0.1,20.0,0.0,0.0,0.1,6.7
93,Danny Green,CLE,6,2,4,11.9,16.8,0.2,0.0,0.0,0.0,0.0,0.0,0.0,0.0,0.0,0.2,100.0,0.0,0.0,0.0,0.0,0.0,0.0
94,Danuel House Jr.,PHI,39,25,14,14.5,16.4,0.2,0.1,0.1,75.0,0.0,0.0,0.0,0.2,116.7,0.0,16.7,0.0,100.0,0.0,16.7,0.0,0.0
95,Dario Saric,OKC,44,19,25,14.5,23.5,0.7,0.2,0.3,75.0,0.0,0.0,0.0,0.4,61.3,0.4,54.8,0.0,11.8,0.0,3.2,0.0,0.0
96,Darius Bazley,PHX,37,17,20,15.2,23.5,0.8,0.2,0.4,50.0,0.2,0.3,60.0,0.6,71.0,0.2,22.6,0.0,0.0,0.1,6.5,0.1,16.1
97,Darius Days,HOU,4,0,4,6.2,10.8,0.0,0.0,0.0,0.0,0.0,0.0,0.0,0.0,0.0,0.0,0.0,0.0,0.0,0.0,0.0,0.0,0.0
98,Darius Garland,CLE,55,29,26,35.2,77.5,0.6,0.1,0.2,61.5,0.1,0.1,100.0,0.4,64.5,0.3,45.2,0.1,28.6,0.0,0.0,0.0,6.5
99,David Duke Jr.,BKN,17,7,10,8.6,11.5,0.1,0.0,0.0,0.0,0.0,0.0,0.0,0.0,0.0,0.1,100.0,0.0,0.0,0.0,0.0,0.0,0.0
100,David Roddy,MEM,50,31,19,16.8,18.8,0.4,0.1,0.2,36.4,0.0,0.0,50.0,0.2,52.6,0.1,26.3,0.0,40.0,0.0,10.5,0.0,5.3
101,Davion Mitchell,SAC,61,36,25,18.0,34.5,0.1,0.0,0.0,33.3,0.0,0.0,100.0,0.1,50.0,0.1,50.0,0.0,75.0,0.0,0.0,0.0,12.5
102,Davis Bertans,DAL,34,17,17,10.6,12.6,0.2,0.1,0.1,100.0,0.0,0.0,0.0,0.1,57.1,0.1,71.4,0.0,0.0,0.0,0.0,0.0,0.0
103,Davon Reed,LAL,39,25,14,8.6,15.8,0.1,0.0,0.0,0.0,0.0,0.0,0.0,0.0,0.0,0.1,60.0,0.0,33.3,0.1,40.0,0.0,0.0
104,Day'Ron Sharpe,BKN,35,16,19,10.6,16.9,1.2,0.2,0.3,66.7,0.2,0.3,60.0,0.6,52.4,0.5,45.2,0.1,15.8,0.1,11.9,0.1,11.9
105,De'Aaron Fox,SAC,56,35,21,34.1,80.0,0.4,0.1,0.2,63.6,0.0,0.0,0.0,0.3,66.7,0.1,33.3,0.0,14.3,0.1,14.3,0.0,0.0
106,De'Andre Hunter,ATL,53,30,23,31.8,38.3,0.9,0.4,0.7,57.1,0.1,0.2,87.5,0.9,94.0,0.1,14.0,0.0,14.3,0.1,6.0,0.1,8.0
107,De'Anthony Melton,PHI,59,38,21,28.3,50.2,0.6,0.1,0.2,80.0,0.0,0.0,0.0,0.3,50.0,0.4,70.6,0.1,25.0,0.0,0.0,0.0,0.0
108,DeAndre Jordan,DEN,35,22,13,14.3,18.7,2.4,0.1,0.2,37.5,0.0,0.1,25.0,0.2,8.4,1.9,80.7,0.3,17.9,0.1,4.8,0.1,2.4
109,DeMar DeRozan,CHI,57,27,30,36.1,60.5,1.5,0.4,0.8,48.8,0.2,0.3,87.5,1.1,72.3,0.5,32.5,0.1,22.2,0.0,2.4,0.1,8.4
110,Dean Wade,CLE,35,23,12,20.8,23.2,0.3,0.1,0.1,100.0,0.0,0.0,0.0,0.1,40.0,0.2,60.0,0.0,0.0,0.1,20.0,0.0,0.0
111,Deandre Ayton,PHX,55,27,28,30.3,53.1,5.4,2.0,3.5,56.7,0.3,0.5,73.1,4.3,80.7,1.2,23.0,0.3,22.1,0.3,6.1,0.2,4.1
112,Dejounte Murray,ATL,58,30,28,36.4,72.6,0.6,0.1,0.3,35.3,0.0,0.0,0.0,0.2,34.3,0.3,42.9,0.1,26.7,0.0,5.7,0.0,0.0
113,Delon Wright,WAS,33,21,12,23.2,45.7,0.4,0.1,0.1,100.0,0.0,0.0,0.0,0.2,61.5,0.2,61.5,0.0,12.5,0.0,7.7,0.0,0.0
114,Deni Avdija,WAS,60,29,31,26.4,43.4,0.8,0.2,0.4,63.6,0.0,0.0,50.0,0.5,64.6,0.4,47.9,0.1,21.7,0.0,2.1,0.0,2.1
115,Dennis Schroder,LAL,51,26,25,30.3,54.6,0.2,0.1,0.1,50.0,0.0,0.0,0.0,0.1,50.0,0.1,41.7,0.0,0.0,0.0,8.3,0.0,0.0
116,Dennis Smith Jr.,CHA,43,14,29,25.2,50.7,0.4,0.1,0.2,66.7,0.0,0.0,0.0,0.3,81.3,0.1,31.3,0.0,0.0,0.0,12.5,0.0,0.0
117,Deonte Burton,SAC,2,1,1,3.3,2.0,0.0,0.0,0.0,0.0,0.0,0.0,0.0,0.0,0.0,0.0,0.0,0.0,0.0,0.0,0.0,0.0,0.0
118,Dereon Seabron,NOP,5,2,3,2.3,2.8,0.0,0.0,0.0,0.0,0.0,0.0,0.0,0.0,0.0,0.0,0.0,0.0,0.0,0.0,0.0,0.0,0.0
119,Derrick Jones Jr.,CHI,48,19,29,14.4,19.0,0.7,0.2,0.4,55.6,0.1,0.1,83.3,0.6,81.8,0.2,27.3,0.0,22.2,0.1,9.1,0.1,9.1
120,Derrick Rose,NYK,27,12,15,12.5,26.9,0.2,0.1,0.2,40.0,0.0,0.0,0.0,0.1,66.7,0.0,16.7,0.0,0.0,0.0,0.0,0.0,0.0
121,Derrick White,BOS,64,45,19,27.6,46.1,0.6,0.1,0.2,50.0,0.1,0.1,100.0,0.3,61.1,0.3,47.2,0.1,41.2,0.0,2.8,0.0,8.3
122,Desmond Bane,MEM,40,25,15,31.0,60.6,0.8,0.4,0.6,65.2,0.1,0.1,100.0,0.9,112.9,0.1,12.9,0.0,25.0,0.1,6.5,0.0,3.2
123,Devin Booker,PHX,37,24,13,34.1,63.4,1.1,0.3,0.5,61.1,0.2,0.2,100.0,0.8,71.8,0.4,41.0,0.2,43.8,0.1,5.1,0.1,7.7
124,Devin Vassell,SAS,30,9,21,31.0,53.6,0.6,0.3,0.5,64.3,0.1,0.1,100.0,0.8,121.1,0.1,15.8,0.0,0.0,0.0,0.0,0.1,10.5
125,Devon Dotson,WAS,6,1,5,8.9,16.3,0.5,0.0,0.0,0.0,0.0,0.0,0.0,0.0,0.0,0.5,100.0,0.2,33.3,0.0,0.0,0.0,0.0
126,Devonte' Graham,SAS,61,29,32,17.0,32.4,0.2,0.0,0.0,100.0,0.0,0.0,0.0,0.1,40.0,0.1,60.0,0.0,50.0,0.0,10.0,0.0,0.0
127,Dewayne Dedmon,PHI,30,17,13,11.7,19.7,1.6,0.6,0.9,63.0,0.3,0.3,80.0,1.5,91.7,0.5,29.2,0.0,7.1,0.1,4.2,0.1,8.3
128,Dillon Brooks,MEM,57,35,22,30.3,41.4,0.5,0.1,0.2,50.0,0.0,0.0,100.0,0.3,61.5,0.1,23.1,0.0,33.3,0.1,11.5,0.0,0.0
129,Domantas Sabonis,SAC,60,36,24,34.5,82.4,8.6,2.1,3.0,68.1,0.9,1.1,77.3,5.2,60.0,4.3,50.0,1.0,23.2,0.5,5.8,0.5,5.8
130,Dominick Barlow,SAS,12,1,11,9.6,11.3,1.1,0.3,0.3,75.0,0.0,0.0,0.0,0.5,46.2,0.7,61.5,0.3,37.5,0.1,7.7,0.0,0.0
131,Donovan Mitchell,CLE,54,34,20,35.5,68.7,0.8,0.3,0.4,73.9,0.1,0.1,100.0,0.8,97.8,0.3,37.8,0.1,17.6,0.0,2.2,0.1,6.7
132,Donte DiVincenzo,GSW,53,31,22,26.0,48.5,0.7,0.1,0.1,71.4,0.0,0.0,0.0,0.2,31.4,0.5,74.3,0.1,11.5,0.0,2.9,0.0,0.0
133,Dorian Finney-Smith,BKN,49,22,27,31.6,39.0,0.6,0.1,0.1,100.0,0.0,0.0,0.0,0.2,37.9,0.4,75.9,0.1,22.7,0.0,0.0,0.0,0.0
134,Doug McDermott,SAS,54,16,38,20.4,27.6,0.2,0.1,0.2,70.0,0.0,0.0,0.0,0.3,125.0,0.0,16.7,0.0,0.0,0.0,0.0,0.0,0.0
135,Draymond Green,GSW,55,30,25,31.4,72.8,2.6,0.5,0.8,64.4,0.1,0.2,66.7,1.2,45.5,1.5,57.9,0.4,25.0,0.1,4.8,0.1,4.1
136,Drew Eubanks,POR,61,27,34,19.7,26.2,2.1,0.6,0.9,63.2,0.1,0.2,58.3,1.3,61.5,0.9,43.8,0.1,14.0,0.1,6.2,0.1,4.6
137,Dru Smith,BKN,9,4,5,11.2,19.3,0.2,0.1,0.1,100.0,0.0,0.0,0.0,0.2,100.0,0.1,50.0,0.0,0.0,0.0,0.0,0.0,0.0
138,Duane Washington Jr.,NYK,31,17,14,12.7,30.0,0.1,0.0,0.0,0.0,0.0,0.0,0.0,0.0,0.0,0.1,100.0,0.0,0.0,0.0,0.0,0.0,0.0
139,Duncan Robinson,MIA,32,14,18,17.3,24.2,0.2,0.1,0.1,66.7,0.0,0.0,0.0,0.2,83.3,0.1,50.0,0.0,0.0,0.0,0.0,0.0,0.0
140,Dwight Powell,DAL,59,32,27,19.8,25.3,2.0,0.3,0.5,66.7,0.2,0.2,64.3,0.9,44.1,1.2,61.9,0.2,15.1,0.1,3.4,0.1,5.9
141,Dyson Daniels,NOP,42,22,20,19.2,29.2,0.1,0.0,0.0,100.0,0.0,0.0,0.0,0.0,33.3,0.1,83.3,0.1,80.0,0.0,0.0,0.0,0.0
142,Edmond Sumner,BKN,46,28,18,14.5,24.6,0.2,0.1,0.1,80.0,0.0,0.0,0.0,0.2,72.7,0.1,27.3,0.0,0.0,0.0,18.2,0.0,0.0
143,Eric Gordon,LAC,54,14,40,29.3,40.5,0.2,0.1,0.1,42.9,0.0,0.0,0.0,0.1,46.2,0.1,46.2,0.0,16.7,0.0,0.0,0.0,0.0
144,Eugene Omoruyi,DET,23,9,14,11.8,13.8,0.5,0.1,0.3,33.3,0.0,0.1,50.0,0.2,41.7,0.1,25.0,0.0,0.0,0.0,8.3,0.0,8.3
145,Evan Fournier,NYK,23,13,10,18.0,23.6,0.0,0.0,0.0,0.0,0.0,0.0,0.0,0.0,0.0,0.0,100.0,0.0,0.0,0.0,0.0,0.0,0.0
146,Evan Mobley,CLE,63,37,26,34.2,58.6,4.1,1.1,1.8,59.8,0.4,0.6,63.2,2.6,61.9,1.8,43.5,0.6,31.0,0.2,4.2,0.3,6.9
147,Facundo Campazzo,DAL,8,2,6,6.5,14.9,0.0,0.0,0.0,0.0,0.0,0.0,0.0,0.0,0.0,0.0,0.0,0.0,0.0,0.0,0.0,0.0,0.0
148,Frank Jackson,UTA,1,0,1,5.1,10.0,0.0,0.0,0.0,0.0,0.0,0.0,0.0,0.0,0.0,0.0,0.0,0.0,0.0,0.0,0.0,0.0,0.0
149,Frank Kaminsky,HOU,31,11,20,6.7,13.7,0.3,0.0,0.0,100.0,0.0,0.0,0.0,0.1,25.0,0.2,87.5,0.0,0.0,0.0,0.0,0.0,0.0
150,Frank Ntilikina,DAL,38,18,20,12.2,16.6,0.1,0.0,0.0,0.0,0.0,0.0,0.0,0.0,0.0,0.1,100.0,0.0,50.0,0.0,0.0,0.0,0.0
151,Franz Wagner,ORL,63,26,37,32.8,53.6,0.7,0.2,0.4,44.0,0.1,0.2,90.0,0.5,72.7,0.2,27.3,0.0,25.0,0.0,4.5,0.1,11.4
152,Fred VanVleet,TOR,52,25,27,37.0,84.6,0.2,0.0,0.0,100.0,0.0,0.0,100.0,0.1,75.0,0.0,25.0,0.0,0.0,0.0,25.0,0.0,12.5
153,Furkan Korkmaz,PHI,25,17,8,10.2,15.3,0.2,0.1,0.2,50.0,0.0,0.1,50.0,0.2,100.0,0.0,16.7,0.0,0.0,0.0,0.0,0.0,16.7
154,Gabe Vincent,MIA,50,26,24,26.4,44.0,0.2,0.1,0.1,100.0,0.0,0.0,0.0,0.1,60.0,0.1,50.0,0.0,0.0,0.0,20.0,0.0,0.0
155,Garrett Temple,NOP,19,11,8,7.0,9.2,0.1,0.0,0.1,0.0,0.0,0.0,0.0,0.0,0.0,0.0,0.0,0.0,0.0,0.0,0.0,0.0,0.0
156,Garrison Mathews,ATL,47,13,34,12.9,14.0,0.1,0.0,0.0,0.0,0.0,0.0,0.0,0.0,0.0,0.1,100.0,0.0,0.0,0.0,0.0,0.0,0.0
157,Gary Harris,ORL,35,15,20,24.8,21.6,0.1,0.0,0.1,50.0,0.0,0.0,0.0,0.1,66.7,0.0,33.3,0.0,0.0,0.0,0.0,0.0,0.0
158,Gary Payton II,GSW,15,8,7,17.0,23.0,0.7,0.1,0.3,25.0,0.0,0.0,0.0,0.1,20.0,0.3,50.0,0.1,20.0,0.1,10.0,0.0,0.0
159,Gary Trent Jr.,TOR,55,26,29,33.2,40.2,0.4,0.2,0.3,73.3,0.0,0.0,100.0,0.5,108.7,0.1,21.7,0.0,20.0,0.0,8.7,0.0,4.3
160,George Hill,IND,37,24,13,18.7,32.8,0.3,0.1,0.1,100.0,0.0,0.1,50.0,0.1,41.7,0.2,58.3,0.1,28.6,0.0,8.3,0.0,8.3
161,Georges Niang,PHI,59,38,21,19.3,29.2,0.1,0.0,0.0,0.0,0.0,0.0,100.0,0.0,40.0,0.1,80.0,0.0,25.0,0.0,0.0,0.0,0.0
162,Giannis Antetokounmpo,MIL,50,38,12,32.3,79.1,4.1,0.8,1.6,51.9,0.6,1.0,64.6,2.3,55.8,1.7,40.8,0.2,14.3,0.2,5.3,0.4,10.2
163,Goga Bitadze,ORL,23,8,15,9.4,14.3,0.8,0.1,0.3,50.0,0.1,0.2,75.0,0.4,50.0,0.4,50.0,0.0,11.1,0.0,5.6,0.1,11.1
164,Goran Dragic,CHI,50,22,28,15.5,34.4,0.1,0.1,0.1,75.0,0.0,0.0,0.0,0.1,100.0,0.0,16.7,0.0,0.0,0.0,16.7,0.0,0.0
165,Gordon Hayward,CHA,39,15,24,31.4,48.8,1.7,0.4,0.7,61.5,0.2,0.2,87.5,1.0,57.4,0.8,47.1,0.1,15.6,0.1,5.9,0.1,5.9
166,Gorgui Dieng,SAS,21,2,19,9.6,17.6,0.7,0.0,0.1,33.3,0.0,0.0,0.0,0.1,13.3,0.5,73.3,0.1,27.3,0.0,6.7,0.0,0.0
167,Grant Williams,BOS,62,44,18,27.2,31.3,0.6,0.1,0.2,50.0,0.0,0.0,100.0,0.2,33.3,0.4,61.1,0.2,45.5,0.0,8.3,0.0,2.8
168,Grayson Allen,MIL,58,43,15,27.6,36.3,0.3,0.1,0.1,83.3,0.0,0.0,0.0,0.2,52.6,0.2,63.2,0.0,16.7,0.0,5.3,0.0,0.0
169,Greg Brown III,POR,16,10,6,5.8,5.3,0.1,0.1,0.1,100.0,0.0,0.0,0.0,0.1,200.0,0.0,0.0,0.0,0.0,0.0,0.0,0.0,0.0
170,Hamidou Diallo,DET,53,12,41,17.4,26.8,1.1,0.5,0.7,74.4,0.2,0.2,80.0,1.3,119.6,0.2,14.3,0.0,25.0,0.1,7.1,0.1,8.9
171,Harrison Barnes,SAC,62,37,25,32.8,47.7,0.7,0.2,0.2,78.6,0.2,0.3,93.8,0.6,84.4,0.3,35.6,0.1,25.0,0.1,13.3,0.1,17.8
172,Haywood Highsmith,MIA,45,23,22,19.0,21.1,0.6,0.1,0.2,42.9,0.0,0.0,0.0,0.2,25.0,0.4,60.7,0.0,11.8,0.0,3.6,0.0,0.0
173,Herbert Jones,NOP,48,20,28,28.8,41.9,0.8,0.1,0.3,50.0,0.1,0.2,62.5,0.4,50.0,0.3,42.1,0.1,18.8,0.1,7.9,0.1,10.5
174,Immanuel Quickley,NYK,64,38,26,27.6,47.1,0.3,0.1,0.1,66.7,0.0,0.0,0.0,0.1,50.0,0.2,61.1,0.0,18.2,0.0,5.6,0.0,0.0
175,Isaac Okoro,CLE,65,39,26,21.1,19.9,0.3,0.1,0.1,66.7,0.0,0.0,100.0,0.2,70.0,0.1,40.0,0.0,37.5,0.0,5.0,0.0,5.0
176,Isaiah Hartenstein,NYK,65,38,27,19.6,29.3,1.7,0.3,0.7,39.6,0.1,0.2,58.3,0.7,40.2,0.8,49.1,0.1,10.9,0.0,0.9,0.1,3.6
177,Isaiah Jackson,IND,46,17,29,15.3,21.6,1.7,0.4,0.9,45.0,0.1,0.2,50.0,0.9,53.2,0.7,39.2,0.1,16.1,0.0,2.5,0.1,6.3
178,Isaiah Joe,OKC,55,26,29,17.0,22.0,0.3,0.1,0.1,83.3,0.0,0.0,100.0,0.2,66.7,0.2,61.1,0.0,0.0,0.0,0.0,0.0,5.6
179,Isaiah Livers,DET,39,9,30,21.0,23.4,0.2,0.1,0.1,100.0,0.0,0.0,0.0,0.2,75.0,0.1,50.0,0.0,0.0,0.0,0.0,0.0,0.0
180,Isaiah Mobley,CLE,8,5,3,3.3,5.1,0.0,0.0,0.0,0.0,0.0,0.0,0.0,0.0,0.0,0.0,0.0,0.0,0.0,0.0,0.0,0.0,0.0
181,Isaiah Roby,SAS,41,9,32,11.3,18.8,0.5,0.1,0.2,57.1,0.1,0.2,50.0,0.3,61.9,0.2,38.1,0.0,12.5,0.0,0.0,0.1,23.8
182,Isaiah Stewart,DET,49,12,37,28.3,39.2,1.5,0.4,0.6,64.5,0.4,0.5,69.2,1.2,78.4,0.5,33.8,0.0,4.0,0.0,2.7,0.2,16.2
183,Isaiah Todd,WAS,4,2,2,3.1,4.3,0.0,0.0,0.0,0.0,0.0,0.0,0.0,0.0,0.0,0.0,0.0,0.0,0.0,0.0,0.0,0.0,0.0
184,Ish Smith,DEN,32,21,11,9.9,23.3,0.2,0.0,0.0,0.0,0.0,0.0,0.0,0.0,0.0,0.1,60.0,0.0,33.3,0.1,40.0,0.0,0.0
185,Ish Wainright,PHX,46,25,21,15.1,15.3,0.0,0.0,0.0,0.0,0.0,0.0,0.0,0.0,0.0,0.0,50.0,0.0,100.0,0.0,0.0,0.0,0.0
186,Ivica Zubac,LAC,60,32,28,29.4,42.7,3.9,0.7,1.2,59.7,0.5,0.7,69.0,2.0,51.1,2.0,50.2,0.4,19.7,0.3,7.3,0.3,8.6
187,JD Davison,BOS,6,5,1,2.3,3.2,0.2,0.2,0.2,100.0,0.0,0.0,0.0,0.3,200.0,0.0,0.0,0.0,0.0,0.0,0.0,0.0,0.0
188,JT Thor,CHA,52,15,37,11.7,15.0,0.3,0.0,0.1,14.3,0.0,0.0,0.0,0.0,15.4,0.1,30.8,0.0,0.0,0.0,7.7,0.0,7.7
189,Ja Morant,MEM,53,34,19,32.5,79.1,0.5,0.1,0.2,45.5,0.1,0.1,60.0,0.2,52.0,0.2,40.0,0.1,30.0,0.0,4.0,0.0,8.0
190,JaMychal Green,GSW,44,24,20,14.2,22.9,1.2,0.2,0.4,62.5,0.1,0.1,100.0,0.5,47.1,0.7,56.9,0.1,20.7,0.1,7.8,0.0,3.9
191,JaVale McGee,DAL,36,17,19,8.1,11.6,1.1,0.3,0.5,66.7,0.0,0.1,50.0,0.7,65.8,0.5,47.4,0.1,16.7,0.0,2.6,0.0,2.6
192,Jabari Smith Jr.,HOU,59,12,47,30.0,45.8,1.3,0.4,0.7,51.2,0.1,0.2,80.0,0.9,69.3,0.4,30.7,0.1,21.7,0.1,4.0,0.1,5.3
193,Jabari Walker,POR,42,20,22,8.9,10.1,0.4,0.2,0.2,70.0,0.0,0.0,50.0,0.4,113.3,0.1,26.7,0.0,25.0,0.0,0.0,0.0,6.7
194,Jack White,DEN,15,12,3,3.2,4.7,0.1,0.0,0.1,0.0,0.0,0.0,0.0,0.0,0.0,0.1,50.0,0.0,0.0,0.0,0.0,0.0,0.0
195,Jaden Hardy,DAL,32,16,16,11.6,18.4,0.1,0.0,0.0,0.0,0.0,0.0,0.0,0.0,0.0,0.1,50.0,0.0,0.0,0.0,0.0,0.0,0.0
196,Jaden Ivey,DET,57,15,42,30.1,54.6,0.8,0.2,0.3,70.6,0.1,0.1,83.3,0.5,65.2,0.3,41.3,0.2,47.4,0.1,8.7,0.1,6.5
197,Jaden McDaniels,MIN,62,32,30,30.7,39.0,0.6,0.1,0.2,64.3,0.1,0.1,100.0,0.4,55.0,0.3,47.5,0.0,15.8,0.0,7.5,0.0,5.0
198,Jaden Springer,PHI,7,7,0,3.7,4.0,0.1,0.0,0.1,0.0,0.0,0.0,0.0,0.0,0.0,0.0,0.0,0.0,0.0,0.0,0.0,0.0,0.0
199,Jae Crowder,MIL,4,4,0,19.2,29.3,0.3,0.0,0.3,0.0,0.0,0.0,0.0,0.0,0.0,0.0,0.0,0.0,0.0,0.0,0.0,0.0,0.0
200,Jae'Sean Tate,HOU,23,3,20,21.4,41.0,0.6,0.1,0.2,50.0,0.0,0.1,50.0,0.2,38.5,0.3,46.2,0.1,33.3,0.1,15.4,0.0,7.7
201,Jake LaRavia,MEM,32,21,11,12.1,14.7,0.2,0.0,0.0,100.0,0.1,0.1,75.0,0.2,100.0,0.1,40.0,0.0,0.0,0.0,0.0,0.1,40.0
202,Jakob Poeltl,TOR,53,16,37,26.3,53.8,6.7,1.4,2.3,59.8,0.4,0.6,55.9,3.2,47.3,3.6,53.5,0.7,19.4,0.4,5.6,0.3,4.8
203,Jalen Brunson,NYK,61,36,25,35.2,84.7,0.2,0.0,0.1,50.0,0.0,0.0,50.0,0.1,45.5,0.1,54.5,0.0,16.7,0.0,0.0,0.0,0.0
204,Jalen Duren,DET,51,14,37,25.2,35.0,1.9,0.4,0.5,67.9,0.2,0.3,64.3,0.9,50.5,1.1,57.9,0.1,12.7,0.1,4.2,0.1,7.4
205,Jalen Green,HOU,56,11,45,33.6,65.5,0.4,0.1,0.2,40.0,0.0,0.1,50.0,0.2,45.5,0.1,22.7,0.0,20.0,0.0,4.5,0.0,9.1
206,Jalen Johnson,ATL,58,30,28,14.5,20.9,0.5,0.1,0.3,47.1,0.1,0.1,75.0,0.3,69.0,0.1,27.6,0.0,25.0,0.0,6.9,0.0,6.9
207,Jalen McDaniels,PHI,64,20,44,25.3,38.8,0.4,0.1,0.3,47.1,0.1,0.1,100.0,0.3,74.1,0.1,25.9,0.1,57.1,0.0,3.7,0.0,7.4
208,Jalen Smith,IND,53,26,27,18.2,29.6,1.3,0.4,0.6,68.8,0.1,0.2,37.5,0.9,71.6,0.4,31.3,0.1,19.0,0.2,13.4,0.1,6.0
209,Jalen Suggs,ORL,39,16,23,23.2,45.4,0.2,0.1,0.2,33.3,0.1,0.1,75.0,0.2,77.8,0.0,11.1,0.0,0.0,0.0,0.0,0.1,22.2
210,Jalen Williams,OKC,59,27,32,29.4,44.5,0.8,0.4,0.5,78.6,0.1,0.1,75.0,0.8,104.3,0.2,25.5,0.0,16.7,0.1,6.4,0.0,4.3
211,Jamal Cain,MIA,14,8,6,13.3,12.9,0.1,0.0,0.0,0.0,0.0,0.0,0.0,0.0,0.0,0.1,100.0,0.1,50.0,0.0,0.0,0.0,0.0
212,Jamal Murray,DEN,50,36,14,32.6,71.4,1.1,0.3,0.5,64.0,0.1,0.1,100.0,0.8,73.2,0.5,41.1,0.1,17.4,0.1,8.9,0.1,5.4
213,Jamaree Bouyea,WAS,4,2,2,16.3,28.0,0.0,0.0,0.0,0.0,0.0,0.0,0.0,0.0,0.0,0.0,0.0,0.0,0.0,0.0,0.0,0.0,0.0
214,James Bouknight,CHA,26,5,21,13.6,18.1,0.1,0.0,0.0,100.0,0.0,0.0,0.0,0.1,100.0,0.0,50.0,0.0,0.0,0.0,0.0,0.0,0.0
215,James Harden,PHI,46,30,16,36.7,93.7,0.3,0.1,0.1,75.0,0.0,0.0,0.0,0.2,53.8,0.1,46.2,0.0,33.3,0.1,23.1,0.0,0.0
216,James Johnson,IND,12,5,7,8.2,10.8,0.3,0.0,0.0,0.0,0.0,0.0,0.0,0.0,0.0,0.3,100.0,0.0,0.0,0.0,0.0,0.0,0.0
217,James Wiseman,DET,26,9,17,14.8,25.5,1.1,0.6,0.8,75.0,0.1,0.1,100.0,1.2,110.3,0.3,27.6,0.1,25.0,0.0,0.0,0.0,3.4
218,Jared Butler,OKC,1,1,0,3.6,4.0,0.0,0.0,0.0,0.0,0.0,0.0,0.0,0.0,0.0,0.0,0.0,0.0,0.0,0.0,0.0,0.0,0.0
219,Jared Rhoden,DET,1,0,1,12.0,12.0,0.0,0.0,0.0,0.0,0.0,0.0,0.0,0.0,0.0,0.0,0.0,0.0,0.0,0.0,0.0,0.0,0.0
220,Jaren Jackson Jr.,MEM,45,28,17,27.4,38.3,1.1,0.4,0.6,55.2,0.1,0.1,100.0,0.8,77.6,0.3,28.6,0.0,14.3,0.0,2.0,0.1,6.1
221,Jarred Vanderbilt,LAL,60,30,30,24.2,33.0,2.0,0.4,0.7,59.1,0.2,0.2,91.7,1.1,53.3,1.0,47.5,0.4,36.8,0.2,8.3,0.1,5.0
222,Jarrett Allen,CLE,58,36,22,33.3,43.7,5.5,1.4,2.2,61.7,0.3,0.4,81.8,3.1,55.9,2.7,48.1,0.6,20.8,0.4,6.9,0.2,3.1
223,Jarrett Culver,ATL,10,5,5,13.7,20.5,0.1,0.0,0.1,0.0,0.0,0.0,0.0,0.0,0.0,0.0,0.0,0.0,0.0,0.0,0.0,0.0,0.0
224,Jason Preston,LAC,13,3,10,9.4,23.7,0.1,0.1,0.1,100.0,0.0,0.0,0.0,0.2,200.0,0.0,0.0,0.0,0.0,0.0,0.0,0.0,0.0
225,Javonte Green,CHI,28,11,17,16.0,23.7,0.5,0.3,0.4,70.0,0.0,0.1,50.0,0.5,107.1,0.1,21.4,0.0,0.0,0.0,0.0,0.0,7.1
226,Jaxson Hayes,NOP,37,16,21,13.6,16.1,0.8,0.2,0.3,90.0,0.2,0.2,87.5,0.7,87.1,0.4,51.6,0.0,0.0,0.0,0.0,0.1,9.7
227,Jaylen Brown,BOS,52,36,16,35.9,63.7,1.5,0.5,0.8,61.4,0.1,0.2,70.0,1.2,80.5,0.5,32.5,0.1,24.0,0.1,3.9,0.1,6.5
228,Jaylen Nowell,MIN,62,31,31,19.5,33.7,0.3,0.2,0.2,83.3,0.0,0.0,100.0,0.4,143.8,0.0,6.3,0.0,100.0,0.0,6.3,0.0,6.3
229,Jaylin Williams,OKC,31,13,18,17.2,34.2,1.3,0.2,0.5,43.8,0.2,0.2,83.3,0.6,46.3,0.7,51.2,0.2,23.8,0.0,0.0,0.1,7.3
230,Jayson Tatum,BOS,60,43,17,37.3,75.7,2.8,0.9,1.4,62.8,0.5,0.5,93.8,2.4,85.8,0.9,30.2,0.2,17.6,0.2,7.1,0.2,8.3
231,Jeff Dowtin Jr.,TOR,18,12,6,8.9,14.9,0.2,0.1,0.1,100.0,0.1,0.1,100.0,0.2,100.0,0.1,50.0,0.1,50.0,0.0,0.0,0.1,25.0
232,Jeff Green,DEN,40,26,14,19.6,26.3,1.3,0.4,0.6,63.6,0.1,0.1,50.0,0.8,58.5,0.6,47.2,0.1,12.0,0.1,3.8,0.1,3.8
233,Jerami Grant,POR,58,26,32,35.7,53.4,0.9,0.2,0.3,52.6,0.1,0.1,66.7,0.4,50.0,0.4,48.1,0.1,16.0,0.1,5.8,0.1,5.8
234,Jeremiah Robinson-Earl,OKC,33,11,22,20.0,30.4,0.8,0.2,0.3,54.5,0.0,0.1,25.0,0.4,52.0,0.3,40.0,0.0,10.0,0.0,0.0,0.1,8.0
235,Jeremy Sochan,SAS,50,13,37,26.2,43.3,1.2,0.3,0.4,73.7,0.1,0.1,75.0,0.6,53.4,0.6,55.2,0.1,18.8,0.0,3.4,0.0,1.7
236,Jericho Sims,NYK,49,29,20,15.8,19.4,0.5,0.1,0.2,62.5,0.0,0.0,100.0,0.2,48.0,0.3,56.0,0.0,0.0,0.0,8.0,0.0,4.0
237,Jevon Carter,MIL,62,45,17,22.6,38.6,0.3,0.0,0.1,40.0,0.0,0.0,0.0,0.1,21.1,0.2,68.4,0.0,7.7,0.0,5.3,0.0,0.0
238,Jimmy Butler,MIA,49,25,24,33.3,62.2,1.9,0.4,0.7,60.6,0.2,0.2,90.0,1.0,51.1,0.9,48.9,0.2,24.4,0.1,5.4,0.1,4.3
239,Jock Landale,PHX,55,29,26,14.3,23.8,2.2,0.3,0.6,57.6,0.1,0.2,70.0,0.9,38.5,1.3,60.7,0.1,9.5,0.1,4.9,0.1,4.1
240,Joe Harris,BKN,56,30,26,22.7,24.0,0.3,0.1,0.2,72.7,0.0,0.0,0.0,0.3,84.2,0.1,36.8,0.0,28.6,0.0,5.3,0.0,0.0
241,Joe Ingles,MIL,29,21,8,22.4,31.5,0.0,0.0,0.0,0.0,0.0,0.0,0.0,0.0,0.0,0.0,100.0,0.0,0.0,0.0,0.0,0.0,0.0
242,Joe Wieskamp,TOR,3,1,2,7.9,8.7,0.3,0.0,0.3,0.0,0.0,0.0,0.0,0.0,0.0,0.0,0.0,0.0,0.0,0.0,0.0,0.0,0.0
243,Joel Embiid,PHI,49,31,18,35.1,72.8,9.4,2.4,4.4,54.7,1.7,1.9,87.2,6.7,70.7,3.3,35.4,0.6,17.2,0.5,5.4,0.9,10.0
244,John Butler Jr.,POR,9,2,7,3.4,2.4,0.0,0.0,0.0,0.0,0.0,0.0,0.0,0.0,0.0,0.0,0.0,0.0,0.0,0.0,0.0,0.0,0.0
245,John Collins,ATL,53,28,25,30.8,44.0,1.5,0.5,0.8,68.3,0.2,0.3,81.3,1.3,84.1,0.5,29.3,0.1,12.5,0.1,4.9,0.2,9.8
246,John Konchar,MEM,54,33,21,21.7,30.4,0.4,0.1,0.1,57.1,0.0,0.0,0.0,0.2,40.9,0.2,54.5,0.0,8.3,0.0,4.5,0.0,0.0
247,John Wall,LAC,34,15,19,22.2,55.4,0.2,0.0,0.0,0.0,0.0,0.0,0.0,0.0,0.0,0.2,75.0,0.0,0.0,0.0,12.5,0.0,0.0
248,Johnny Davis,WAS,13,6,7,4.7,6.5,0.0,0.0,0.0,0.0,0.0,0.0,0.0,0.0,0.0,0.0,0.0,0.0,0.0,0.0,0.0,0.0,0.0
249,Johnny Juzang,UTA,2,0,2,9.9,11.5,0.0,0.0,0.0,0.0,0.0,0.0,0.0,0.0,0.0,0.0,0.0,0.0,0.0,0.0,0.0,0.0,0.0
250,Jonas Valanciunas,NOP,61,29,32,24.9,49.4,3.1,0.8,1.4,56.5,0.2,0.3,83.3,1.9,59.5,1.3,42.6,0.1,11.1,0.1,4.7,0.1,4.7
251,Jonathan Isaac,ORL,11,8,3,11.3,19.5,0.7,0.0,0.3,0.0,0.2,0.2,100.0,0.2,25.0,0.1,12.5,0.0,0.0,0.1,12.5,0.1,12.5
252,Jonathan Kuminga,GSW,52,30,22,20.2,32.8,0.9,0.3,0.4,61.9,0.2,0.2,75.0,0.7,75.0,0.3,37.5,0.0,11.1,0.1,6.3,0.1,10.4
253,Jordan Clarkson,UTA,60,30,30,32.6,55.9,0.7,0.2,0.4,61.9,0.1,0.1,100.0,0.6,85.0,0.2,30.0,0.1,33.3,0.0,5.0,0.1,7.5
254,Jordan Goodwin,WAS,43,17,26,17.9,36.5,0.3,0.0,0.1,40.0,0.0,0.0,0.0,0.1,26.7,0.2,66.7,0.1,30.0,0.0,0.0,0.0,0.0
255,Jordan Hall,SAS,9,1,8,9.2,17.8,0.0,0.0,0.0,0.0,0.0,0.0,0.0,0.0,0.0,0.0,0.0,0.0,0.0,0.0,0.0,0.0,0.0
256,Jordan McLaughlin,MIN,28,15,13,15.4,35.5,0.2,0.0,0.0,100.0,0.0,0.0,0.0,0.1,33.3,0.1,66.7,0.1,50.0,0.0,16.7,0.0,0.0
257,Jordan Nwora,IND,44,29,15,16.3,22.9,0.4,0.1,0.1,100.0,0.0,0.0,0.0,0.3,70.6,0.2,58.8,0.0,20.0,0.0,5.9,0.0,0.0
258,Jordan Poole,GSW,63,33,30,30.8,68.7,0.8,0.3,0.5,71.0,0.1,0.1,87.5,0.8,100.0,0.2,26.9,0.0,21.4,0.0,5.8,0.1,7.7
259,Jordan Schakel,WAS,2,0,2,3.1,5.0,0.0,0.0,0.0,0.0,0.0,0.0,0.0,0.0,0.0,0.0,0.0,0.0,0.0,0.0,0.0,0.0,0.0
260,Jose Alvarado,NOP,61,30,31,21.5,46.0,0.2,0.1,0.1,100.0,0.0,0.0,0.0,0.2,100.0,0.1,50.0,0.0,20.0,0.0,0.0,0.0,0.0
261,Josh Christopher,HOU,44,7,37,10.8,17.5,0.2,0.1,0.1,60.0,0.0,0.0,0.0,0.1,66.7,0.1,33.3,0.0,0.0,0.0,11.1,0.0,0.0
262,Josh Giddey,OKC,58,24,34,30.7,76.6,1.2,0.4,0.6,63.6,0.1,0.1,80.0,0.8,66.2,0.5,39.7,0.1,18.5,0.0,2.9,0.0,2.9
263,Josh Green,DAL,44,22,22,24.8,32.1,0.7,0.2,0.3,83.3,0.1,0.1,66.7,0.6,83.3,0.3,43.3,0.1,38.5,0.0,6.7,0.1,10.0
264,Josh Hart,NYK,59,33,26,32.6,44.1,0.7,0.1,0.2,54.5,0.0,0.0,0.0,0.2,30.0,0.5,67.5,0.1,22.2,0.0,2.5,0.0,0.0
265,Josh Minott,MIN,11,5,6,6.2,7.5,0.1,0.1,0.1,100.0,0.0,0.0,0.0,0.2,200.0,0.0,0.0,0.0,0.0,0.0,0.0,0.0,0.0
266,Josh Okogie,PHX,54,28,26,16.3,20.9,0.4,0.0,0.1,50.0,0.1,0.1,75.0,0.1,36.8,0.2,68.4,0.0,15.4,0.0,0.0,0.0,10.5
267,Josh Richardson,NOP,47,13,34,24.2,45.1,0.3,0.0,0.1,40.0,0.0,0.0,0.0,0.1,28.6,0.1,42.9,0.0,33.3,0.0,14.3,0.0,0.0
268,Joshua Primo,SAS,4,3,1,23.3,43.0,0.5,0.0,0.0,0.0,0.0,0.0,0.0,0.0,0.0,0.5,100.0,0.0,0.0,0.0,0.0,0.0,0.0
269,Jrue Holiday,MIL,51,39,12,32.8,74.5,0.9,0.1,0.2,50.0,0.0,0.0,100.0,0.3,31.1,0.6,64.4,0.1,17.2,0.0,4.4,0.0,2.2
270,Juan Toscano-Anderson,UTA,35,14,21,12.4,17.1,0.5,0.1,0.1,50.0,0.1,0.1,75.0,0.2,38.9,0.3,61.1,0.1,27.3,0.0,0.0,0.1,11.1
271,Juancho Hernangomez,TOR,42,20,22,14.6,17.0,0.4,0.0,0.1,25.0,0.0,0.0,50.0,0.1,20.0,0.2,66.7,0.1,30.0,0.0,0.0,0.0,6.7
272,Julian Champagnie,SAS,2,2,0,3.3,3.0,0.0,0.0,0.0,0.0,0.0,0.0,0.0,0.0,0.0,0.0,0.0,0.0,0.0,0.0,0.0,0.0,0.0
273,Julius Randle,NYK,65,38,27,35.8,70.6,2.2,0.5,1.0,51.5,0.3,0.5,68.8,1.5,66.4,0.7,30.8,0.2,31.8,0.2,8.4,0.2,9.8
274,Justin Champagnie,TOR,3,2,1,3.6,4.7,0.0,0.0,0.0,0.0,0.0,0.0,0.0,0.0,0.0,0.0,0.0,0.0,0.0,0.0,0.0,0.0,0.0
275,Justin Holiday,DAL,32,14,18,15.2,17.4,0.3,0.0,0.2,16.7,0.0,0.1,0.0,0.1,25.0,0.0,12.5,0.0,0.0,0.0,0.0,0.0,12.5
276,Justin Jackson,BOS,23,15,8,4.7,5.1,0.0,0.0,0.0,100.0,0.0,0.0,0.0,0.1,200.0,0.0,0.0,0.0,0.0,0.0,0.0,0.0,0.0
277,Justise Winslow,POR,29,15,14,26.8,52.4,0.8,0.2,0.5,40.0,0.0,0.0,0.0,0.4,50.0,0.3,37.5,0.0,11.1,0.0,0.0,0.0,0.0
278,Jusuf Nurkic,POR,45,23,22,27.3,55.3,3.4,0.7,1.3,56.1,0.3,0.5,62.5,1.9,56.2,1.5,44.4,0.1,5.9,0.3,8.5,0.3,7.8
279,KZ Okpala,SAC,35,19,16,7.1,7.0,0.0,0.0,0.0,0.0,0.0,0.0,0.0,0.0,0.0,0.0,100.0,0.0,0.0,0.0,0.0,0.0,0.0
280,Kai Jones,CHA,31,8,23,9.2,10.0,0.0,0.0,0.0,0.0,0.0,0.0,0.0,0.0,0.0,0.0,0.0,0.0,0.0,0.0,0.0,0.0,0.0
281,Karl-Anthony Towns,MIN,21,10,11,33.8,61.7,1.8,0.6,0.6,92.3,0.5,0.5,100.0,1.8,102.7,0.9,48.6,0.1,16.7,0.0,0.0,0.2,10.8
282,Kawhi Leonard,LAC,38,23,15,33.1,57.9,2.5,0.7,1.3,52.0,0.2,0.2,100.0,1.6,63.8,0.9,35.1,0.0,3.0,0.2,6.4,0.1,2.1
283,Keegan Murray,SAC,60,36,24,29.9,35.1,0.4,0.1,0.2,60.0,0.1,0.1,83.3,0.3,69.2,0.2,34.6,0.0,11.1,0.1,11.5,0.1,11.5
284,Keita Bates-Diop,SAS,48,12,36,21.3,24.2,0.8,0.1,0.3,53.8,0.1,0.1,100.0,0.4,48.7,0.5,56.4,0.0,4.5,0.0,5.1,0.0,5.1
285,Keldon Johnson,SAS,54,14,40,32.7,57.0,0.9,0.3,0.5,51.9,0.2,0.2,90.0,0.8,83.7,0.3,28.6,0.1,42.9,0.0,4.1,0.1,10.2
286,Kelly Olynyk,UTA,52,24,28,28.2,53.3,1.3,0.4,0.5,70.4,0.1,0.1,100.0,0.8,65.2,0.6,47.0,0.2,25.8,0.1,6.1,0.0,1.5
287,Kelly Oubre Jr.,CHA,40,13,27,32.3,45.3,1.0,0.2,0.6,39.1,0.3,0.4,81.3,0.8,84.6,0.2,15.4,0.1,50.0,0.0,0.0,0.2,20.5
288,Kemba Walker,DAL,9,5,4,16.0,28.7,0.0,0.0,0.0,0.0,0.0,0.0,0.0,0.0,0.0,0.0,0.0,0.0,0.0,0.0,0.0,0.0,0.0
289,Kendall Brown,IND,6,1,5,6.7,6.7,0.0,0.0,0.0,0.0,0.0,0.0,0.0,0.0,0.0,0.0,0.0,0.0,0.0,0.0,0.0,0.0,0.0
290,Kendrick Nunn,WAS,54,27,27,14.3,19.9,0.2,0.1,0.1,100.0,0.0,0.0,0.0,0.1,66.7,0.1,50.0,0.1,66.7,0.0,16.7,0.0,0.0
291,Kennedy Chandler,MEM,27,17,10,8.5,18.1,0.1,0.0,0.0,100.0,0.0,0.0,0.0,0.1,100.0,0.0,0.0,0.0,0.0,0.0,50.0,0.0,0.0
292,Kenneth Lofton Jr.,MEM,11,7,4,3.5,6.3,0.5,0.2,0.5,40.0,0.0,0.0,0.0,0.4,66.7,0.1,16.7,0.1,100.0,0.0,0.0,0.0,0.0
293,Kenrich Williams,OKC,53,26,27,22.8,31.2,1.1,0.3,0.5,69.2,0.0,0.1,0.0,0.7,64.4,0.5,44.1,0.1,26.9,0.0,3.4,0.0,3.4
294,Kentavious Caldwell-Pope,DEN,61,44,17,31.4,39.0,0.8,0.3,0.4,66.7,0.1,0.1,66.7,0.7,82.4,0.2,23.5,0.0,25.0,0.1,13.7,0.0,5.9
295,Kenyon Martin Jr.,HOU,62,13,49,26.7,35.7,1.6,0.5,0.7,63.0,0.2,0.3,68.8,1.2,75.3,0.5,34.0,0.1,18.2,0.1,7.2,0.1,8.2
296,Keon Ellis,SAC,9,4,5,4.0,5.6,0.0,0.0,0.0,0.0,0.0,0.0,0.0,0.0,0.0,0.0,0.0,0.0,0.0,0.0,0.0,0.0,0.0
297,Keon Johnson,POR,33,13,20,9.6,18.5,0.2,0.0,0.1,0.0,0.0,0.0,0.0,0.0,0.0,0.1,50.0,0.1,50.0,0.0,0.0,0.0,0.0
298,Kessler Edwards,SAC,16,6,10,5.9,7.8,0.0,0.0,0.0,0.0,0.0,0.0,0.0,0.0,0.0,0.0,0.0,0.0,0.0,0.0,0.0,0.0,0.0
299,Kevin Durant,PHX,41,28,13,35.6,67.0,2.6,1.0,1.6,60.9,0.4,0.4,93.8,2.3,89.7,0.7,25.2,0.1,14.8,0.2,6.5,0.2,7.5
300,Kevin Huerter,SAC,59,34,25,30.0,44.5,0.6,0.2,0.3,68.4,0.0,0.0,50.0,0.5,77.8,0.3,41.7,0.0,13.3,0.0,0.0,0.0,2.8
301,Kevin Knox II,POR,48,10,38,12.9,16.8,0.1,0.0,0.0,100.0,0.0,0.0,100.0,0.1,83.3,0.1,66.7,0.0,0.0,0.0,0.0,0.0,16.7
302,Kevin Love,MIA,46,25,21,20.4,37.9,0.5,0.0,0.2,14.3,0.1,0.1,100.0,0.1,27.3,0.3,59.1,0.0,0.0,0.0,0.0,0.0,4.5
303,Kevin Porter Jr.,HOU,41,10,31,33.8,79.1,0.8,0.1,0.3,46.2,0.0,0.0,0.0,0.3,37.5,0.4,46.9,0.1,20.0,0.0,3.1,0.0,0.0
304,Kevon Harris,ORL,27,10,17,12.4,10.9,0.2,0.1,0.1,66.7,0.0,0.0,0.0,0.1,80.0,0.1,40.0,0.0,0.0,0.0,0.0,0.0,0.0
305,Kevon Looney,GSW,63,33,30,23.5,42.1,2.4,0.4,0.7,64.3,0.1,0.2,66.7,1.0,43.3,1.5,64.0,0.3,21.9,0.0,1.3,0.1,3.3
306,Khem Birch,SAS,20,9,11,8.1,10.4,0.8,0.3,0.5,60.0,0.1,0.1,100.0,0.7,87.5,0.2,18.8,0.0,0.0,0.1,12.5,0.1,6.3
307,Khris Middleton,MIL,20,17,3,21.5,44.2,0.5,0.2,0.3,80.0,0.0,0.0,0.0,0.4,80.0,0.2,40.0,0.1,50.0,0.0,0.0,0.0,0.0
308,Killian Hayes,DET,58,14,44,27.0,59.4,0.3,0.1,0.2,50.0,0.0,0.0,0.0,0.2,66.7,0.1,27.8,0.0,40.0,0.0,5.6,0.0,0.0
309,Kira Lewis Jr.,NOP,17,7,10,10.6,23.6,0.1,0.1,0.1,100.0,0.0,0.0,0.0,0.1,100.0,0.1,50.0,0.0,0.0,0.0,0.0,0.0,0.0
310,Klay Thompson,GSW,51,28,23,32.9,48.4,1.1,0.4,0.7,48.6,0.1,0.1,83.3,0.8,74.5,0.2,18.2,0.1,40.0,0.1,7.3,0.1,5.5
311,Kris Dunn,UTA,4,2,2,22.3,59.8,0.3,0.0,0.0,0.0,0.0,0.0,0.0,0.0,0.0,0.3,100.0,0.0,0.0,0.0,0.0,0.0,0.0
312,Kristaps Porzingis,WAS,52,23,29,32.7,59.8,3.8,0.9,1.7,51.1,0.9,1.1,84.2,2.7,72.4,1.2,30.6,0.2,16.7,0.1,3.6,0.5,13.8
313,Kyle Anderson,MIN,52,27,25,26.4,48.2,1.4,0.2,0.3,53.3,0.0,0.0,0.0,0.3,22.5,1.0,70.4,0.3,34.0,0.1,5.6,0.0,0.0
314,Kyle Kuzma,WAS,57,28,29,35.1,60.7,1.0,0.2,0.5,44.4,0.1,0.1,100.0,0.6,55.2,0.4,36.2,0.1,23.8,0.1,8.6,0.1,5.2
315,Kyle Lowry,MIA,44,22,22,33.3,74.3,0.3,0.0,0.0,50.0,0.0,0.0,0.0,0.0,13.3,0.3,73.3,0.1,36.4,0.0,6.7,0.0,0.0
316,Kyrie Irving,DAL,48,28,20,37.0,76.0,1.1,0.4,0.6,75.0,0.1,0.1,100.0,1.0,88.9,0.4,37.0,0.1,30.0,0.0,3.7,0.0,3.7
317,LaMelo Ball,CHA,36,13,23,35.2,90.2,0.4,0.0,0.1,25.0,0.0,0.0,0.0,0.1,20.0,0.3,66.7,0.1,30.0,0.0,6.7,0.0,0.0
318,Lamar Stevens,CLE,45,27,18,17.4,20.0,0.4,0.1,0.2,71.4,0.0,0.0,0.0,0.2,58.8,0.2,47.1,0.0,12.5,0.0,5.9,0.0,0.0
319,Landry Shamet,PHX,30,14,16,21.4,38.3,0.4,0.1,0.2,60.0,0.1,0.1,100.0,0.3,72.7,0.1,36.4,0.0,0.0,0.0,9.1,0.0,9.1
320,Larry Nance Jr.,NOP,50,24,26,22.3,31.5,3.0,0.6,1.0,66.7,0.1,0.2,62.5,1.4,46.7,1.9,61.8,0.3,13.8,0.1,2.0,0.1,2.6
321,Lauri Markkanen,UTA,58,29,29,34.3,51.1,1.8,0.7,1.0,67.9,0.6,0.7,92.5,2.0,114.7,0.3,17.6,0.0,11.1,0.1,3.9,0.3,19.6
322,LeBron James,LAL,47,24,23,36.1,79.6,3.0,1.1,1.5,71.4,0.1,0.2,75.0,2.4,78.2,1.1,38.0,0.2,16.7,0.1,4.2,0.1,2.1
323,Leandro Bolmaro,UTA,14,8,6,4.9,8.2,0.1,0.0,0.0,0.0,0.0,0.0,0.0,0.0,0.0,0.1,100.0,0.0,0.0,0.0,0.0,0.0,0.0
324,Lindy Waters III,OKC,26,11,15,11.4,13.7,0.0,0.0,0.0,0.0,0.1,0.1,100.0,0.1,200.0,0.0,0.0,0.0,0.0,0.0,0.0,0.0,100.0
325,Lonnie Walker IV,LAL,47,20,27,25.6,27.7,0.4,0.1,0.2,66.7,0.0,0.0,100.0,0.3,70.0,0.1,25.0,0.0,0.0,0.1,25.0,0.0,5.0
326,Luguentz Dort,OKC,56,26,30,30.2,37.3,0.4,0.1,0.2,27.3,0.0,0.1,50.0,0.2,37.5,0.1,33.3,0.0,0.0,0.0,8.3,0.0,8.3
327,Luka Doncic,DAL,54,30,24,36.5,91.3,0.7,0.2,0.4,60.0,0.0,0.0,0.0,0.5,67.6,0.2,35.1,0.1,23.1,0.0,5.4,0.0,0.0
328,Luka Garza,MIN,23,13,10,9.1,15.9,0.7,0.0,0.3,14.3,0.0,0.0,0.0,0.1,11.8,0.4,52.9,0.1,22.2,0.0,5.9,0.0,0.0
329,Luke Kennard,MEM,41,24,17,20.8,25.1,0.3,0.1,0.1,66.7,0.0,0.0,0.0,0.2,66.7,0.1,50.0,0.0,0.0,0.0,0.0,0.0,0.0
330,Luke Kornet,BOS,54,35,19,11.4,12.2,0.5,0.1,0.2,66.7,0.1,0.1,62.5,0.3,58.6,0.3,55.2,0.0,12.5,0.0,0.0,0.1,10.3
331,Malachi Flynn,TOR,43,21,22,13.7,27.8,0.1,0.0,0.0,100.0,0.0,0.0,0.0,0.0,40.0,0.1,80.0,0.0,25.0,0.0,0.0,0.0,0.0
332,Malaki Branham,SAS,48,10,38,22.5,34.8,0.3,0.1,0.2,55.6,0.1,0.1,100.0,0.3,100.0,0.1,21.4,0.0,33.3,0.0,0.0,0.0,14.3
333,Malcolm Brogdon,BOS,54,38,16,25.4,52.6,0.4,0.2,0.2,90.0,0.0,0.0,0.0,0.4,79.2,0.2,54.2,0.0,15.4,0.0,0.0,0.0,0.0
334,Malcolm Hill,CHI,4,3,1,2.0,2.0,0.0,0.0,0.0,0.0,0.0,0.0,0.0,0.0,0.0,0.0,0.0,0.0,0.0,0.0,0.0,0.0,0.0
335,Malik Beasley,LAL,63,32,31,26.7,36.2,0.2,0.1,0.2,63.6,0.0,0.0,0.0,0.2,107.7,0.0,15.4,0.0,0.0,0.0,0.0,0.0,0.0
336,Malik Monk,SAC,59,36,23,22.7,40.9,0.3,0.1,0.2,41.7,0.0,0.0,0.0,0.2,55.6,0.1,33.3,0.0,33.3,0.0,0.0,0.0,0.0
337,Mamadi Diakite,CLE,16,12,4,6.2,8.3,0.5,0.1,0.2,33.3,0.0,0.0,0.0,0.1,25.0,0.3,50.0,0.1,25.0,0.1,12.5,0.0,0.0
338,MarJon Beauchamp,MIL,41,28,13,14.0,14.9,0.2,0.0,0.1,66.7,0.0,0.0,0.0,0.1,44.4,0.1,55.6,0.0,20.0,0.0,11.1,0.0,0.0
339,Marcus Morris Sr.,LAC,56,29,27,28.5,39.0,1.1,0.4,0.6,55.6,0.1,0.1,100.0,0.8,75.8,0.3,27.4,0.0,11.8,0.1,6.5,0.1,4.8
340,Marcus Smart,BOS,47,34,13,32.4,61.6,0.4,0.1,0.1,100.0,0.0,0.0,0.0,0.2,38.1,0.3,57.1,0.1,25.0,0.0,9.5,0.0,0.0
341,Mark Williams,CHA,34,13,21,17.4,19.4,1.7,0.5,0.9,60.0,0.2,0.3,60.0,1.2,71.2,0.4,25.4,0.1,13.3,0.1,8.5,0.1,6.8
342,Markelle Fultz,ORL,43,22,21,29.4,66.7,0.4,0.1,0.2,57.1,0.0,0.0,0.0,0.2,42.1,0.2,47.4,0.1,33.3,0.0,10.5,0.0,0.0
343,Markieff Morris,DAL,29,16,13,10.3,14.4,0.3,0.0,0.1,0.0,0.1,0.1,100.0,0.1,25.0,0.2,62.5,0.0,20.0,0.0,0.0,0.0,12.5
344,Marko Simonovic,CHI,2,0,2,1.8,3.5,0.0,0.0,0.0,0.0,0.0,0.0,0.0,0.0,0.0,0.0,0.0,0.0,0.0,0.0,0.0,0.0,0.0
345,Marvin Bagley III,DET,28,6,22,21.5,32.6,1.6,0.7,1.1,63.3,0.1,0.1,75.0,1.5,95.6,0.4,22.2,0.0,0.0,0.1,6.7,0.0,2.2
346,Mason Plumlee,LAC,63,17,46,27.8,44.4,3.0,0.5,0.9,57.6,0.4,0.6,63.9,1.5,49.2,1.6,52.9,0.4,23.0,0.1,3.7,0.3,9.5
347,Matisse Thybulle,POR,56,34,22,14.4,12.7,0.1,0.0,0.0,0.0,0.0,0.0,50.0,0.0,12.5,0.1,50.0,0.0,0.0,0.0,12.5,0.0,12.5
348,Matt Ryan,MIN,32,14,18,9.5,11.1,0.1,0.0,0.0,0.0,0.0,0.0,0.0,0.0,0.0,0.1,75.0,0.0,0.0,0.0,0.0,0.0,0.0
349,Matthew Dellavedova,SAC,26,15,11,6.2,14.4,0.1,0.0,0.0,0.0,0.0,0.0,0.0,0.0,0.0,0.0,0.0,0.0,0.0,0.0,0.0,0.0,0.0
350,Max Christie,LAL,37,15,22,13.7,13.3,0.1,0.0,0.1,50.0,0.0,0.0,0.0,0.1,40.0,0.1,60.0,0.0,33.3,0.0,0.0,0.0,0.0
351,Max Strus,MIA,62,31,31,29.7,47.2,0.5,0.2,0.2,78.6,0.0,0.0,100.0,0.4,89.3,0.2,42.9,0.0,25.0,0.0,0.0,0.0,3.6
352,Maxi Kleber,DAL,24,14,10,25.3,31.2,1.0,0.1,0.3,33.3,0.0,0.0,0.0,0.2,17.4,0.7,73.9,0.2,23.5,0.0,0.0,0.0,0.0
353,McKinley Wright IV,DAL,20,11,9,10.3,18.4,0.1,0.0,0.0,0.0,0.0,0.0,0.0,0.0,0.0,0.1,50.0,0.0,0.0,0.0,0.0,0.0,0.0
354,Meyers Leonard,MIL,4,4,0,6.7,8.0,0.0,0.0,0.0,0.0,0.0,0.0,0.0,0.0,0.0,0.0,0.0,0.0,0.0,0.0,0.0,0.0,0.0
355,Mfiondu Kabengele,BOS,2,1,1,7.0,7.0,0.0,0.0,0.0,0.0,0.0,0.0,0.0,0.0,0.0,0.0,0.0,0.0,0.0,0.0,0.0,0.0,0.0
356,Micah Potter,UTA,3,2,1,4.8,8.3,0.3,0.3,0.3,100.0,0.0,0.0,0.0,0.7,200.0,0.0,0.0,0.0,0.0,0.0,0.0,0.0,0.0
357,Michael Foster Jr.,PHI,1,1,0,1.0,1.0,0.0,0.0,0.0,0.0,0.0,0.0,0.0,0.0,0.0,0.0,0.0,0.0,0.0,0.0,0.0,0.0,0.0
358,Michael Porter Jr.,DEN,47,34,13,29.2,37.1,1.5,0.4,0.7,61.8,0.3,0.3,85.7,1.2,80.0,0.4,30.0,0.1,23.8,0.1,10.0,0.1,10.0
359,Mikal Bridges,BKN,64,32,32,36.1,50.7,1.5,0.4,0.7,59.6,0.1,0.1,100.0,0.9,63.8,0.5,37.2,0.1,17.1,0.1,5.3,0.0,2.1
360,Mike Conley,MIN,50,25,25,29.8,68.8,0.3,0.1,0.1,75.0,0.0,0.0,100.0,0.2,53.3,0.1,40.0,0.0,16.7,0.0,13.3,0.0,6.7
361,Mike Muscala,BOS,49,23,26,14.8,27.8,0.6,0.2,0.3,50.0,0.0,0.0,50.0,0.4,60.0,0.3,43.3,0.0,7.7,0.0,0.0,0.0,3.3
362,Miles McBride,NYK,50,29,21,12.0,18.8,0.2,0.1,0.1,83.3,0.0,0.0,0.0,0.2,125.0,0.0,12.5,0.0,0.0,0.0,12.5,0.0,0.0
363,Mitchell Robinson,NYK,43,26,17,27.2,26.8,0.7,0.0,0.1,25.0,0.0,0.0,0.0,0.0,7.1,0.5,75.0,0.0,9.5,0.0,0.0,0.0,3.6
364,Mo Bamba,LAL,46,22,24,16.5,26.1,0.9,0.2,0.3,61.5,0.1,0.2,37.5,0.4,47.5,0.4,45.0,0.1,16.7,0.1,12.5,0.1,10.0
365,Monte Morris,WAS,51,25,26,28.1,59.5,0.2,0.0,0.0,100.0,0.0,0.0,0.0,0.1,30.0,0.2,80.0,0.0,25.0,0.0,10.0,0.0,0.0
366,Montrezl Harrell,PHI,51,32,19,12.3,17.1,1.4,0.3,0.5,57.1,0.1,0.2,70.0,0.8,57.1,0.6,44.3,0.1,16.1,0.0,2.9,0.1,7.1
367,Moritz Wagner,ORL,43,21,22,20.6,38.2,2.1,0.7,1.1,61.7,0.4,0.5,81.0,1.7,82.4,0.5,23.1,0.1,19.0,0.2,7.7,0.3,12.1
368,Moses Brown,LAC,34,16,18,8.5,11.6,0.6,0.4,0.4,86.7,0.1,0.2,50.0,0.9,136.4,0.1,9.1,0.0,50.0,0.0,4.5,0.1,13.6
369,Moses Moody,GSW,49,26,23,13.3,14.8,0.2,0.1,0.1,75.0,0.0,0.0,0.0,0.2,66.7,0.1,33.3,0.0,0.0,0.1,33.3,0.0,0.0
370,Moussa Diabate,LAC,18,8,10,9.5,8.1,0.6,0.1,0.2,25.0,0.0,0.0,0.0,0.1,18.2,0.4,63.6,0.0,0.0,0.0,0.0,0.0,0.0
371,Myles Turner,IND,54,25,29,30.0,43.7,3.4,1.1,1.9,55.9,0.4,0.5,74.1,2.6,76.9,1.0,30.8,0.1,14.3,0.1,3.3,0.3,7.7
372,Naji Marshall,NOP,59,29,30,24.7,40.6,0.4,0.1,0.2,77.8,0.1,0.1,100.0,0.3,81.8,0.2,50.0,0.1,54.5,0.0,0.0,0.0,9.1
373,Nassir Little,POR,42,20,22,17.2,20.6,0.2,0.0,0.1,66.7,0.0,0.1,50.0,0.2,87.5,0.0,25.0,0.0,50.0,0.0,12.5,0.0,25.0
374,Nathan Knight,MIN,34,16,18,8.1,11.6,0.4,0.1,0.1,80.0,0.0,0.1,50.0,0.3,73.3,0.2,46.7,0.1,28.6,0.0,6.7,0.0,6.7
375,Naz Reid,MIN,57,27,30,18.1,35.7,1.8,0.5,0.9,58.0,0.2,0.3,75.0,1.3,69.9,0.7,37.9,0.1,12.8,0.1,2.9,0.1,7.8
376,Neemias Queta,SAC,4,1,3,6.1,7.8,0.8,0.3,0.3,100.0,0.0,0.0,0.0,0.5,66.7,0.5,66.7,0.0,0.0,0.0,0.0,0.0,0.0
377,Nerlens Noel,DET,14,2,12,10.8,14.0,1.4,0.1,0.7,10.0,0.0,0.0,0.0,0.1,10.5,0.6,42.1,0.1,12.5,0.1,5.3,0.0,0.0
378,Nic Claxton,BKN,59,31,28,29.3,39.4,3.6,0.7,1.1,60.6,0.2,0.3,45.0,1.5,42.2,2.1,57.8,0.3,15.6,0.2,4.7,0.2,4.7
379,Nick Richards,CHA,50,15,35,17.5,22.0,1.5,0.4,0.7,58.3,0.3,0.4,68.4,1.2,81.1,0.4,28.4,0.1,14.3,0.1,4.1,0.2,13.5
380,Nickeil Alexander-Walker,MIN,42,20,22,14.7,29.4,0.1,0.0,0.1,33.3,0.0,0.0,100.0,0.1,66.7,0.0,33.3,0.0,0.0,0.0,0.0,0.0,16.7
381,Nicolas Batum,LAC,62,33,29,22.2,29.7,0.5,0.1,0.1,100.0,0.0,0.1,50.0,0.2,33.3,0.4,73.3,0.0,0.0,0.0,3.3,0.0,6.7
382,Nikola Jokic,DEN,56,42,14,33.6,99.1,9.7,2.4,3.4,69.5,0.5,0.6,78.8,5.4,55.6,5.3,54.3,1.4,27.1,0.4,4.4,0.3,2.9
383,Nikola Jovic,MIA,15,7,8,13.6,23.2,1.3,0.4,0.5,85.7,0.3,0.3,100.0,1.2,94.7,0.6,47.4,0.1,11.1,0.0,0.0,0.1,10.5
384,Nikola Vucevic,CHI,63,28,35,33.8,67.3,3.9,1.1,1.7,63.8,0.1,0.2,70.0,2.3,58.6,1.9,48.4,0.3,16.9,0.2,6.1,0.1,1.6
385,Noah Vonleh,BOS,23,17,6,7.5,9.5,0.3,0.0,0.0,0.0,0.0,0.0,0.0,0.0,0.0,0.2,71.4,0.1,40.0,0.0,0.0,0.0,0.0
386,Norman Powell,LAC,54,27,27,25.8,36.0,0.4,0.0,0.2,20.0,0.1,0.1,100.0,0.1,38.1,0.2,42.9,0.1,33.3,0.0,0.0,0.0,9.5
387,O.G. Anunoby,TOR,50,24,26,35.8,48.2,0.9,0.3,0.4,70.0,0.0,0.0,100.0,0.6,69.8,0.4,44.2,0.1,21.1,0.0,4.7,0.0,2.3
388,Obi Toppin,NYK,50,28,22,14.7,23.9,0.3,0.1,0.2,62.5,0.1,0.1,75.0,0.3,81.3,0.1,31.3,0.0,20.0,0.0,6.3,0.0,12.5
389,Ochai Agbaji,UTA,41,23,18,16.0,15.4,0.3,0.1,0.1,75.0,0.0,0.1,50.0,0.2,66.7,0.1,50.0,0.0,16.7,0.0,0.0,0.0,16.7
390,Onyeka Okongwu,ATL,61,32,29,23.8,30.0,2.9,0.9,1.5,57.0,0.3,0.5,71.4,2.1,72.2,0.9,30.1,0.1,13.2,0.2,6.3,0.2,8.0
391,Orlando Robinson,MIA,29,17,12,13.7,17.7,1.6,0.3,0.7,47.4,0.0,0.1,25.0,0.7,46.7,0.8,53.3,0.1,8.3,0.0,0.0,0.1,4.4
392,Oshae Brissett,IND,49,21,28,16.0,25.2,0.4,0.1,0.2,54.5,0.0,0.0,100.0,0.3,66.7,0.1,33.3,0.0,28.6,0.0,4.8,0.0,4.8
393,Otto Porter Jr.,TOR,8,4,4,18.3,26.1,0.4,0.0,0.0,0.0,0.0,0.0,0.0,0.0,0.0,0.0,0.0,0.0,0.0,0.1,33.3,0.0,0.0
394,Ousmane Dieng,OKC,20,9,11,15.3,18.6,0.6,0.3,0.3,100.0,0.1,0.1,50.0,0.6,100.0,0.2,33.3,0.1,50.0,0.0,0.0,0.1,8.3
395,P.J. Tucker,PHI,60,38,22,26.0,21.4,0.5,0.1,0.1,57.1,0.0,0.0,0.0,0.1,27.6,0.3,65.5,0.1,26.3,0.0,3.4,0.0,0.0
396,P.J. Washington,CHA,60,18,42,32.9,56.0,2.1,0.6,1.2,55.1,0.3,0.3,83.3,1.6,76.6,0.7,33.1,0.2,22.0,0.1,3.2,0.1,6.5
397,PJ Dozier,SAC,6,6,0,1.8,2.5,0.2,0.2,0.2,100.0,0.0,0.0,0.0,0.3,200.0,0.0,0.0,0.0,0.0,0.0,0.0,0.0,0.0
398,Paolo Banchero,ORL,57,24,33,33.7,63.9,1.0,0.2,0.5,46.7,0.3,0.4,85.0,0.8,79.3,0.3,29.3,0.0,5.9,0.0,0.0,0.2,17.2
399,Pascal Siakam,TOR,54,26,28,37.5,82.3,1.8,0.4,0.9,52.2,0.1,0.1,100.0,1.0,57.1,0.9,46.9,0.2,26.1,0.0,0.0,0.1,3.1
400,Pat Connaughton,MIL,44,31,13,25.0,35.1,0.3,0.1,0.1,75.0,0.0,0.0,0.0,0.1,40.0,0.2,66.7,0.0,0.0,0.0,0.0,0.0,0.0
401,Patrick Baldwin Jr.,GSW,21,9,12,8.7,14.1,0.1,0.0,0.0,0.0,0.0,0.0,0.0,0.0,0.0,0.0,33.3,0.0,0.0,0.0,0.0,0.0,0.0
402,Patrick Beverley,CHI,50,24,26,27.0,35.7,0.4,0.1,0.2,62.5,0.0,0.0,0.0,0.2,57.9,0.2,42.1,0.0,12.5,0.0,10.5,0.0,0.0
403,Patrick Williams,CHI,63,28,35,28.8,39.6,0.7,0.2,0.4,44.0,0.1,0.1,100.0,0.4,63.6,0.2,27.3,0.0,16.7,0.0,4.5,0.0,6.8
404,Patty Mills,BKN,37,18,19,13.1,18.3,0.1,0.0,0.1,33.3,0.0,0.0,0.0,0.1,50.0,0.0,25.0,0.0,0.0,0.0,0.0,0.0,0.0
405,Paul George,LAC,49,27,22,34.2,70.4,1.5,0.4,0.8,47.4,0.0,0.0,100.0,0.8,54.2,0.6,38.9,0.2,28.6,0.1,6.9,0.0,1.4
406,Paul Reed,PHI,49,30,19,9.9,12.4,0.8,0.2,0.4,61.1,0.0,0.0,0.0,0.4,59.5,0.3,37.8,0.0,7.1,0.1,10.8,0.0,2.7
407,Payton Pritchard,BOS,44,30,14,12.4,21.4,0.2,0.1,0.1,75.0,0.0,0.0,0.0,0.1,85.7,0.1,42.9,0.0,0.0,0.0,0.0,0.0,0.0
408,Peyton Watson,DEN,14,9,5,3.2,4.4,0.1,0.1,0.1,100.0,0.0,0.0,0.0,0.1,200.0,0.0,0.0,0.0,0.0,0.0,0.0,0.0,0.0
409,Precious Achiuwa,TOR,40,22,18,22.7,35.0,1.5,0.4,0.8,45.5,0.1,0.2,83.3,0.9,60.0,0.5,35.0,0.0,4.8,0.0,1.7,0.1,3.3
410,Quentin Grimes,NYK,54,32,22,29.5,31.0,0.4,0.1,0.2,66.7,0.1,0.1,100.0,0.4,87.0,0.1,30.4,0.1,42.9,0.0,4.3,0.0,8.7
411,Quenton Jackson,WAS,3,2,1,2.6,3.7,0.0,0.0,0.0,0.0,0.0,0.0,0.0,0.0,0.0,0.0,0.0,0.0,0.0,0.0,0.0,0.0,0.0
412,R.J. Hampton,DET,29,7,22,13.7,22.3,0.2,0.1,0.1,66.7,0.0,0.0,0.0,0.1,57.1,0.1,57.1,0.0,25.0,0.0,0.0,0.0,0.0
413,RJ Barrett,NYK,58,33,25,33.9,50.7,1.1,0.4,0.7,60.0,0.1,0.1,87.5,1.0,86.4,0.3,30.3,0.1,25.0,0.0,1.5,0.1,6.1
414,Raul Neto,CLE,41,27,14,10.2,19.8,0.1,0.0,0.0,100.0,0.0,0.0,0.0,0.0,66.7,0.0,66.7,0.0,50.0,0.0,0.0,0.0,0.0
415,Reggie Bullock,DAL,62,32,30,30.5,33.8,0.2,0.1,0.1,83.3,0.0,0.0,0.0,0.2,90.9,0.1,36.4,0.0,25.0,0.0,9.1,0.0,0.0
416,Reggie Jackson,DEN,57,32,25,25.2,51.0,0.4,0.1,0.1,57.1,0.1,0.1,100.0,0.2,52.2,0.2,47.8,0.1,27.3,0.0,8.7,0.0,8.7
417,Richaun Holmes,SAC,35,18,17,8.7,10.2,1.3,0.5,0.6,76.2,0.1,0.1,100.0,1.0,75.6,0.5,40.0,0.0,5.6,0.1,6.7,0.0,2.2
418,Ricky Rubio,CLE,17,11,6,16.1,38.5,0.4,0.0,0.1,0.0,0.0,0.0,0.0,0.0,0.0,0.2,50.0,0.1,66.7,0.1,16.7,0.0,0.0
419,Robert Covington,LAC,38,15,23,16.4,29.1,0.3,0.0,0.0,0.0,0.0,0.1,50.0,0.0,10.0,0.2,70.0,0.1,57.1,0.0,10.0,0.0,10.0
420,Robert Williams III,BOS,28,18,10,24.2,31.1,1.1,0.2,0.4,50.0,0.0,0.0,0.0,0.4,35.5,0.7,61.3,0.2,26.3,0.1,6.5,0.0,0.0
421,Robin Lopez,CLE,32,23,9,7.7,8.3,1.1,0.2,0.4,50.0,0.1,0.1,100.0,0.6,55.9,0.4,35.3,0.1,16.7,0.1,11.8,0.1,5.9
422,Rodney McGruder,DET,23,3,20,11.5,11.3,0.2,0.0,0.0,100.0,0.0,0.0,0.0,0.1,50.0,0.1,75.0,0.0,33.3,0.0,0.0,0.0,0.0
423,Romeo Langford,SAS,31,10,21,20.3,23.2,0.4,0.1,0.2,50.0,0.1,0.1,100.0,0.3,61.5,0.2,46.2,0.0,16.7,0.0,0.0,0.0,7.7
424,Ron Harper Jr.,TOR,4,2,2,3.5,4.3,0.0,0.0,0.0,0.0,0.0,0.0,0.0,0.0,0.0,0.0,0.0,0.0,0.0,0.0,0.0,0.0,0.0
425,Royce O'Neale,BKN,60,32,28,32.8,62.1,0.4,0.0,0.1,50.0,0.0,0.0,0.0,0.1,22.7,0.3,77.3,0.1,41.2,0.0,4.5,0.0,0.0
426,Rudy Gay,UTA,48,25,23,14.5,22.8,0.5,0.1,0.1,85.7,0.1,0.1,100.0,0.4,81.8,0.2,50.0,0.0,9.1,0.0,0.0,0.0,9.1
427,Rudy Gobert,MIN,53,25,28,30.4,42.7,3.6,0.9,1.4,61.8,0.5,0.8,62.8,2.4,67.4,1.4,39.5,0.3,18.7,0.2,5.8,0.4,11.1
428,Rui Hachimura,LAL,46,25,21,24.4,32.9,0.8,0.3,0.5,50.0,0.0,0.0,0.0,0.5,68.6,0.2,31.4,0.1,36.4,0.0,0.0,0.0,0.0
429,Russell Westbrook,LAC,57,25,32,28.9,64.3,0.5,0.1,0.3,35.3,0.1,0.1,100.0,0.3,54.8,0.1,25.8,0.1,37.5,0.0,0.0,0.0,6.5
430,Ryan Arcidiacono,POR,14,8,6,5.0,11.1,0.1,0.0,0.0,0.0,0.0,0.0,0.0,0.0,0.0,0.1,100.0,0.0,0.0,0.0,0.0,0.0,0.0
431,Ryan Rollins,GSW,12,5,7,5.2,11.6,0.1,0.0,0.0,0.0,0.0,0.0,0.0,0.0,0.0,0.0,0.0,0.0,0.0,0.1,100.0,0.0,0.0
432,Saben Lee,PHX,21,13,8,14.1,32.3,0.2,0.0,0.0,0.0,0.0,0.0,0.0,0.0,0.0,0.2,100.0,0.1,60.0,0.0,0.0,0.0,0.0
433,Saddiq Bey,ATL,57,15,42,28.5,39.1,0.5,0.1,0.3,53.3,0.1,0.1,100.0,0.4,66.7,0.2,40.0,0.0,8.3,0.0,3.3,0.0,6.7
434,Sam Hauser,BOS,62,43,19,15.5,18.3,0.2,0.0,0.1,50.0,0.0,0.0,0.0,0.1,50.0,0.1,50.0,0.0,50.0,0.0,0.0,0.0,0.0
435,Sandro Mamukelashvili,SAS,24,17,7,9.0,13.4,0.4,0.0,0.1,0.0,0.0,0.0,0.0,0.0,0.0,0.3,77.8,0.0,0.0,0.0,0.0,0.0,0.0
436,Santi Aldama,MEM,59,35,24,21.9,28.8,0.7,0.2,0.3,63.2,0.1,0.1,50.0,0.5,68.3,0.3,39.0,0.1,25.0,0.0,4.9,0.0,2.4
437,Scottie Barnes,TOR,61,29,32,35.3,74.2,2.3,0.4,0.8,49.0,0.2,0.2,83.3,1.0,44.0,1.2,53.9,0.2,18.4,0.1,4.3,0.1,4.3
438,Scotty Pippen Jr.,LAL,6,1,5,5.3,12.0,0.3,0.0,0.2,0.0,0.0,0.0,0.0,0.0,0.0,0.2,50.0,0.0,0.0,0.0,0.0,0.0,0.0
439,Serge Ibaka,MIL,16,11,5,11.6,13.5,1.0,0.1,0.3,50.0,0.0,0.0,0.0,0.3,25.0,0.7,68.8,0.0,0.0,0.1,6.3,0.0,0.0
440,Seth Curry,BKN,45,28,17,21.9,34.9,0.2,0.0,0.1,33.3,0.0,0.0,0.0,0.0,25.0,0.1,62.5,0.0,0.0,0.0,0.0,0.0,0.0
441,Shaedon Sharpe,POR,62,28,34,20.4,21.0,0.4,0.1,0.2,60.0,0.0,0.0,0.0,0.3,78.3,0.1,26.1,0.0,0.0,0.0,4.3,0.0,0.0
442,Shai Gilgeous-Alexander,OKC,54,25,29,35.5,73.4,0.7,0.4,0.5,74.1,0.1,0.1,83.3,0.9,117.9,0.1,12.8,0.0,20.0,0.0,5.1,0.1,7.7
443,Shake Milton,PHI,58,40,18,20.4,39.0,0.2,0.1,0.1,75.0,0.0,0.0,50.0,0.2,92.9,0.1,21.4,0.0,66.7,0.0,7.1,0.0,7.1
444,Simone Fontecchio,UTA,35,19,16,10.6,13.5,0.2,0.1,0.1,66.7,0.0,0.0,0.0,0.1,57.1,0.1,42.9,0.0,0.0,0.0,0.0,0.0,0.0
445,Spencer Dinwiddie,BKN,62,31,31,34.1,64.5,0.2,0.0,0.0,66.7,0.0,0.0,0.0,0.1,36.4,0.1,72.7,0.0,25.0,0.0,0.0,0.0,0.0
446,Stanley Johnson,SAS,29,5,24,15.8,26.0,0.6,0.1,0.2,50.0,0.0,0.1,50.0,0.2,38.9,0.3,55.6,0.1,30.0,0.0,5.6,0.0,5.6
447,Stanley Umude,DET,1,0,1,2.1,3.0,0.0,0.0,0.0,0.0,0.0,0.0,0.0,0.0,0.0,0.0,0.0,0.0,0.0,0.0,0.0,0.0,0.0
448,Stephen Curry,GSW,37,19,18,34.9,79.5,0.6,0.3,0.3,91.7,0.1,0.1,100.0,0.7,118.2,0.1,18.2,0.0,25.0,0.1,9.1,0.0,4.5
449,Sterling Brown,LAL,4,2,2,6.1,6.0,0.0,0.0,0.0,0.0,0.0,0.0,0.0,0.0,0.0,0.0,0.0,0.0,0.0,0.0,0.0,0.0,0.0
450,Steven Adams,MEM,42,28,14,27.0,43.2,4.4,0.6,1.1,57.8,0.2,0.4,47.1,1.4,32.4,2.7,62.2,0.5,18.3,0.3,7.0,0.2,4.3
451,Svi Mykhailiuk,CHA,16,10,6,5.5,5.8,0.0,0.0,0.0,0.0,0.0,0.0,0.0,0.0,0.0,0.0,0.0,0.0,0.0,0.0,0.0,0.0,0.0
452,T.J. McConnell,IND,61,26,35,19.7,52.7,0.4,0.0,0.1,20.0,0.0,0.0,0.0,0.0,8.3,0.3,70.8,0.0,11.8,0.0,8.3,0.0,0.0
453,T.J. Warren,PHX,29,18,11,17.9,24.3,0.6,0.2,0.4,63.6,0.0,0.0,0.0,0.5,87.5,0.1,25.0,0.0,25.0,0.0,6.3,0.0,0.0
454,Taj Gibson,WAS,39,18,21,10.1,15.7,1.5,0.3,0.5,50.0,0.2,0.3,90.0,0.7,50.0,0.8,51.7,0.1,13.3,0.0,1.7,0.1,8.6
455,Talen Horton-Tucker,UTA,50,25,25,17.4,36.1,0.1,0.0,0.1,66.7,0.0,0.0,0.0,0.1,71.4,0.1,57.1,0.0,25.0,0.0,0.0,0.0,0.0
456,Tari Eason,HOU,62,13,49,19.9,30.8,0.7,0.1,0.3,36.8,0.2,0.2,73.3,0.4,53.3,0.2,28.9,0.0,23.1,0.0,6.7,0.1,15.6
457,Taurean Prince,MIN,39,23,16,21.3,28.0,0.2,0.1,0.1,50.0,0.0,0.0,0.0,0.1,44.4,0.1,55.6,0.0,20.0,0.0,0.0,0.0,0.0
458,Terance Mann,LAC,65,33,32,23.4,38.6,0.5,0.1,0.2,66.7,0.0,0.1,75.0,0.3,63.6,0.3,51.5,0.0,11.8,0.0,6.1,0.0,6.1
459,Terence Davis,SAC,49,29,20,13.7,21.1,0.1,0.0,0.0,100.0,0.0,0.0,0.0,0.0,40.0,0.1,80.0,0.0,50.0,0.0,0.0,0.0,0.0
460,Terrence Ross,PHX,45,17,28,22.4,22.7,0.2,0.0,0.1,40.0,0.0,0.0,0.0,0.1,57.1,0.0,14.3,0.0,0.0,0.0,14.3,0.0,0.0
461,Terry Rozier,CHA,54,16,38,35.7,74.3,0.6,0.1,0.3,28.6,0.1,0.1,100.0,0.3,53.3,0.2,30.0,0.0,22.2,0.0,6.7,0.1,13.3
462,Terry Taylor,CHI,28,10,18,8.3,9.8,0.2,0.0,0.1,50.0,0.0,0.1,50.0,0.1,50.0,0.1,50.0,0.0,33.3,0.0,0.0,0.0,16.7
463,Thaddeus Young,TOR,51,22,29,15.3,27.3,1.7,0.2,0.5,34.8,0.0,0.0,0.0,0.3,18.6,1.1,64.0,0.2,16.4,0.1,5.8,0.0,0.0
464,Thanasis Antetokounmpo,MIL,28,20,8,4.0,4.3,0.1,0.0,0.0,0.0,0.0,0.0,0.0,0.0,0.0,0.1,66.7,0.0,0.0,0.0,33.3,0.0,0.0
465,Theo Maledon,CHA,36,10,26,16.1,36.7,0.1,0.0,0.0,0.0,0.0,0.0,0.0,0.0,0.0,0.1,100.0,0.0,33.3,0.0,0.0,0.0,0.0
466,Theo Pinson,DAL,33,16,17,7.2,14.0,0.2,0.0,0.1,50.0,0.0,0.1,50.0,0.1,60.0,0.1,40.0,0.0,50.0,0.0,0.0,0.0,20.0
467,Thomas Bryant,DEN,49,28,21,19.9,29.1,2.4,0.8,1.3,61.9,0.3,0.4,83.3,1.9,80.5,0.8,31.4,0.1,13.5,0.1,5.9,0.2,7.6
468,Tim Hardaway Jr.,DAL,58,33,25,30.0,44.5,0.4,0.1,0.2,63.6,0.0,0.0,50.0,0.3,75.0,0.2,50.0,0.1,25.0,0.0,0.0,0.0,4.2
469,Tobias Harris,PHI,58,37,21,33.7,50.2,0.8,0.2,0.4,50.0,0.0,0.0,0.0,0.5,61.4,0.3,34.1,0.1,40.0,0.0,4.5,0.0,0.0
470,Tony Bradley,CHI,11,4,7,2.9,5.2,0.0,0.0,0.0,0.0,0.0,0.0,0.0,0.0,0.0,0.0,0.0,0.0,0.0,0.0,0.0,0.0,0.0
471,Torrey Craig,PHX,61,34,27,25.6,33.0,0.7,0.2,0.4,50.0,0.1,0.1,83.3,0.5,73.2,0.2,26.8,0.1,36.4,0.0,7.3,0.0,7.3
472,Trae Young,ATL,56,30,26,35.2,80.6,0.4,0.1,0.1,71.4,0.0,0.0,100.0,0.2,50.0,0.2,45.8,0.0,9.1,0.1,20.8,0.0,4.2
473,Tre Jones,SAS,52,15,37,29.1,68.2,0.4,0.1,0.1,83.3,0.0,0.0,100.0,0.2,63.2,0.2,57.9,0.1,36.4,0.0,5.3,0.0,5.3
474,Tre Mann,OKC,57,26,31,18.0,30.5,0.1,0.1,0.1,60.0,0.0,0.0,0.0,0.1,85.7,0.0,28.6,0.0,50.0,0.0,0.0,0.0,0.0
475,Trendon Watford,POR,47,22,25,17.0,31.6,1.2,0.3,0.4,63.2,0.1,0.1,75.0,0.6,48.2,0.6,51.8,0.2,31.0,0.1,7.1,0.0,3.6
476,Trent Forrest,ATL,18,6,12,13.3,22.3,0.2,0.1,0.1,100.0,0.0,0.0,0.0,0.2,100.0,0.1,50.0,0.1,50.0,0.0,0.0,0.0,0.0
477,Trevelin Queen,IND,7,2,5,10.0,17.3,0.6,0.0,0.3,0.0,0.0,0.0,0.0,0.0,0.0,0.3,50.0,0.0,0.0,0.0,0.0,0.0,0.0
478,Trevor Hudgins,HOU,5,0,5,5.7,12.2,0.0,0.0,0.0,0.0,0.0,0.0,0.0,0.0,0.0,0.0,0.0,0.0,0.0,0.0,0.0,0.0,0.0
479,Trevor Keels,NYK,2,2,0,1.9,3.0,0.0,0.0,0.0,0.0,0.0,0.0,0.0,0.0,0.0,0.0,0.0,0.0,0.0,0.0,0.0,0.0,0.0
480,Trey Lyles,SAC,56,34,22,16.3,25.7,0.3,0.0,0.1,25.0,0.0,0.0,100.0,0.1,28.6,0.2,64.3,0.0,11.1,0.0,0.0,0.0,7.1
481,Trey Murphy III,NOP,61,28,33,29.3,34.1,0.5,0.2,0.3,68.8,0.1,0.1,100.0,0.5,100.0,0.1,20.7,0.0,0.0,0.0,10.3,0.0,6.9
482,Troy Brown Jr.,LAL,58,27,31,24.2,26.4,0.6,0.1,0.2,35.7,0.1,0.1,100.0,0.3,45.7,0.2,40.0,0.1,21.4,0.0,5.7,0.0,5.7
483,Ty Jerome,GSW,42,20,22,18.5,40.1,0.3,0.1,0.1,75.0,0.0,0.0,0.0,0.1,42.9,0.2,57.1,0.0,0.0,0.0,7.1,0.0,0.0
484,TyTy Washington Jr.,HOU,27,3,24,14.5,29.7,0.1,0.0,0.1,33.3,0.0,0.0,0.0,0.1,66.7,0.0,0.0,0.0,0.0,0.0,0.0,0.0,0.0
485,Tyler Dorsey,DAL,3,2,1,2.8,2.3,0.3,0.3,0.3,100.0,0.0,0.0,0.0,0.7,200.0,0.0,0.0,0.0,0.0,0.0,0.0,0.0,0.0
486,Tyler Herro,MIA,50,26,24,35.3,67.9,0.5,0.1,0.2,63.6,0.0,0.0,0.0,0.3,60.9,0.2,34.8,0.0,25.0,0.1,13.0,0.0,0.0
487,Tyrese Haliburton,IND,51,26,25,33.6,94.4,0.2,0.1,0.1,66.7,0.0,0.0,0.0,0.2,90.9,0.1,36.4,0.0,25.0,0.0,0.0,0.0,0.0
488,Tyrese Martin,ATL,13,8,5,3.5,4.6,0.1,0.1,0.1,100.0,0.0,0.0,0.0,0.2,200.0,0.0,0.0,0.0,0.0,0.0,0.0,0.0,0.0
489,Tyrese Maxey,PHI,43,27,16,32.7,67.7,0.2,0.1,0.1,66.7,0.0,0.0,0.0,0.2,125.0,0.0,25.0,0.0,100.0,0.0,0.0,0.0,0.0
490,Tyus Jones,MEM,62,38,24,22.6,50.3,0.1,0.0,0.0,100.0,0.0,0.0,0.0,0.0,33.3,0.0,16.7,0.0,0.0,0.0,50.0,0.0,0.0
491,Udoka Azubuike,UTA,26,14,12,5.9,5.5,0.3,0.1,0.2,50.0,0.0,0.1,0.0,0.2,44.4,0.1,22.2,0.0,50.0,0.1,22.2,0.0,11.1
492,Udonis Haslem,MIA,6,3,3,7.9,9.8,0.8,0.0,0.3,0.0,0.2,0.3,50.0,0.2,20.0,0.3,40.0,0.0,0.0,0.0,0.0,0.2,20.0
493,Usman Garuba,HOU,55,12,43,13.5,19.8,1.2,0.1,0.3,42.9,0.1,0.1,50.0,0.3,23.4,0.7,60.9,0.1,12.8,0.1,10.9,0.1,4.7
494,Vernon Carey Jr.,WAS,11,8,3,2.6,4.0,0.2,0.0,0.0,0.0,0.0,0.0,0.0,0.0,0.0,0.2,100.0,0.0,0.0,0.0,0.0,0.0,0.0
495,Victor Oladipo,MIA,31,18,13,27.3,51.7,0.2,0.0,0.0,0.0,0.1,0.1,100.0,0.1,33.3,0.1,66.7,0.0,0.0,0.0,0.0,0.0,16.7
496,Vince Williams Jr.,MEM,11,6,5,4.7,5.3,0.0,0.0,0.0,0.0,0.0,0.0,0.0,0.0,0.0,0.0,0.0,0.0,0.0,0.0,0.0,0.0,0.0
497,Vit Krejci,ATL,22,11,11,5.6,6.4,0.1,0.0,0.0,0.0,0.0,0.1,50.0,0.0,33.3,0.0,33.3,0.0,0.0,0.0,0.0,0.0,33.3
498,Vlatko Cancar,DEN,48,33,15,16.5,22.7,1.1,0.2,0.2,72.7,0.1,0.1,100.0,0.5,44.2,0.7,63.5,0.1,21.2,0.1,5.8,0.0,3.8
499,Walker Kessler,UTA,61,29,32,21.9,22.8,1.8,0.5,0.8,61.2,0.1,0.3,38.9,1.1,63.9,0.7,38.9,0.1,16.7,0.1,6.5,0.1,8.3
500,Wendell Carter Jr.,ORL,44,19,25,29.6,53.4,3.9,0.7,1.2,56.6,0.1,0.1,66.7,1.5,37.2,2.3,58.7,0.5,20.8,0.2,5.2,0.1,2.3
501,Wendell Moore Jr.,MIN,24,13,11,5.8,10.0,0.2,0.0,0.0,100.0,0.1,0.1,100.0,0.2,100.0,0.0,25.0,0.0,0.0,0.0,25.0,0.0,25.0
502,Wenyen Gabriel,LAL,50,24,26,15.0,19.9,1.5,0.4,0.7,61.8,0.0,0.1,16.7,0.9,63.5,0.6,39.2,0.0,6.9,0.1,5.4,0.1,4.1
503,Wesley Matthews,MIL,39,29,10,15.6,14.6,0.2,0.0,0.0,0.0,0.1,0.1,100.0,0.1,25.0,0.2,75.0,0.1,33.3,0.0,0.0,0.0,12.5
504,Will Barton,TOR,42,19,23,18.9,31.1,0.3,0.0,0.1,20.0,0.0,0.0,100.0,0.1,36.4,0.1,36.4,0.0,25.0,0.0,9.1,0.0,9.1
505,Willy Hernangomez,NOP,32,17,15,13.1,25.2,2.3,0.4,0.8,58.3,0.3,0.4,78.6,1.2,54.2,1.1,48.6,0.2,20.0,0.2,8.3,0.2,9.7
506,Xavier Tillman,MEM,43,27,16,16.4,26.0,3.8,0.6,1.1,56.5,0.0,0.0,50.0,1.3,32.9,2.6,67.7,0.5,20.7,0.1,3.0,0.0,0.6
507,Yuta Watanabe,BKN,44,23,21,17.7,18.5,0.4,0.1,0.1,60.0,0.0,0.0,0.0,0.1,33.3,0.3,72.2,0.1,30.8,0.0,0.0,0.0,0.0
508,Zach Collins,SAS,51,15,36,21.9,36.2,3.9,1.0,1.5,67.1,0.1,0.1,66.7,2.1,53.5,1.9,49.5,0.5,25.5,0.3,7.6,0.1,1.5
509,Zach LaVine,CHI,59,27,32,35.9,62.1,0.5,0.1,0.3,50.0,0.1,0.1,100.0,0.3,64.5,0.1,22.6,0.0,0.0,0.1,12.9,0.0,6.5
510,Zeke Nnaji,DEN,43,29,14,13.5,12.5,1.1,0.2,0.3,72.7,0.1,0.1,75.0,0.5,41.7,0.8,72.9,0.1,8.6,0.0,0.0,0.0,4.2
511,Ziaire Williams,MEM,31,19,12,16.0,17.6,0.2,0.0,0.1,33.3,0.1,0.1,100.0,0.2,100.0,0.0,20.0,0.0,0.0,0.0,0.0,0.0,20.0
512,Zion Williamson,NOP,29,17,12,33.0,66.0,1.8,0.8,1.0,73.3,0.2,0.4,41.7,1.8,100.0,0.4,21.6,0.1,18.2,0.1,7.8,0.2,11.8
