,PLAYER,TEAM,GP,W,L,MIN,Touches,Paint Touches,FGM,FGA,FG%,FTM,FTA,FT%,PTS,PTS%,Pass,Pass%,AST,AST%,TO,TOV%,PF,PF%
0,A.J. Lawson,DAL,13,5,8,4.8,4.8,0.2,0.2,0.2,100.0,0.0,0.0,0.0,0.3,200.0,0.0,0.0,0.0,0.0,0.0,0.0,0.0,0.0
1,AJ Green,MIL,32,25,7,9.4,11.9,0.3,0.1,0.1,75.0,0.1,0.1,100.0,0.3,80.0,0.1,30.0,0.0,10.0,0.0,10.0,0.0,10.0
2,AJ Griffin,ATL,63,29,34,19.4,21.2,0.7,0.3,0.4,73.1,0.0,0.1,75.0,0.7,95.3,0.2,25.6,0.0,7.0,0.0,7.0,0.0,4.7
3,Aaron Gordon,DEN,60,41,19,30.1,41.8,6.8,3.6,4.7,75.9,0.9,1.5,57.8,8.1,118.8,0.9,12.7,0.2,3.4,0.3,3.7,0.7,10.0
4,Aaron Holiday,ATL,54,28,26,13.6,19.8,0.4,0.1,0.2,41.7,0.0,0.0,100.0,0.2,57.1,0.1,33.3,0.0,0.0,0.0,0.0,0.0,4.8
5,Aaron Nesmith,IND,63,27,36,24.7,34.6,1.1,0.4,0.6,60.0,0.1,0.1,100.0,0.9,81.2,0.2,21.7,0.0,4.3,0.1,10.1,0.0,4.3
6,Aaron Wiggins,OKC,59,32,27,18.4,21.1,2.1,0.8,1.2,62.5,0.3,0.3,88.2,1.8,83.2,0.6,26.4,0.2,8.0,0.1,6.4,0.1,6.4
7,Admiral Schofield,ORL,31,12,19,11.9,18.1,1.0,0.4,0.6,61.1,0.0,0.1,50.0,0.7,76.7,0.3,33.3,0.1,13.3,0.0,0.0,0.0,3.3
8,Al Horford,BOS,56,39,17,31.0,46.4,2.8,0.7,1.3,53.3,0.1,0.1,75.0,1.5,53.2,1.2,41.8,0.4,12.7,0.1,5.1,0.0,1.3
9,Alec Burks,DET,50,12,38,22.0,34.6,0.4,0.1,0.2,44.4,0.0,0.0,100.0,0.2,61.1,0.1,33.3,0.0,5.6,0.0,11.1,0.0,5.6
10,Aleksej Pokusevski,OKC,31,15,16,21.9,44.4,3.4,1.2,2.1,54.5,0.1,0.2,66.7,2.5,72.4,0.8,23.8,0.1,1.9,0.2,6.7,0.1,2.9
11,Alex Caruso,CHI,58,26,32,24.0,44.3,1.3,0.4,0.6,58.3,0.1,0.1,87.5,0.8,62.8,0.6,41.0,0.2,15.4,0.0,2.6,0.1,5.1
12,Alex Len,SAC,18,12,6,3.2,5.8,0.7,0.2,0.2,100.0,0.1,0.1,50.0,0.5,69.2,0.3,46.2,0.1,7.7,0.1,7.7,0.1,7.7
13,Alize Johnson,SAS,4,1,3,7.4,11.5,1.0,0.0,0.3,0.0,0.0,0.0,0.0,0.0,0.0,0.5,50.0,0.0,0.0,0.3,25.0,0.0,0.0
14,Alondes Williams,BKN,1,1,0,5.3,9.0,0.0,0.0,0.0,0.0,0.0,0.0,0.0,0.0,0.0,0.0,0.0,0.0,0.0,0.0,0.0,0.0,0.0
15,Alperen Sengun,HOU,65,14,51,28.5,55.0,6.9,2.3,4.0,58.5,0.4,0.6,72.5,5.3,76.3,1.9,27.1,0.6,8.0,0.4,6.0,0.2,3.3
16,Amir Coffey,LAC,45,23,22,13.2,14.3,0.3,0.0,0.1,50.0,0.0,0.0,0.0,0.1,33.3,0.1,50.0,0.0,8.3,0.0,0.0,0.0,0.0
17,Andre Drummond,CHI,58,27,31,12.6,17.4,4.4,1.8,2.9,60.9,0.5,1.0,48.3,4.1,93.0,0.6,12.9,0.2,3.5,0.3,6.6,0.5,11.3
18,Andre Iguodala,GSW,7,2,5,13.5,24.4,1.3,0.6,0.6,100.0,0.0,0.0,0.0,1.1,88.9,0.6,44.4,0.1,11.1,0.0,0.0,0.0,0.0
19,Andrew Nembhard,IND,65,29,36,27.1,45.6,0.6,0.2,0.3,57.9,0.0,0.0,0.0,0.4,56.1,0.3,48.8,0.1,9.8,0.0,4.9,0.0,0.0
20,Andrew Wiggins,GSW,36,18,18,32.3,46.2,3.3,1.5,2.4,63.5,0.2,0.3,50.0,3.3,99.2,0.6,18.6,0.1,3.4,0.0,0.8,0.1,4.2
21,Anfernee Simons,POR,62,27,35,35.0,67.4,0.6,0.3,0.4,64.0,0.0,0.0,0.0,0.5,84.2,0.2,28.9,0.0,2.6,0.0,5.3,0.0,0.0
22,Anthony Davis,LAL,46,23,23,33.6,67.7,10.7,4.9,7.0,70.5,2.4,2.9,83.6,12.7,118.3,1.3,12.2,0.2,2.0,0.5,4.5,1.3,12.4
23,Anthony Edwards,MIN,71,35,36,36.0,71.5,0.9,0.4,0.5,76.3,0.0,0.1,50.0,0.9,95.4,0.3,30.8,0.0,3.1,0.0,3.1,0.0,3.1
24,Anthony Gill,WAS,48,18,30,10.0,10.0,1.2,0.7,0.8,84.6,0.1,0.2,70.0,1.5,125.4,0.2,18.6,0.0,0.0,0.0,1.7,0.1,6.8
25,Anthony Lamb,GSW,52,28,24,19.9,34.0,1.8,0.5,0.7,63.2,0.1,0.1,75.0,1.0,56.0,0.8,48.4,0.2,11.0,0.1,4.4,0.0,2.2
26,Austin Reaves,LAL,54,27,27,27.8,39.1,0.9,0.2,0.4,61.9,0.1,0.1,100.0,0.6,66.7,0.4,47.1,0.1,11.8,0.0,2.0,0.1,5.9
27,Austin Rivers,MIN,52,25,27,19.5,22.8,0.1,0.0,0.1,50.0,0.0,0.0,0.0,0.1,57.1,0.0,28.6,0.0,0.0,0.0,0.0,0.0,0.0
28,Ayo Dosunmu,CHI,68,33,35,26.8,44.8,0.7,0.3,0.5,64.5,0.1,0.1,100.0,0.7,97.9,0.1,19.1,0.0,2.1,0.1,8.5,0.0,4.3
29,Bam Adebayo,MIA,68,36,32,35.1,63.2,7.8,3.0,5.0,61.1,0.8,1.0,80.9,7.0,88.9,1.8,22.6,0.2,3.0,0.4,4.7,0.5,6.4
30,Ben Simmons,BKN,42,24,18,26.3,61.4,4.0,1.6,2.3,71.1,0.1,0.2,30.0,3.4,84.6,1.4,33.7,0.3,8.3,0.2,4.1,0.1,3.0
31,Bennedict Mathurin,IND,68,30,38,27.8,41.1,1.8,0.7,1.1,63.5,0.4,0.4,85.7,1.8,100.8,0.3,16.5,0.0,0.0,0.1,3.3,0.2,10.7
32,Bismack Biyombo,PHX,51,26,25,13.6,22.4,4.4,1.3,2.2,58.4,0.2,0.6,30.3,2.8,63.7,1.5,33.2,0.2,4.4,0.2,5.3,0.3,6.2
33,Blake Griffin,BOS,34,21,13,14.3,20.8,2.3,0.8,1.2,67.5,0.1,0.2,50.0,1.7,76.6,0.8,33.8,0.1,6.5,0.1,2.6,0.1,5.2
34,Blake Wesley,SAS,25,6,19,17.0,33.2,0.7,0.2,0.3,50.0,0.2,0.2,66.7,0.5,66.7,0.2,33.3,0.0,0.0,0.0,5.6,0.1,11.1
35,Boban Marjanovic,HOU,25,4,21,4.7,6.4,1.4,0.8,1.0,87.5,0.2,0.3,75.0,2.0,142.9,0.1,8.6,0.0,0.0,0.1,5.7,0.2,11.4
36,Bobby Portis,MIL,60,40,20,26.0,49.5,4.4,1.8,2.8,62.9,0.4,0.5,78.6,3.9,90.0,1.0,23.0,0.2,3.4,0.2,4.6,0.2,5.0
37,Bogdan Bogdanovic,ATL,45,22,23,28.3,41.3,0.5,0.1,0.2,54.5,0.0,0.0,100.0,0.3,60.9,0.2,43.5,0.1,13.0,0.0,4.3,0.0,4.3
38,Bojan Bogdanovic,DET,58,15,43,32.0,46.6,0.8,0.3,0.6,47.1,0.1,0.1,87.5,0.7,81.6,0.1,14.3,0.0,2.0,0.1,6.1,0.1,6.1
39,Bol Bol,ORL,67,26,41,21.4,22.6,1.9,1.3,1.5,84.0,0.1,0.2,64.3,2.7,144.0,0.1,7.2,0.0,2.4,0.1,4.8,0.1,4.8
40,Bones Hyland,LAC,47,30,17,19.0,45.4,0.4,0.1,0.1,50.0,0.1,0.1,100.0,0.2,55.6,0.1,38.9,0.0,0.0,0.0,11.1,0.0,5.6
41,Bradley Beal,WAS,49,24,25,33.5,67.8,1.6,0.6,0.9,70.5,0.2,0.2,80.0,1.5,96.1,0.4,28.9,0.1,5.3,0.1,5.3,0.1,6.6
42,Brandon Boston Jr.,LAC,21,8,13,11.7,20.3,0.5,0.1,0.3,28.6,0.0,0.1,50.0,0.2,50.0,0.0,10.0,0.0,10.0,0.0,0.0,0.0,10.0
43,Brandon Clarke,MEM,56,32,24,19.5,28.5,5.4,2.5,3.5,70.4,0.8,1.1,73.4,6.0,109.5,1.0,18.7,0.2,3.6,0.2,3.0,0.6,10.2
44,Brandon Ingram,NOP,34,15,19,33.2,64.9,0.8,0.3,0.5,62.5,0.1,0.1,100.0,0.6,81.5,0.2,25.9,0.0,3.7,0.0,3.7,0.0,3.7
45,Braxton Key,DET,3,0,3,3.0,3.3,0.0,0.0,0.0,0.0,0.0,0.0,0.0,0.0,0.0,0.0,0.0,0.0,0.0,0.0,0.0,0.0,0.0
46,Brook Lopez,MIL,69,50,19,30.7,34.6,5.7,2.6,3.7,69.4,0.9,1.1,79.5,6.3,111.0,0.9,15.1,0.1,2.3,0.3,5.1,0.5,9.5
47,Bruce Brown,DEN,71,48,23,28.1,50.7,1.8,0.7,1.0,66.2,0.3,0.4,84.0,1.6,89.9,0.6,31.0,0.1,7.0,0.1,3.1,0.2,9.3
48,Bruno Fernando,ATL,34,10,24,10.9,19.5,3.6,1.2,2.1,58.6,0.5,0.7,75.0,3.0,82.8,0.9,24.6,0.3,7.4,0.2,4.9,0.4,9.8
49,Bryce McGowens,CHA,37,12,25,14.5,14.6,0.5,0.2,0.3,60.0,0.0,0.1,50.0,0.4,76.5,0.1,29.4,0.0,0.0,0.0,0.0,0.0,5.9
50,Bryn Forbes,MIN,25,9,16,10.7,11.9,0.1,0.0,0.0,100.0,0.0,0.0,0.0,0.1,100.0,0.0,33.3,0.0,0.0,0.0,33.3,0.0,0.0
51,Buddy Boeheim,DET,6,1,5,10.9,10.5,0.2,0.0,0.0,0.0,0.3,0.3,100.0,0.3,200.0,0.0,0.0,0.0,0.0,0.0,0.0,0.2,100.0
52,Buddy Hield,IND,72,32,40,31.7,59.5,0.9,0.3,0.4,75.0,0.0,0.0,66.7,0.8,87.3,0.4,41.3,0.1,7.9,0.0,1.6,0.0,1.6
53,CJ McCollum,NOP,64,30,34,35.2,75.1,0.6,0.2,0.3,60.0,0.0,0.0,0.0,0.4,63.2,0.2,31.6,0.1,13.2,0.1,10.5,0.0,0.0
54,Cade Cunningham,DET,12,3,9,33.3,78.3,0.9,0.3,0.4,60.0,0.3,0.3,100.0,0.8,90.9,0.3,27.3,0.1,9.1,0.1,9.1,0.2,18.2
55,Caleb Houstan,ORL,42,15,27,15.1,12.6,0.6,0.2,0.4,50.0,0.0,0.0,100.0,0.5,74.1,0.1,22.2,0.0,3.7,0.0,3.7,0.0,3.7
56,Caleb Martin,MIA,62,33,29,29.8,39.0,2.3,0.7,1.1,62.1,0.2,0.3,77.8,1.5,67.1,1.0,42.7,0.2,7.0,0.1,2.8,0.1,5.6
57,Cam Reddish,POR,36,13,23,25.0,28.7,0.8,0.4,0.6,75.0,0.0,0.1,50.0,0.9,110.7,0.1,17.9,0.0,3.6,0.1,7.1,0.0,3.6
58,Cam Thomas,BKN,52,28,24,16.6,28.9,0.3,0.1,0.2,75.0,0.1,0.1,100.0,0.3,123.1,0.1,23.1,0.0,15.4,0.0,0.0,0.0,7.7
59,Cameron Johnson,BKN,32,19,13,28.0,38.0,1.0,0.4,0.7,63.6,0.2,0.3,70.0,1.1,109.4,0.1,12.5,0.0,3.1,0.0,0.0,0.2,15.6
60,Cameron Payne,PHX,39,21,18,21.4,52.9,0.3,0.1,0.1,80.0,0.0,0.0,0.0,0.2,80.0,0.1,50.0,0.1,20.0,0.0,0.0,0.0,0.0
61,Caris LeVert,CLE,67,40,27,30.0,48.0,1.1,0.2,0.5,45.2,0.1,0.1,70.0,0.5,49.3,0.5,42.5,0.1,5.5,0.1,5.5,0.1,6.8
62,Carlik Jones,CHI,1,0,1,21.7,35.0,1.0,0.0,0.0,0.0,0.0,0.0,0.0,0.0,0.0,0.0,0.0,0.0,0.0,1.0,100.0,0.0,0.0
63,Cedi Osman,CLE,68,42,26,20.6,29.2,0.8,0.3,0.5,64.7,0.0,0.1,25.0,0.7,83.3,0.2,25.9,0.0,3.7,0.0,1.9,0.0,3.7
64,Charles Bassey,SAS,35,9,26,14.5,24.9,4.7,2.0,2.9,68.3,0.6,0.8,71.4,4.6,97.6,1.0,21.8,0.1,2.4,0.3,6.1,0.3,7.3
65,Chima Moneke,SAC,2,1,1,4.0,6.5,1.5,0.5,1.0,50.0,0.0,0.0,0.0,1.0,66.7,0.5,33.3,0.5,33.3,0.0,0.0,0.0,0.0
66,Chimezie Metu,SAC,58,36,22,10.9,15.9,2.9,1.3,1.9,69.0,0.4,0.5,73.3,3.1,106.5,0.4,15.4,0.1,3.6,0.1,4.1,0.2,8.3
67,Chris Boucher,TOR,66,33,33,19.8,23.3,4.0,1.7,2.8,62.5,0.7,0.9,75.9,4.2,105.7,0.3,7.9,0.1,1.5,0.3,6.4,0.4,10.9
68,Chris Duarte,IND,45,19,26,19.8,29.6,0.5,0.2,0.3,69.2,0.0,0.0,100.0,0.4,87.0,0.1,17.4,0.0,0.0,0.1,17.4,0.0,4.3
69,Chris Paul,PHX,50,26,24,32.1,74.5,0.3,0.0,0.1,50.0,0.1,0.1,60.0,0.1,35.7,0.1,50.0,0.0,14.3,0.0,14.3,0.0,7.1
70,Chris Silva,DAL,1,1,0,3.0,4.0,0.0,0.0,0.0,0.0,0.0,0.0,0.0,0.0,0.0,0.0,0.0,0.0,0.0,0.0,0.0,0.0,0.0
71,Christian Braun,DEN,66,44,22,14.5,16.5,0.9,0.2,0.3,65.2,0.1,0.2,60.0,0.5,63.2,0.4,42.1,0.1,7.0,0.0,5.3,0.1,8.8
72,Christian Koloko,TOR,49,24,25,14.0,14.8,3.1,1.0,1.8,56.2,0.6,0.8,73.0,2.6,83.7,0.8,24.2,0.1,2.6,0.1,3.9,0.3,11.1
73,Christian Wood,DAL,59,31,28,26.8,47.4,4.3,1.8,2.7,66.0,0.6,0.7,79.5,4.4,102.4,0.7,17.1,0.1,1.2,0.3,7.1,0.3,7.5
74,Chuma Okeke,ORL,22,6,16,18.8,22.2,0.7,0.1,0.2,75.0,0.0,0.1,50.0,0.3,43.8,0.5,68.8,0.1,12.5,0.0,0.0,0.0,6.3
75,Clint Capela,ATL,55,29,26,26.6,36.6,10.3,4.8,7.4,65.5,0.7,1.3,57.7,10.5,102.5,1.6,15.5,0.1,1.1,0.4,3.5,0.6,6.0
76,Coby White,CHI,62,30,32,22.7,36.1,0.2,0.0,0.1,75.0,0.0,0.0,50.0,0.1,63.6,0.1,36.4,0.0,9.1,0.0,18.2,0.0,9.1
77,Cody Martin,CHA,7,2,5,19.1,21.4,1.1,0.3,0.4,66.7,0.0,0.0,0.0,0.6,50.0,0.7,62.5,0.0,0.0,0.0,0.0,0.0,0.0
78,Cody Zeller,MIA,10,4,6,13.0,19.5,3.2,0.9,1.7,52.9,0.2,0.2,100.0,2.0,62.5,1.3,40.6,0.1,3.1,0.1,3.1,0.1,3.1
79,Cole Anthony,ORL,52,23,29,25.5,52.8,1.0,0.3,0.4,65.2,0.2,0.2,90.0,0.8,80.0,0.4,38.0,0.1,6.0,0.0,2.0,0.1,10.0
80,Cole Swider,LAL,6,1,5,6.7,9.2,0.3,0.0,0.0,0.0,0.0,0.0,0.0,0.0,0.0,0.3,100.0,0.0,0.0,0.0,0.0,0.0,0.0
81,Collin Sexton,UTA,47,24,23,24.0,46.1,1.2,0.4,0.7,56.3,0.3,0.3,100.0,1.1,86.2,0.3,20.7,0.1,5.2,0.1,5.2,0.1,10.3
82,Corey Kispert,WAS,63,28,35,27.5,30.6,1.1,0.4,0.7,64.3,0.1,0.1,100.0,1.0,84.5,0.3,29.6,0.1,5.6,0.0,4.2,0.0,4.2
83,Cory Joseph,DET,53,11,42,18.3,38.2,0.2,0.1,0.2,50.0,0.0,0.0,0.0,0.2,72.7,0.1,27.3,0.0,9.1,0.0,0.0,0.0,0.0
84,D'Angelo Russell,LAL,64,33,31,32.5,81.0,0.8,0.3,0.4,57.1,0.1,0.1,100.0,0.6,76.0,0.3,36.0,0.1,10.0,0.0,2.0,0.0,4.0
85,Daishen Nix,HOU,48,12,36,16.7,37.6,0.3,0.1,0.1,60.0,0.1,0.1,75.0,0.2,69.2,0.1,38.5,0.0,7.7,0.0,7.7,0.0,15.4
86,Dalano Banton,TOR,27,14,13,9.3,20.8,0.7,0.5,0.6,76.5,0.0,0.0,0.0,1.0,130.0,0.0,5.0,0.0,0.0,0.0,5.0,0.0,0.0
87,Dalen Terry,CHI,27,13,14,5.0,7.4,0.4,0.1,0.1,50.0,0.0,0.0,0.0,0.1,40.0,0.2,50.0,0.0,0.0,0.0,10.0,0.0,0.0
88,Damian Jones,UTA,31,10,21,9.8,10.2,2.3,0.8,1.3,65.0,0.5,0.6,80.0,2.2,95.8,0.5,19.4,0.0,0.0,0.1,5.6,0.3,13.9
89,Damian Lillard,POR,57,26,31,36.4,88.0,0.6,0.1,0.3,53.3,0.1,0.1,100.0,0.4,55.6,0.2,38.9,0.0,2.8,0.1,8.3,0.0,5.6
90,Damion Lee,PHX,70,38,32,20.7,28.9,0.5,0.1,0.2,58.8,0.0,0.0,100.0,0.3,64.7,0.2,44.1,0.0,2.9,0.0,0.0,0.0,2.9
91,Daniel Gafford,WAS,69,30,39,19.7,28.0,5.1,2.6,3.2,80.2,0.6,1.0,63.8,6.0,117.5,0.9,17.5,0.1,2.8,0.3,6.2,0.5,9.6
92,Daniel Theis,IND,7,1,6,15.5,23.7,3.4,1.3,2.6,50.0,0.6,1.1,50.0,3.1,91.7,0.3,8.3,0.0,0.0,0.0,0.0,0.6,16.7
93,Danny Green,CLE,9,5,4,9.8,13.6,0.2,0.0,0.0,0.0,0.0,0.0,0.0,0.0,0.0,0.2,100.0,0.0,0.0,0.0,0.0,0.0,0.0
94,Danuel House Jr.,PHI,47,32,15,14.2,15.9,0.4,0.2,0.2,90.9,0.1,0.1,50.0,0.5,121.1,0.1,21.1,0.0,5.3,0.0,5.3,0.1,15.8
95,Dario Saric,OKC,52,25,27,14.3,23.9,2.0,0.6,1.0,62.3,0.3,0.3,88.9,1.7,85.6,0.5,25.0,0.1,3.8,0.2,7.7,0.2,7.7
96,Darius Bazley,PHX,39,18,21,14.9,23.0,1.9,0.6,1.0,55.0,0.3,0.4,62.5,1.4,72.4,0.6,28.9,0.1,5.3,0.1,6.6,0.2,9.2
97,Darius Days,HOU,4,0,4,6.2,10.8,0.0,0.0,0.0,0.0,0.0,0.0,0.0,0.0,0.0,0.0,0.0,0.0,0.0,0.0,0.0,0.0,0.0
98,Darius Garland,CLE,62,35,27,35.2,76.9,0.5,0.2,0.2,83.3,0.0,0.0,100.0,0.4,68.8,0.3,56.3,0.1,15.6,0.0,3.1,0.0,3.1
99,David Duke Jr.,BKN,18,7,11,9.6,12.9,0.5,0.2,0.3,60.0,0.1,0.1,100.0,0.4,88.9,0.2,33.3,0.0,0.0,0.0,0.0,0.1,11.1
100,David Roddy,MEM,59,37,22,16.9,19.6,0.8,0.4,0.6,74.3,0.1,0.2,70.0,1.0,118.0,0.2,18.0,0.0,2.0,0.0,0.0,0.1,10.0
101,Davion Mitchell,SAC,70,42,28,17.8,34.2,0.4,0.1,0.2,71.4,0.0,0.0,0.0,0.3,72.4,0.2,48.3,0.1,17.2,0.0,3.4,0.0,0.0
102,Davis Bertans,DAL,40,19,21,10.8,13.1,0.3,0.1,0.1,60.0,0.0,0.0,0.0,0.2,46.2,0.2,61.5,0.0,7.7,0.0,0.0,0.0,0.0
103,Davon Reed,LAL,40,26,14,8.4,15.5,0.4,0.1,0.1,50.0,0.0,0.0,0.0,0.1,28.6,0.2,42.9,0.0,0.0,0.1,21.4,0.0,0.0
104,Day'Ron Sharpe,BKN,37,16,21,11.1,17.8,3.5,1.2,2.1,57.1,0.4,0.4,81.3,2.7,78.9,0.8,24.2,0.1,3.9,0.2,6.3,0.2,6.3
105,De'Aaron Fox,SAC,64,40,24,34.0,79.7,0.7,0.3,0.3,81.8,0.1,0.1,75.0,0.7,95.5,0.2,22.7,0.1,11.4,0.0,6.8,0.0,6.8
106,De'Andre Hunter,ATL,61,33,28,32.0,38.3,1.2,0.4,0.8,58.7,0.2,0.2,78.6,1.1,91.8,0.2,19.2,0.1,6.8,0.0,4.1,0.1,9.6
107,De'Anthony Melton,PHI,68,46,22,28.0,48.7,1.1,0.2,0.4,52.0,0.1,0.1,83.3,0.5,39.7,0.6,51.3,0.1,10.3,0.1,6.4,0.0,3.8
108,DeAndre Jordan,DEN,35,22,13,14.3,18.7,3.7,1.9,2.4,80.7,0.4,0.8,50.0,4.3,113.7,0.5,12.2,0.1,3.1,0.3,6.9,0.4,9.9
109,DeMar DeRozan,CHI,64,32,32,36.7,61.1,0.5,0.2,0.4,45.8,0.0,0.0,100.0,0.4,71.4,0.1,22.9,0.0,5.7,0.0,0.0,0.0,2.9
110,Dean Wade,CLE,39,27,12,19.9,22.3,0.6,0.3,0.3,90.9,0.0,0.1,0.0,0.5,91.3,0.3,43.5,0.1,8.7,0.0,0.0,0.0,4.3
111,Deandre Ayton,PHX,61,30,31,30.4,52.7,11.3,4.9,7.7,64.2,1.2,1.7,73.5,11.3,100.4,1.8,16.1,0.4,3.9,0.5,4.5,0.7,6.5
112,Dejounte Murray,ATL,66,33,33,36.4,72.5,1.1,0.4,0.6,59.5,0.1,0.1,100.0,0.8,75.7,0.4,35.1,0.1,9.5,0.0,1.4,0.0,2.7
113,Delon Wright,WAS,42,23,19,24.0,45.6,1.3,0.3,0.4,61.1,0.1,0.1,100.0,0.7,51.9,0.7,53.7,0.1,7.4,0.1,7.4,0.0,3.7
114,Deni Avdija,WAS,69,31,38,25.9,42.1,2.0,0.6,1.2,44.7,0.2,0.2,82.4,1.3,67.4,0.5,23.9,0.1,6.5,0.1,6.5,0.1,5.8
115,Dennis Schroder,LAL,59,31,28,30.0,54.8,0.3,0.1,0.1,50.0,0.0,0.0,0.0,0.1,44.4,0.1,38.9,0.0,0.0,0.1,16.7,0.0,0.0
116,Dennis Smith Jr.,CHA,51,17,34,25.7,52.7,1.0,0.3,0.5,66.7,0.1,0.2,87.5,0.8,79.6,0.3,26.5,0.0,0.0,0.2,16.3,0.1,8.2
117,Deonte Burton,SAC,2,1,1,3.3,2.0,0.0,0.0,0.0,0.0,0.0,0.0,0.0,0.0,0.0,0.0,0.0,0.0,0.0,0.0,0.0,0.0,0.0
118,Dereon Seabron,NOP,5,2,3,2.3,2.8,0.2,0.2,0.2,100.0,0.0,0.0,0.0,0.4,200.0,0.0,0.0,0.0,0.0,0.0,0.0,0.0,0.0
119,Derrick Jones Jr.,CHI,53,23,30,13.6,17.9,2.2,0.8,1.4,56.8,0.3,0.5,58.3,1.9,88.7,0.5,20.9,0.1,5.2,0.1,3.5,0.2,10.4
120,Derrick Rose,NYK,27,12,15,12.5,26.9,0.4,0.2,0.3,55.6,0.0,0.1,50.0,0.4,100.0,0.0,9.1,0.0,0.0,0.0,0.0,0.0,9.1
121,Derrick White,BOS,72,49,23,28.0,47.0,1.1,0.3,0.5,60.5,0.2,0.2,73.3,0.8,70.4,0.4,38.3,0.1,12.3,0.1,4.9,0.1,8.6
122,Desmond Bane,MEM,49,31,18,31.3,62.8,0.9,0.3,0.6,63.0,0.1,0.1,100.0,0.9,100.0,0.2,23.8,0.0,2.4,0.0,2.4,0.1,7.1
123,Devin Booker,PHX,44,27,17,34.5,63.9,1.5,0.5,0.8,64.9,0.2,0.3,83.3,1.3,83.6,0.4,23.9,0.0,3.0,0.0,3.0,0.1,7.5
124,Devin Vassell,SAS,36,12,24,31.2,53.3,0.6,0.2,0.4,57.1,0.1,0.1,75.0,0.5,90.5,0.1,23.8,0.0,0.0,0.0,0.0,0.1,9.5
125,Devon Dotson,WAS,6,1,5,8.9,16.3,0.5,0.0,0.0,0.0,0.0,0.0,0.0,0.0,0.0,0.5,100.0,0.0,0.0,0.0,0.0,0.0,0.0
126,Devonte' Graham,SAS,66,30,36,17.8,34.1,0.2,0.0,0.0,100.0,0.0,0.0,0.0,0.1,54.5,0.1,45.5,0.0,9.1,0.0,27.3,0.0,0.0
127,Dewayne Dedmon,PHI,33,20,13,11.0,18.7,2.8,1.1,1.8,59.3,0.4,0.4,85.7,2.5,90.2,0.5,19.6,0.2,5.4,0.2,6.5,0.2,7.6
128,Dillon Brooks,MEM,65,41,24,30.5,41.1,0.8,0.3,0.5,54.3,0.1,0.1,100.0,0.7,86.3,0.2,19.6,0.0,2.0,0.0,5.9,0.0,3.9
129,Domantas Sabonis,SAC,69,42,27,34.8,83.3,9.8,3.3,5.0,65.9,1.6,1.9,81.2,8.4,85.8,2.9,29.2,0.7,7.4,0.5,5.0,0.9,8.9
130,Dominick Barlow,SAS,17,2,15,11.7,12.9,2.7,0.6,1.1,55.6,0.5,0.6,90.0,1.7,63.0,1.1,41.3,0.1,4.3,0.2,6.5,0.2,8.7
131,Donovan Mitchell,CLE,61,39,22,35.5,68.3,1.1,0.4,0.6,68.4,0.0,0.0,50.0,0.9,86.2,0.2,23.1,0.0,1.5,0.1,7.7,0.0,1.5
132,Donte DiVincenzo,GSW,62,34,28,26.6,48.9,1.5,0.4,0.7,56.8,0.1,0.1,100.0,0.9,60.9,0.6,39.1,0.1,5.4,0.0,3.3,0.0,2.2
133,Dorian Finney-Smith,BKN,57,26,31,31.2,38.3,2.0,0.7,0.9,72.2,0.1,0.1,87.5,1.5,77.2,0.9,44.7,0.1,7.0,0.1,3.5,0.1,3.5
134,Doug McDermott,SAS,58,18,40,20.7,28.0,0.9,0.4,0.6,68.6,0.0,0.0,0.0,0.9,98.0,0.1,15.7,0.0,2.0,0.1,9.8,0.0,0.0
135,Draymond Green,GSW,63,33,30,31.5,72.7,3.0,0.8,1.3,59.8,0.4,0.5,80.0,2.0,65.3,1.2,39.5,0.3,10.5,0.1,4.7,0.2,6.8
136,Drew Eubanks,POR,69,29,40,19.7,26.4,4.0,1.5,2.1,73.4,0.3,0.5,66.7,3.5,87.3,1.4,34.2,0.2,4.7,0.2,4.7,0.2,6.2
137,Dru Smith,BKN,10,4,6,12.4,22.7,0.4,0.1,0.1,100.0,0.0,0.0,0.0,0.2,50.0,0.3,75.0,0.0,0.0,0.0,0.0,0.0,0.0
138,Duane Washington Jr.,NYK,31,17,14,12.7,30.0,0.1,0.0,0.0,0.0,0.0,0.0,0.0,0.0,0.0,0.0,50.0,0.0,0.0,0.0,50.0,0.0,0.0
139,Duncan Robinson,MIA,35,16,19,16.5,23.1,0.4,0.2,0.3,66.7,0.1,0.1,100.0,0.5,113.3,0.1,26.7,0.0,6.7,0.0,0.0,0.1,13.3
140,Dwight Powell,DAL,67,35,32,19.9,26.0,5.9,2.3,3.0,76.0,0.9,1.3,65.6,5.6,94.2,1.8,29.6,0.3,4.8,0.3,5.3,0.6,10.6
141,Dylan Windler,CLE,2,2,0,4.0,8.5,0.0,0.0,0.0,0.0,0.0,0.0,0.0,0.0,0.0,0.0,0.0,0.0,0.0,0.0,0.0,0.0,0.0
142,Dyson Daniels,NOP,49,25,24,18.6,29.5,0.8,0.3,0.4,73.7,0.0,0.0,100.0,0.6,76.9,0.3,38.5,0.1,10.3,0.1,7.7,0.0,2.6
143,Edmond Sumner,BKN,48,28,20,14.4,24.3,0.6,0.3,0.4,76.5,0.0,0.0,100.0,0.6,106.9,0.2,27.6,0.1,13.8,0.0,6.9,0.0,3.4
144,Eric Gordon,LAC,60,19,41,29.3,39.7,0.4,0.2,0.3,72.2,0.1,0.1,100.0,0.5,125.0,0.1,12.5,0.0,0.0,0.0,0.0,0.0,8.3
145,Eugene Omoruyi,DET,32,10,22,14.4,18.0,2.3,1.0,1.6,62.7,0.3,0.4,75.0,2.3,97.3,0.3,13.3,0.1,5.3,0.2,6.7,0.2,8.0
146,Evan Fournier,NYK,23,13,10,18.0,23.6,0.2,0.1,0.1,66.7,0.0,0.0,0.0,0.2,100.0,0.0,0.0,0.0,0.0,0.0,25.0,0.0,0.0
147,Evan Mobley,CLE,71,43,28,34.2,59.2,8.5,3.4,4.7,71.8,1.0,1.5,68.3,8.0,94.8,2.0,24.1,0.5,5.7,0.5,5.7,0.7,8.3
148,Facundo Campazzo,DAL,8,2,6,6.5,14.9,0.1,0.0,0.0,0.0,0.0,0.0,0.0,0.0,0.0,0.1,100.0,0.1,100.0,0.0,0.0,0.0,0.0
149,Frank Jackson,UTA,1,0,1,5.1,10.0,1.0,0.0,1.0,0.0,0.0,0.0,0.0,0.0,0.0,0.0,0.0,0.0,0.0,0.0,0.0,0.0,0.0
150,Frank Kaminsky,HOU,33,12,21,6.4,13.1,0.8,0.2,0.4,53.8,0.1,0.2,66.7,0.5,72.0,0.2,32.0,0.0,0.0,0.0,0.0,0.1,12.0
151,Frank Ntilikina,DAL,43,19,24,11.5,15.7,0.2,0.0,0.1,33.3,0.0,0.0,0.0,0.0,28.6,0.0,14.3,0.0,14.3,0.0,28.6,0.0,0.0
152,Franz Wagner,ORL,71,28,43,32.9,53.6,1.9,0.8,1.2,66.3,0.4,0.5,78.1,1.9,99.3,0.4,21.2,0.1,3.6,0.0,2.2,0.2,8.0
153,Fred VanVleet,TOR,60,29,31,37.0,85.1,0.2,0.1,0.2,60.0,0.0,0.0,0.0,0.2,85.7,0.1,28.6,0.0,14.3,0.0,0.0,0.0,0.0
154,Furkan Korkmaz,PHI,29,21,8,9.4,13.9,0.3,0.1,0.2,80.0,0.1,0.2,50.0,0.4,133.3,0.0,11.1,0.0,0.0,0.0,0.0,0.1,33.3
155,Gabe Vincent,MIA,59,32,27,26.3,43.8,0.4,0.1,0.2,61.5,0.1,0.1,100.0,0.4,80.8,0.2,34.6,0.0,3.8,0.0,7.7,0.0,0.0
156,Garrett Temple,NOP,20,12,8,7.1,9.3,0.3,0.1,0.2,33.3,0.0,0.0,0.0,0.1,40.0,0.1,40.0,0.1,20.0,0.0,0.0,0.0,0.0
157,Garrison Mathews,ATL,48,13,35,12.7,13.8,0.1,0.1,0.1,75.0,0.0,0.0,0.0,0.1,116.7,0.0,33.3,0.0,0.0,0.0,0.0,0.0,0.0
158,Gary Harris,ORL,41,17,24,25.0,22.1,0.6,0.2,0.3,72.7,0.0,0.0,100.0,0.5,82.6,0.2,30.4,0.0,0.0,0.0,8.7,0.0,4.3
159,Gary Payton II,GSW,15,8,7,17.0,23.0,1.8,0.7,1.1,62.5,0.0,0.0,0.0,1.3,74.1,0.6,33.3,0.0,0.0,0.1,3.7,0.0,0.0
160,Gary Trent Jr.,TOR,63,30,33,32.6,39.2,0.6,0.3,0.4,63.0,0.1,0.1,66.7,0.6,102.6,0.1,20.5,0.0,2.6,0.0,2.6,0.0,7.7
161,George Hill,IND,41,26,15,18.7,32.5,0.6,0.1,0.2,55.6,0.0,0.0,50.0,0.3,47.8,0.3,52.2,0.0,8.7,0.0,0.0,0.0,4.3
162,Georges Niang,PHI,68,46,22,19.2,28.7,0.4,0.2,0.2,81.3,0.1,0.1,87.5,0.5,126.9,0.1,19.2,0.0,3.8,0.0,3.8,0.0,11.5
163,Giannis Antetokounmpo,MIL,56,42,14,32.5,79.1,5.3,2.6,3.1,81.3,0.7,1.1,67.8,5.9,110.4,1.0,18.8,0.2,4.0,0.3,5.0,0.5,9.7
164,Goga Bitadze,ORL,29,9,20,10.4,15.6,3.0,0.9,1.6,60.0,0.2,0.6,38.9,2.2,72.7,0.9,29.5,0.1,2.3,0.1,4.5,0.3,10.2
165,Goran Dragic,MIL,50,22,28,15.5,34.4,0.2,0.1,0.1,80.0,0.0,0.0,0.0,0.2,80.0,0.1,30.0,0.0,10.0,0.0,0.0,0.0,0.0
166,Gordon Hayward,CHA,47,18,29,31.5,48.2,1.9,0.6,1.0,62.5,0.1,0.2,75.0,1.4,76.4,0.7,34.8,0.2,9.0,0.1,3.4,0.1,4.5
167,Gorgui Dieng,SAS,24,2,22,9.8,18.3,1.3,0.3,0.5,66.7,0.1,0.1,100.0,0.8,60.0,0.7,53.3,0.1,6.7,0.0,0.0,0.0,3.3
168,Grant Williams,BOS,69,47,22,26.7,30.7,1.7,0.4,0.7,56.9,0.2,0.3,88.9,1.1,67.5,0.6,38.6,0.1,6.1,0.1,3.5,0.1,7.9
169,Grayson Allen,MIL,65,48,17,27.8,36.0,0.9,0.2,0.3,75.0,0.0,0.0,100.0,0.5,55.2,0.5,60.3,0.1,6.9,0.0,1.7,0.0,1.7
170,Greg Brown III,POR,16,10,6,5.8,5.3,0.3,0.1,0.3,50.0,0.0,0.0,0.0,0.3,80.0,0.0,0.0,0.0,0.0,0.0,0.0,0.0,0.0
171,Hamidou Diallo,DET,55,12,43,17.7,27.8,2.0,1.0,1.4,71.1,0.3,0.4,66.7,2.4,120.4,0.2,9.3,0.1,2.8,0.2,9.3,0.2,11.1
172,Harrison Barnes,SAC,71,43,28,32.8,47.1,1.8,0.8,1.1,71.4,0.2,0.3,80.0,1.8,100.8,0.5,25.8,0.1,4.7,0.1,4.7,0.1,6.3
173,Haywood Highsmith,MIA,48,25,23,18.3,20.5,2.0,0.5,0.9,53.3,0.0,0.1,33.3,1.0,52.1,0.7,35.1,0.1,7.4,0.2,9.6,0.1,3.2
174,Herbert Jones,NOP,55,23,32,29.1,42.8,2.1,0.7,1.2,56.9,0.2,0.4,52.4,1.6,75.2,0.6,29.1,0.1,3.4,0.1,2.6,0.2,8.5
175,Immanuel Quickley,NYK,72,42,30,28.4,49.1,0.4,0.1,0.2,63.6,0.0,0.0,100.0,0.2,54.8,0.2,54.8,0.0,9.7,0.0,3.2,0.0,3.2
176,Isaac Okoro,CLE,73,45,28,21.8,20.1,1.2,0.4,0.6,76.2,0.1,0.2,62.5,1.0,88.4,0.5,38.4,0.2,14.0,0.0,3.5,0.1,9.3
177,Isaiah Hartenstein,NYK,73,42,31,19.7,28.8,5.0,1.5,2.7,56.1,0.3,0.4,68.8,3.4,67.7,1.8,35.9,0.2,4.7,0.2,4.1,0.2,3.8
178,Isaiah Jackson,IND,53,21,32,15.4,21.6,5.2,2.0,3.3,59.8,0.8,1.2,65.1,4.8,93.8,1.0,18.7,0.1,2.6,0.2,3.7,0.5,10.6
179,Isaiah Joe,OKC,63,32,31,18.1,23.4,0.3,0.1,0.2,60.0,0.0,0.1,75.0,0.2,75.0,0.1,35.0,0.0,5.0,0.0,5.0,0.0,10.0
180,Isaiah Livers,DET,45,10,35,22.4,25.4,0.5,0.2,0.2,70.0,0.0,0.0,50.0,0.4,69.6,0.2,47.8,0.0,0.0,0.0,4.3,0.0,4.3
181,Isaiah Mobley,CLE,9,6,3,3.4,5.8,0.2,0.2,0.2,100.0,0.0,0.0,0.0,0.4,200.0,0.0,0.0,0.0,0.0,0.0,0.0,0.0,0.0
182,Isaiah Roby,SAS,41,9,32,11.3,18.8,0.9,0.3,0.5,59.1,0.1,0.2,37.5,0.7,81.1,0.2,21.6,0.0,0.0,0.0,5.4,0.1,10.8
183,Isaiah Stewart,DET,49,12,37,28.3,39.2,4.7,1.4,2.6,56.3,0.9,1.3,68.3,3.8,80.5,1.1,24.2,0.4,7.8,0.2,5.2,0.6,13.0
184,Isaiah Todd,WAS,4,2,2,3.1,4.3,0.0,0.0,0.0,0.0,0.0,0.0,0.0,0.0,0.0,0.0,0.0,0.0,0.0,0.0,0.0,0.0,0.0
185,Ish Smith,DEN,36,22,14,9.0,21.2,0.3,0.1,0.1,50.0,0.0,0.0,0.0,0.1,44.4,0.1,44.4,0.0,11.1,0.0,11.1,0.0,0.0
186,Ish Wainright,PHX,53,28,25,15.3,15.8,0.7,0.2,0.4,52.2,0.0,0.0,0.0,0.5,66.7,0.2,33.3,0.0,5.6,0.0,2.8,0.0,0.0
187,Ivica Zubac,LAC,66,37,29,29.2,42.3,9.0,3.3,5.1,64.2,1.5,2.0,72.4,8.2,90.9,1.9,20.8,0.2,2.7,0.6,6.9,0.9,10.3
188,JD Davison,BOS,8,7,1,2.3,3.8,0.1,0.1,0.1,100.0,0.0,0.0,0.0,0.3,200.0,0.0,0.0,0.0,0.0,0.0,0.0,0.0,0.0
189,JT Thor,CHA,60,18,42,11.9,15.6,0.9,0.3,0.5,55.2,0.1,0.2,70.0,0.7,76.5,0.2,23.5,0.0,3.9,0.1,5.9,0.1,7.8
190,Ja Morant,MEM,53,34,19,32.5,79.1,1.5,0.6,1.0,65.4,0.1,0.1,66.7,1.4,92.3,0.3,21.8,0.1,3.8,0.1,6.4,0.1,3.8
191,JaMychal Green,GSW,53,27,26,14.3,22.8,3.0,1.1,1.7,65.6,0.7,0.9,74.5,2.9,98.1,0.5,16.4,0.1,3.8,0.3,11.3,0.4,14.5
192,JaVale McGee,DAL,37,18,19,8.0,11.5,3.1,1.3,2.1,60.3,0.2,0.5,44.4,2.8,91.2,0.4,12.3,0.1,1.8,0.2,7.0,0.2,7.0
193,Jabari Smith Jr.,HOU,69,17,52,30.7,46.1,2.5,1.1,1.6,66.4,0.5,0.6,81.8,2.6,105.8,0.4,15.1,0.1,3.5,0.2,6.4,0.3,12.2
194,Jabari Walker,POR,46,20,26,8.7,10.0,1.3,0.5,0.9,53.7,0.1,0.2,60.0,1.1,82.0,0.2,14.8,0.0,3.3,0.1,8.2,0.1,8.2
195,Jack White,DEN,16,12,4,3.2,4.9,0.6,0.1,0.3,50.0,0.0,0.0,0.0,0.3,44.4,0.3,44.4,0.0,0.0,0.1,11.1,0.0,0.0
196,Jaden Hardy,DAL,38,18,20,13.9,23.4,0.2,0.1,0.1,66.7,0.0,0.0,0.0,0.1,57.1,0.1,57.1,0.0,14.3,0.0,0.0,0.0,0.0
197,Jaden Ivey,DET,63,15,48,30.4,56.0,1.5,0.4,0.8,52.0,0.2,0.2,71.4,1.0,68.8,0.4,30.1,0.2,10.8,0.1,5.4,0.1,7.5
198,Jaden McDaniels,MIN,70,35,35,30.8,39.5,2.5,1.0,1.3,74.2,0.3,0.4,69.0,2.3,92.0,0.7,28.2,0.1,4.6,0.2,6.9,0.2,6.3
199,Jaden Springer,PHI,10,10,0,4.0,4.3,0.6,0.4,0.5,80.0,0.0,0.0,0.0,0.8,133.3,0.1,16.7,0.0,0.0,0.0,0.0,0.0,0.0
200,Jae Crowder,MIL,11,9,2,18.7,27.3,0.9,0.3,0.4,75.0,0.2,0.2,100.0,0.7,80.0,0.4,40.0,0.1,10.0,0.1,10.0,0.1,10.0
201,Jae'Sean Tate,HOU,31,7,24,21.9,40.9,2.3,0.7,1.4,50.0,0.1,0.3,37.5,1.6,70.0,0.6,25.7,0.1,5.7,0.1,2.9,0.1,4.3
202,Jake LaRavia,MEM,33,22,11,11.9,14.3,0.5,0.1,0.2,42.9,0.0,0.1,50.0,0.2,38.9,0.3,55.6,0.0,5.6,0.0,0.0,0.0,5.6
203,Jakob Poeltl,TOR,61,20,41,26.7,53.9,8.4,3.2,5.0,64.7,0.8,1.3,59.5,7.3,86.2,2.2,26.0,0.3,4.1,0.4,4.7,0.6,7.2
204,Jalen Brunson,NYK,64,37,27,34.9,84.2,0.3,0.1,0.2,60.0,0.0,0.0,0.0,0.2,57.1,0.2,52.4,0.0,14.3,0.0,0.0,0.0,0.0
205,Jalen Duren,DET,57,15,42,24.7,35.0,7.8,3.1,4.7,64.7,0.8,1.3,66.7,7.1,90.6,1.7,21.6,0.3,3.8,0.5,6.5,0.6,7.6
206,Jalen Green,HOU,66,16,50,34.1,65.9,0.9,0.4,0.5,66.7,0.1,0.2,60.0,0.8,90.2,0.1,14.8,0.0,1.6,0.1,9.8,0.1,8.2
207,Jalen Johnson,ATL,64,32,32,14.5,21.1,1.2,0.5,0.9,58.2,0.1,0.1,66.7,1.1,86.1,0.3,22.8,0.0,1.3,0.0,3.8,0.0,3.8
208,Jalen McDaniels,PHI,71,26,45,24.3,36.5,1.8,0.9,1.4,68.0,0.2,0.2,85.7,2.1,118.4,0.2,12.0,0.0,2.4,0.1,4.0,0.1,5.6
209,Jalen Smith,IND,60,29,31,18.5,29.5,4.0,1.6,2.3,69.8,0.6,0.8,70.8,3.9,98.3,0.8,19.7,0.2,3.8,0.3,7.1,0.4,9.7
210,Jalen Suggs,ORL,45,17,28,23.7,44.5,1.5,0.3,0.6,48.0,0.4,0.4,84.2,0.9,61.8,0.5,35.3,0.2,13.2,0.1,8.8,0.2,13.2
211,Jalen Williams,OKC,65,32,33,29.8,45.7,2.3,1.0,1.4,72.2,0.3,0.4,91.7,2.3,103.4,0.6,25.2,0.1,4.1,0.1,5.4,0.2,8.2
212,Jamal Cain,MIA,15,8,7,12.4,12.1,2.5,1.1,1.6,66.7,0.6,0.8,75.0,2.8,113.5,0.3,13.5,0.2,8.1,0.1,5.4,0.4,16.2
213,Jamal Murray,DEN,58,39,19,33.0,71.5,1.3,0.5,0.7,69.2,0.1,0.1,83.3,1.1,82.4,0.4,33.8,0.0,2.7,0.1,6.8,0.1,4.1
214,Jamaree Bouyea,WAS,5,2,3,14.1,23.6,0.0,0.0,0.0,0.0,0.0,0.0,0.0,0.0,0.0,0.0,0.0,0.0,0.0,0.0,0.0,0.0,0.0
215,James Bouknight,CHA,26,5,21,13.6,18.1,0.2,0.0,0.2,25.0,0.0,0.0,0.0,0.1,33.3,0.1,33.3,0.1,33.3,0.0,0.0,0.0,0.0
216,James Harden,PHI,53,36,17,36.9,94.2,0.7,0.1,0.4,30.0,0.1,0.1,100.0,0.3,45.7,0.2,34.3,0.0,5.7,0.0,0.0,0.0,5.7
217,James Johnson,IND,14,6,8,8.8,11.9,0.4,0.1,0.1,50.0,0.1,0.1,50.0,0.2,60.0,0.1,40.0,0.0,0.0,0.0,0.0,0.1,20.0
218,James Wiseman,DET,35,10,25,18.2,30.9,5.6,2.9,4.4,66.9,0.3,0.5,68.8,6.3,112.2,0.6,10.2,0.1,1.0,0.3,5.1,0.2,4.1
219,Jared Butler,OKC,2,1,1,9.6,17.0,0.0,0.0,0.0,0.0,0.0,0.0,0.0,0.0,0.0,0.0,0.0,0.0,0.0,0.0,0.0,0.0,0.0
220,Jared Rhoden,DET,6,1,5,8.5,8.5,0.8,0.5,0.8,60.0,0.0,0.0,0.0,1.0,120.0,0.0,0.0,0.0,0.0,0.0,0.0,0.0,0.0
221,Jaren Jackson Jr.,MEM,54,34,20,28.0,39.9,3.9,1.9,2.6,71.4,0.8,1.0,84.6,4.6,117.4,0.4,10.8,0.0,0.5,0.2,4.7,0.5,11.7
222,Jarred Vanderbilt,LAL,68,35,33,24.4,33.1,5.3,1.9,2.7,69.0,0.5,0.7,76.6,4.3,81.7,1.7,32.8,0.3,5.3,0.3,5.3,0.3,6.1
223,Jarrett Allen,CLE,62,39,23,33.0,43.5,11.3,4.7,6.9,68.8,1.6,2.1,75.4,11.2,99.0,2.5,22.0,0.5,4.3,0.6,5.6,1.0,8.7
224,Jarrett Culver,ATL,10,5,5,13.7,20.5,1.2,0.4,0.7,57.1,0.4,0.6,66.7,1.2,100.0,0.1,8.3,0.0,0.0,0.0,0.0,0.3,25.0
225,Jason Preston,LAC,13,3,10,9.4,23.7,0.2,0.1,0.1,100.0,0.0,0.0,0.0,0.2,100.0,0.1,50.0,0.1,50.0,0.0,0.0,0.0,0.0
226,Javonte Green,CHI,29,12,17,15.8,23.3,1.8,1.0,1.2,83.3,0.2,0.3,62.5,2.3,129.4,0.2,11.8,0.0,2.0,0.1,3.9,0.1,7.8
227,Jaxson Hayes,NOP,43,19,24,13.9,16.8,2.6,1.1,1.6,70.6,0.4,0.6,70.8,2.7,102.7,0.5,19.6,0.1,4.5,0.1,4.5,0.3,9.8
228,Jay Huff,WAS,2,1,1,4.4,4.5,0.5,0.0,0.0,0.0,0.0,0.0,0.0,0.0,0.0,0.0,0.0,0.0,0.0,0.5,100.0,0.0,0.0
229,Jaylen Brown,BOS,60,40,20,36.2,64.4,2.4,1.0,1.6,59.2,0.2,0.3,80.0,2.2,91.6,0.5,20.3,0.1,2.8,0.1,3.5,0.1,4.9
230,Jaylen Nowell,MIN,63,32,31,19.5,33.7,0.7,0.4,0.6,62.2,0.0,0.0,100.0,0.8,106.5,0.1,10.9,0.0,4.3,0.0,2.2,0.0,2.2
231,Jaylin Williams,OKC,39,19,20,17.9,35.3,2.4,0.5,1.2,41.7,0.5,0.7,76.9,1.6,64.2,0.8,32.6,0.2,6.3,0.1,3.2,0.3,13.7
232,Jayson Tatum,BOS,67,47,20,37.4,76.2,3.1,1.2,1.8,67.5,0.4,0.4,93.3,3.0,96.6,0.7,23.4,0.2,6.8,0.1,4.9,0.2,6.8
233,Jeff Dowtin Jr.,TOR,18,12,6,8.9,14.9,0.4,0.1,0.2,50.0,0.1,0.1,100.0,0.3,85.7,0.1,14.3,0.0,0.0,0.1,14.3,0.1,14.3
234,Jeff Green,DEN,48,29,19,19.3,25.5,1.9,0.8,1.1,65.5,0.3,0.4,78.9,1.9,100.0,0.4,22.5,0.1,4.5,0.1,5.6,0.2,10.1
235,Jerami Grant,POR,63,28,35,35.6,53.3,1.9,0.8,1.0,76.6,0.3,0.3,90.0,1.9,100.0,0.5,26.5,0.0,1.7,0.1,3.4,0.1,7.7
236,Jeremiah Robinson-Earl,OKC,36,12,24,19.4,29.2,3.2,0.9,1.8,47.7,0.4,0.5,83.3,2.1,67.5,0.9,28.1,0.1,1.8,0.1,2.6,0.3,7.9
237,Jeremy Sochan,SAS,54,15,39,26.1,44.1,3.5,1.7,2.4,69.8,0.2,0.3,64.3,3.6,102.7,0.8,22.5,0.1,2.1,0.1,2.1,0.1,3.2
238,Jericho Sims,NYK,49,29,20,15.8,19.4,3.6,1.5,1.9,79.6,0.1,0.1,66.7,3.2,88.6,1.3,35.8,0.2,5.7,0.2,6.8,0.1,1.7
239,Jevon Carter,MIL,71,51,20,22.3,38.2,0.5,0.1,0.1,55.6,0.0,0.0,0.0,0.1,28.6,0.4,71.4,0.0,8.6,0.0,2.9,0.0,0.0
240,Jimmy Butler,MIA,58,31,27,33.3,62.7,5.9,1.9,2.9,65.9,1.2,1.4,85.4,5.2,88.3,1.9,32.1,0.5,8.5,0.2,3.2,0.7,11.4
241,Jock Landale,PHX,62,32,30,13.9,23.0,4.9,1.7,2.6,64.6,0.8,0.9,83.9,4.2,86.2,1.5,29.6,0.1,3.0,0.2,4.9,0.4,8.6
242,Joe Harris,BKN,64,34,30,21.5,22.7,0.5,0.3,0.3,85.0,0.0,0.0,0.0,0.5,100.0,0.2,32.4,0.0,8.8,0.0,2.9,0.0,0.0
243,Joe Ingles,MIL,37,26,11,23.1,33.5,0.2,0.1,0.1,66.7,0.0,0.0,0.0,0.1,57.1,0.1,57.1,0.0,14.3,0.0,0.0,0.0,0.0
244,Joe Wieskamp,TOR,5,3,2,5.9,5.6,0.0,0.0,0.0,0.0,0.0,0.0,0.0,0.0,0.0,0.0,0.0,0.0,0.0,0.0,0.0,0.0,0.0
245,Joel Embiid,PHI,58,39,19,35.0,72.0,5.1,1.9,2.9,65.3,1.8,2.1,88.2,5.6,109.1,0.8,16.4,0.1,1.7,0.2,4.0,1.0,18.8
246,John Butler Jr.,POR,9,2,7,3.4,2.4,0.2,0.1,0.1,100.0,0.0,0.0,0.0,0.2,100.0,0.1,50.0,0.0,0.0,0.0,0.0,0.0,0.0
247,John Collins,ATL,61,31,30,30.1,42.9,3.2,1.6,2.1,76.2,0.5,0.6,91.7,3.7,115.7,0.5,14.7,0.1,3.0,0.2,5.6,0.3,9.1
248,John Konchar,MEM,63,39,24,21.1,30.3,1.1,0.4,0.6,72.2,0.1,0.1,66.7,0.9,88.1,0.4,35.8,0.0,4.5,0.0,3.0,0.0,4.5
249,John Wall,LAC,34,15,19,22.2,55.4,0.2,0.1,0.1,75.0,0.0,0.0,0.0,0.2,75.0,0.1,25.0,0.0,12.5,0.0,12.5,0.0,0.0
250,Johnny Davis,WAS,17,7,10,7.0,8.3,0.2,0.2,0.2,100.0,0.0,0.0,0.0,0.4,150.0,0.1,25.0,0.0,0.0,0.0,0.0,0.0,0.0
251,Johnny Juzang,UTA,9,4,5,10.3,10.8,0.2,0.0,0.1,0.0,0.0,0.0,0.0,0.0,0.0,0.1,50.0,0.0,0.0,0.0,0.0,0.0,0.0
252,Jonas Valanciunas,NOP,68,32,36,24.7,49.0,6.5,3.1,4.5,68.6,1.1,1.3,82.8,7.4,114.4,0.7,10.9,0.1,2.3,0.4,6.6,0.6,9.8
253,Jonathan Isaac,ORL,11,8,3,11.3,19.5,2.4,0.7,1.5,47.1,0.4,0.5,66.7,1.9,80.8,0.2,7.7,0.1,3.8,0.3,11.5,0.3,11.5
254,Jonathan Kuminga,GSW,58,31,27,20.5,33.9,2.2,0.8,1.3,62.2,0.3,0.4,68.2,1.9,85.0,0.5,21.3,0.2,7.1,0.2,7.9,0.2,8.7
255,Jordan Clarkson,UTA,61,30,31,32.6,56.1,1.4,0.5,0.9,61.1,0.1,0.2,90.0,1.2,87.1,0.3,21.2,0.0,3.5,0.1,5.9,0.1,7.1
256,Jordan Goodwin,WAS,51,19,32,16.8,34.0,1.0,0.3,0.6,51.7,0.1,0.1,100.0,0.7,66.7,0.3,31.4,0.1,7.8,0.1,7.8,0.0,3.9
257,Jordan Hall,SAS,9,1,8,9.2,17.8,0.3,0.0,0.0,0.0,0.0,0.0,0.0,0.0,0.0,0.2,66.7,0.0,0.0,0.0,0.0,0.0,0.0
258,Jordan McLaughlin,MIN,36,18,18,15.9,36.6,0.4,0.2,0.2,100.0,0.0,0.0,0.0,0.3,75.0,0.2,50.0,0.1,12.5,0.1,12.5,0.0,0.0
259,Jordan Nwora,IND,52,33,19,17.6,24.4,0.8,0.2,0.4,54.5,0.1,0.1,75.0,0.6,74.4,0.2,30.8,0.1,7.7,0.0,5.1,0.0,5.1
260,Jordan Poole,GSW,72,36,36,30.5,66.7,1.0,0.3,0.5,56.8,0.2,0.2,92.9,0.8,81.2,0.2,23.2,0.0,4.3,0.1,8.7,0.1,10.1
261,Jordan Schakel,WAS,2,0,2,3.1,5.0,0.0,0.0,0.0,0.0,0.0,0.0,0.0,0.0,0.0,0.0,0.0,0.0,0.0,0.0,0.0,0.0,0.0
262,Jose Alvarado,NOP,61,30,31,21.5,46.0,0.6,0.1,0.2,70.0,0.1,0.1,100.0,0.3,44.4,0.3,58.3,0.0,2.8,0.0,2.8,0.0,2.8
263,Josh Christopher,HOU,54,12,42,11.5,18.0,0.4,0.1,0.2,72.7,0.0,0.0,0.0,0.3,84.2,0.1,26.3,0.0,0.0,0.0,5.3,0.0,0.0
264,Josh Giddey,OKC,66,30,36,30.8,76.5,3.0,1.2,1.9,60.2,0.2,0.3,63.2,2.5,84.6,0.6,21.0,0.1,4.1,0.2,5.6,0.1,4.1
265,Josh Green,DAL,52,25,27,25.7,35.0,1.4,0.2,0.3,56.3,0.1,0.2,37.5,0.4,28.4,0.8,59.5,0.2,12.2,0.2,12.2,0.1,5.4
266,Josh Hart,NYK,67,37,30,32.7,43.9,1.9,0.4,0.7,65.9,0.2,0.3,63.6,1.1,58.1,0.9,47.6,0.1,5.6,0.1,4.0,0.2,8.9
267,Josh Minott,MIN,14,6,8,6.5,7.6,0.9,0.6,0.7,80.0,0.1,0.1,100.0,1.3,138.5,0.0,0.0,0.0,0.0,0.1,7.7,0.1,7.7
268,Josh Okogie,PHX,61,31,30,17.6,22.3,1.6,0.4,0.7,48.9,0.2,0.3,77.8,1.0,60.4,0.6,40.6,0.1,7.3,0.0,3.1,0.1,9.4
269,Josh Richardson,NOP,53,16,37,24.1,44.0,0.8,0.3,0.5,70.8,0.0,0.0,0.0,0.7,79.5,0.3,40.9,0.0,4.5,0.0,2.3,0.0,0.0
270,Joshua Primo,SAS,4,3,1,23.3,43.0,1.0,0.0,0.0,0.0,0.5,0.5,100.0,0.5,50.0,0.8,75.0,0.0,0.0,0.0,0.0,0.3,25.0
271,Jrue Holiday,MIL,59,44,15,33.0,74.3,2.3,0.7,1.1,64.2,0.1,0.1,100.0,1.6,67.9,1.0,43.8,0.2,9.5,0.1,3.6,0.1,2.2
272,Juan Toscano-Anderson,UTA,41,17,24,11.9,16.6,1.6,0.3,0.6,60.9,0.1,0.1,75.0,0.8,47.0,0.9,53.0,0.2,12.1,0.1,6.1,0.0,1.5
273,Juancho Hernangomez,TOR,42,20,22,14.6,17.0,1.1,0.4,0.6,68.0,0.1,0.2,60.0,1.0,85.4,0.3,25.0,0.1,6.3,0.1,10.4,0.1,8.3
274,Julian Champagnie,SAS,6,4,2,9.3,10.7,0.2,0.0,0.2,0.0,0.0,0.0,0.0,0.0,0.0,0.0,0.0,0.0,0.0,0.0,0.0,0.0,0.0
275,Julius Randle,NYK,73,42,31,35.9,70.2,3.1,1.3,1.9,69.3,0.4,0.6,72.7,3.3,104.4,0.6,18.8,0.1,3.9,0.3,8.7,0.3,9.6
276,Justin Champagnie,TOR,3,2,1,3.6,4.7,0.7,0.7,0.7,100.0,0.0,0.0,0.0,1.3,200.0,0.0,0.0,0.0,0.0,0.0,0.0,0.0,0.0
277,Justin Holiday,DAL,39,17,22,15.5,17.6,0.6,0.1,0.2,44.4,0.0,0.0,0.0,0.2,34.8,0.3,47.8,0.0,0.0,0.1,13.0,0.0,0.0
278,Justin Jackson,BOS,23,15,8,4.7,5.1,0.1,0.0,0.0,100.0,0.0,0.1,50.0,0.1,150.0,0.0,0.0,0.0,0.0,0.0,0.0,0.0,50.0
279,Justise Winslow,POR,29,15,14,26.8,52.4,3.2,1.1,2.1,55.0,0.1,0.1,75.0,2.4,74.2,0.8,25.8,0.2,6.5,0.2,5.4,0.1,2.2
280,Jusuf Nurkic,POR,51,23,28,26.7,53.8,5.5,2.1,3.4,60.0,0.7,0.9,72.9,5.0,90.7,1.1,19.6,0.1,1.4,0.3,5.0,0.5,8.5
281,KZ Okpala,SAC,35,19,16,7.1,7.0,0.5,0.2,0.2,75.0,0.0,0.0,0.0,0.3,75.0,0.2,37.5,0.0,0.0,0.0,6.3,0.0,0.0
282,Kai Jones,CHA,38,10,28,10.1,11.4,1.6,0.6,0.9,64.7,0.1,0.2,83.3,1.3,83.3,0.3,21.7,0.0,1.7,0.2,10.0,0.1,3.3
283,Karl-Anthony Towns,MIN,21,10,11,33.8,61.7,2.3,1.0,1.3,75.0,0.6,0.8,76.5,2.7,114.3,0.4,18.4,0.2,8.2,0.1,4.1,0.3,12.2
284,Kawhi Leonard,LAC,43,28,15,33.7,57.0,2.1,0.5,0.9,60.5,0.3,0.4,87.5,1.4,67.4,0.9,42.4,0.1,6.5,0.1,5.4,0.2,8.7
285,Keegan Murray,SAC,69,42,27,29.6,34.6,2.0,0.7,1.2,58.5,0.2,0.3,83.3,1.6,80.1,0.6,27.7,0.1,4.3,0.1,5.0,0.1,6.4
286,Keita Bates-Diop,SAS,55,15,40,21.2,24.7,2.3,1.0,1.4,71.4,0.4,0.5,80.8,2.4,104.7,0.5,19.5,0.1,4.7,0.2,7.0,0.2,10.2
287,Keldon Johnson,SAS,59,16,43,32.8,57.6,1.5,0.6,0.9,62.5,0.2,0.3,87.5,1.5,100.0,0.3,20.7,0.0,1.1,0.1,4.6,0.1,9.2
288,Kelly Olynyk,UTA,59,28,31,28.3,54.4,2.8,0.9,1.4,65.9,0.4,0.4,80.8,2.3,81.7,0.9,31.7,0.2,8.5,0.2,5.5,0.2,7.3
289,Kelly Oubre Jr.,CHA,47,16,31,32.7,45.2,2.1,0.8,1.4,52.9,0.3,0.4,75.0,1.9,89.1,0.3,15.8,0.0,1.0,0.1,5.0,0.2,9.9
290,Kemba Walker,DAL,9,5,4,16.0,28.7,0.0,0.0,0.0,0.0,0.0,0.0,0.0,0.0,0.0,0.0,0.0,0.0,0.0,0.0,0.0,0.0,0.0
291,Kendall Brown,IND,6,1,5,6.7,6.7,0.3,0.2,0.2,100.0,0.0,0.0,0.0,0.3,100.0,0.2,50.0,0.0,0.0,0.0,0.0,0.0,0.0
292,Kendrick Nunn,WAS,60,28,32,13.5,18.9,0.4,0.2,0.3,68.4,0.0,0.0,0.0,0.4,104.0,0.1,12.0,0.0,8.0,0.0,8.0,0.0,0.0
293,Kennedy Chandler,MEM,31,20,11,7.9,16.7,0.5,0.2,0.3,55.6,0.0,0.1,50.0,0.4,78.6,0.1,21.4,0.0,7.1,0.0,7.1,0.0,7.1
294,Kenneth Lofton Jr.,MEM,16,11,5,4.5,7.6,0.9,0.6,0.7,90.9,0.0,0.0,0.0,1.3,142.9,0.1,7.1,0.0,0.0,0.1,14.3,0.0,0.0
295,Kenrich Williams,OKC,53,26,27,22.8,31.2,3.5,1.4,2.0,67.9,0.1,0.3,35.7,2.8,81.1,1.2,35.7,0.2,5.9,0.1,1.6,0.1,3.8
296,Kentavious Caldwell-Pope,DEN,69,47,22,31.7,38.6,1.1,0.3,0.6,53.5,0.1,0.1,70.0,0.8,73.0,0.2,23.0,0.1,5.4,0.1,9.5,0.1,6.8
297,Kenyon Martin Jr.,HOU,72,18,54,27.4,35.7,4.0,1.9,2.7,69.8,0.4,0.6,68.2,4.3,106.6,0.7,17.0,0.1,3.1,0.3,6.2,0.3,7.6
298,Keon Ellis,SAC,12,6,6,3.8,5.7,0.0,0.0,0.0,0.0,0.0,0.0,0.0,0.0,0.0,0.0,0.0,0.0,0.0,0.0,0.0,0.0,0.0
299,Keon Johnson,POR,37,13,24,9.1,17.5,0.4,0.1,0.2,28.6,0.0,0.1,50.0,0.1,33.3,0.1,26.7,0.0,6.7,0.0,6.7,0.0,6.7
300,Kessler Edwards,SAC,25,12,13,9.2,10.2,0.8,0.2,0.4,66.7,0.1,0.2,75.0,0.6,75.0,0.2,25.0,0.0,5.0,0.1,15.0,0.1,10.0
301,Kevin Durant,PHX,42,29,13,35.7,67.2,1.2,0.6,0.7,83.9,0.2,0.2,87.5,1.5,119.2,0.2,17.3,0.0,3.8,0.1,7.7,0.1,7.7
302,Kevin Huerter,SAC,66,39,27,29.6,43.6,1.6,0.8,1.0,76.5,0.1,0.2,66.7,1.7,104.7,0.4,25.2,0.0,2.8,0.1,4.7,0.1,4.7
303,Kevin Knox II,POR,52,10,42,12.5,16.2,0.7,0.3,0.4,78.9,0.0,0.1,66.7,0.6,88.9,0.2,33.3,0.0,0.0,0.0,2.8,0.0,5.6
304,Kevin Love,MIA,54,30,24,20.3,38.1,1.8,0.4,0.8,54.5,0.3,0.3,93.8,1.2,66.3,0.6,32.7,0.1,3.1,0.1,7.1,0.1,7.1
305,Kevin Porter Jr.,HOU,50,15,35,34.1,79.6,1.8,0.6,0.8,81.6,0.0,0.0,100.0,1.3,73.0,0.6,36.0,0.1,4.5,0.2,12.4,0.0,1.1
306,Kevon Harris,ORL,30,11,19,12.2,10.6,1.0,0.4,0.6,61.1,0.2,0.2,100.0,1.0,96.8,0.3,25.8,0.0,3.2,0.0,3.2,0.1,9.7
307,Kevon Looney,GSW,72,36,36,23.6,41.7,6.1,2.0,3.1,66.1,0.6,0.9,66.1,4.7,76.9,2.2,36.5,0.4,6.8,0.2,3.0,0.4,7.1
308,Khem Birch,SAS,20,9,11,8.1,10.4,1.6,0.5,0.9,58.8,0.2,0.2,75.0,1.2,74.2,0.5,29.0,0.1,3.2,0.1,6.5,0.1,3.2
309,Khris Middleton,MIL,27,21,6,24.1,48.3,1.3,0.4,0.8,57.1,0.1,0.1,100.0,1.0,74.3,0.4,31.4,0.1,5.7,0.0,2.9,0.0,2.9
310,Killian Hayes,DET,65,15,50,27.3,60.6,0.5,0.1,0.2,26.7,0.0,0.1,75.0,0.2,36.7,0.2,43.3,0.1,16.7,0.0,0.0,0.0,6.7
311,Kira Lewis Jr.,NOP,21,8,13,10.4,22.9,0.2,0.1,0.1,100.0,0.0,0.1,50.0,0.2,125.0,0.0,25.0,0.0,0.0,0.0,0.0,0.0,0.0
312,Klay Thompson,GSW,60,31,29,33.1,48.1,1.6,0.5,0.9,56.4,0.4,0.4,87.5,1.4,88.4,0.4,22.1,0.1,3.2,0.1,5.3,0.2,11.6
313,Kris Dunn,UTA,11,6,5,22.8,58.4,0.4,0.2,0.2,100.0,0.2,0.2,100.0,0.5,150.0,0.1,25.0,0.1,25.0,0.0,0.0,0.1,25.0
314,Kristaps Porzingis,WAS,60,25,35,32.7,60.2,4.9,2.0,3.0,65.4,1.1,1.3,85.7,5.2,106.5,0.8,15.8,0.1,1.0,0.2,3.8,0.6,12.0
315,Kyle Anderson,MIN,60,30,30,27.8,51.2,2.2,0.6,1.1,53.1,0.2,0.3,55.6,1.3,61.2,0.8,38.8,0.3,12.4,0.1,3.9,0.1,6.2
316,Kyle Kuzma,WAS,64,29,35,35.0,59.3,1.8,0.9,1.4,64.4,0.1,0.2,60.0,1.9,106.1,0.3,13.9,0.1,3.5,0.1,4.3,0.1,4.3
317,Kyle Lowry,MIA,48,25,23,32.6,72.6,0.9,0.2,0.3,50.0,0.0,0.0,0.0,0.4,37.8,0.5,48.9,0.1,15.6,0.0,4.4,0.0,0.0
318,Kyrie Irving,DAL,53,30,23,37.1,76.1,1.6,0.7,0.9,70.0,0.1,0.1,100.0,1.4,88.2,0.5,31.8,0.2,10.6,0.1,3.5,0.0,1.2
319,LaMelo Ball,CHA,36,13,23,35.2,90.2,1.4,0.5,0.9,56.3,0.0,0.0,0.0,1.0,72.5,0.5,37.3,0.1,7.8,0.0,0.0,0.0,0.0
320,Lamar Stevens,CLE,53,33,20,18.2,21.0,1.4,0.4,0.7,60.5,0.1,0.2,58.3,1.0,71.2,0.4,30.1,0.1,6.8,0.1,6.8,0.1,8.2
321,Landry Shamet,PHX,31,14,17,21.4,38.0,0.4,0.2,0.2,100.0,0.1,0.1,100.0,0.4,109.1,0.1,18.2,0.0,0.0,0.1,18.2,0.0,9.1
322,Larry Nance Jr.,NOP,54,26,28,21.7,30.6,4.6,1.9,2.8,68.5,0.5,0.6,78.1,4.3,93.2,1.2,25.7,0.2,5.2,0.2,4.0,0.3,6.0
323,Lauri Markkanen,UTA,63,32,31,34.4,51.3,4.4,2.2,3.1,70.1,0.9,0.9,93.1,5.3,121.1,0.5,12.4,0.0,1.1,0.1,3.3,0.4,9.8
324,LeBron James,LAL,47,24,23,36.1,79.6,3.8,1.9,2.7,70.9,0.3,0.3,87.5,4.2,112.4,0.4,11.9,0.0,1.1,0.1,4.0,0.1,3.4
325,Leandro Bolmaro,UTA,14,8,6,4.9,8.2,0.4,0.0,0.1,0.0,0.0,0.0,0.0,0.0,0.0,0.3,80.0,0.1,20.0,0.0,0.0,0.0,0.0
326,Lindell Wigginton,MIL,2,1,1,1.5,3.0,0.0,0.0,0.0,0.0,0.0,0.0,0.0,0.0,0.0,0.0,0.0,0.0,0.0,0.0,0.0,0.0,0.0
327,Lindy Waters III,OKC,34,17,17,12.4,15.3,0.4,0.1,0.2,66.7,0.0,0.1,50.0,0.3,69.2,0.1,30.8,0.0,0.0,0.0,7.7,0.0,7.7
328,Lonnie Walker IV,LAL,51,23,28,24.5,26.6,0.6,0.3,0.5,62.5,0.0,0.0,100.0,0.6,90.9,0.0,6.1,0.0,3.0,0.1,15.2,0.0,3.0
329,Luguentz Dort,OKC,64,32,32,30.4,37.0,2.2,0.6,1.2,49.3,0.3,0.4,79.2,1.5,66.2,0.6,28.2,0.2,7.7,0.2,7.7,0.2,7.0
330,Luka Doncic,DAL,57,31,26,36.3,90.4,1.1,0.5,0.6,76.5,0.2,0.3,72.2,1.2,110.0,0.2,20.0,0.0,3.3,0.0,3.3,0.2,15.0
331,Luka Garza,MIN,26,14,12,9.0,15.7,2.5,1.1,1.6,68.3,0.8,1.0,77.8,3.0,123.4,0.3,10.9,0.1,4.7,0.0,1.6,0.5,20.3
332,Luke Kennard,MEM,50,30,20,21.1,25.7,0.3,0.1,0.1,57.1,0.0,0.0,0.0,0.2,61.5,0.1,23.1,0.0,0.0,0.0,15.4,0.0,0.0
333,Luke Kornet,BOS,59,37,22,11.8,12.7,3.1,1.5,2.0,73.9,0.2,0.3,75.0,3.3,104.3,0.8,24.9,0.2,4.9,0.2,4.9,0.1,4.3
334,Malachi Flynn,TOR,46,24,22,13.0,26.4,0.2,0.0,0.1,66.7,0.0,0.0,0.0,0.1,44.4,0.1,66.7,0.0,11.1,0.0,0.0,0.0,0.0
335,Malaki Branham,SAS,54,12,42,22.9,35.2,0.4,0.2,0.3,64.3,0.0,0.0,100.0,0.4,95.2,0.1,23.8,0.0,4.8,0.0,0.0,0.0,4.8
336,Malcolm Brogdon,BOS,60,41,19,25.9,53.0,0.8,0.2,0.3,63.2,0.2,0.2,100.0,0.6,77.1,0.4,43.8,0.1,8.3,0.0,4.2,0.1,10.4
337,Malcolm Hill,CHI,4,3,1,2.0,2.0,0.0,0.0,0.0,0.0,0.0,0.0,0.0,0.0,0.0,0.0,0.0,0.0,0.0,0.0,0.0,0.0,0.0
338,Malik Beasley,LAL,71,37,34,26.7,35.5,0.4,0.1,0.3,52.6,0.0,0.0,100.0,0.3,84.6,0.1,19.2,0.0,0.0,0.0,0.0,0.0,3.8
339,Malik Monk,SAC,68,42,26,22.6,40.8,1.0,0.4,0.6,66.7,0.0,0.1,50.0,0.8,84.6,0.2,21.5,0.0,4.6,0.1,6.2,0.0,3.1
340,Mamadi Diakite,CLE,18,13,5,6.7,9.1,1.0,0.2,0.4,50.0,0.0,0.0,0.0,0.4,44.4,0.5,50.0,0.1,5.6,0.1,5.6,0.0,0.0
341,MarJon Beauchamp,MIL,42,28,14,13.8,14.6,0.9,0.2,0.5,40.0,0.0,0.0,50.0,0.4,46.2,0.3,35.9,0.1,7.7,0.0,5.1,0.0,2.6
342,Marcus Morris Sr.,LAC,62,34,28,28.2,37.3,0.6,0.2,0.3,66.7,0.1,0.1,100.0,0.5,97.1,0.1,17.1,0.0,2.9,0.0,8.6,0.0,5.7
343,Marcus Smart,BOS,54,38,16,32.5,60.7,1.2,0.3,0.5,51.7,0.0,0.1,50.0,0.6,52.3,0.5,40.0,0.1,12.3,0.1,7.7,0.0,3.1
344,Mark Williams,CHA,37,15,22,17.7,19.8,5.4,2.7,3.8,69.7,0.8,1.2,65.2,6.3,116.5,0.5,10.0,0.1,2.0,0.2,4.5,0.6,11.5
345,Markelle Fultz,ORL,51,24,27,30.1,68.0,1.9,0.8,1.2,66.1,0.1,0.1,100.0,1.6,83.8,0.7,34.3,0.1,7.1,0.0,2.0,0.0,2.0
346,Markieff Morris,DAL,32,16,16,9.7,13.5,0.6,0.2,0.3,55.6,0.1,0.1,100.0,0.4,66.7,0.2,38.9,0.0,5.6,0.0,5.6,0.0,5.6
347,Marko Simonovic,CHI,2,0,2,1.8,3.5,0.0,0.0,0.0,0.0,0.0,0.0,0.0,0.0,0.0,0.0,0.0,0.0,0.0,0.0,0.0,0.0,0.0
348,Marvin Bagley III,DET,34,6,28,22.8,33.7,4.6,2.2,3.1,70.5,0.4,0.6,70.0,4.8,104.5,0.8,17.9,0.1,1.3,0.3,5.8,0.3,6.4
349,Mason Plumlee,LAC,69,22,47,27.0,42.8,7.3,2.5,3.6,70.0,1.2,1.7,66.7,6.4,87.6,2.2,30.0,0.4,6.1,0.3,4.5,0.8,11.2
350,Matisse Thybulle,POR,64,36,28,15.9,14.4,1.2,0.4,0.7,56.8,0.0,0.0,50.0,0.8,69.7,0.4,35.5,0.1,5.3,0.1,5.3,0.0,1.3
351,Matt Ryan,MIN,33,14,19,9.3,10.8,0.2,0.1,0.1,75.0,0.0,0.0,0.0,0.2,120.0,0.0,20.0,0.0,0.0,0.0,0.0,0.0,0.0
352,Matthew Dellavedova,SAC,29,17,12,6.4,14.6,0.1,0.0,0.1,50.0,0.0,0.0,0.0,0.1,66.7,0.0,33.3,0.0,0.0,0.0,0.0,0.0,0.0
353,Max Christie,LAL,38,16,22,13.3,13.0,0.4,0.1,0.2,33.3,0.0,0.0,0.0,0.1,26.7,0.2,53.3,0.1,13.3,0.0,6.7,0.0,0.0
354,Max Strus,MIA,71,37,34,28.9,45.6,1.2,0.5,0.7,75.5,0.1,0.1,100.0,1.2,97.7,0.4,31.8,0.0,2.3,0.1,4.5,0.1,4.5
355,Maxi Kleber,DAL,30,17,13,25.8,33.0,2.1,0.7,1.0,67.7,0.2,0.3,75.0,1.6,76.2,0.8,38.1,0.1,6.3,0.1,4.8,0.1,4.8
356,McKinley Wright IV,DAL,24,13,11,11.6,22.5,0.3,0.0,0.0,0.0,0.0,0.0,0.0,0.0,0.0,0.2,71.4,0.0,0.0,0.0,0.0,0.0,0.0
357,Meyers Leonard,MIL,6,5,1,8.5,10.7,1.7,0.5,0.5,100.0,0.5,0.7,75.0,1.5,90.0,0.3,20.0,0.0,0.0,0.2,10.0,0.2,10.0
358,Mfiondu Kabengele,BOS,2,1,1,7.0,7.0,2.5,0.5,0.5,100.0,0.0,0.0,0.0,1.0,40.0,1.5,60.0,0.0,0.0,0.0,0.0,0.0,0.0
359,Micah Potter,UTA,3,2,1,4.8,8.3,0.7,0.7,0.7,100.0,0.0,0.0,0.0,1.3,200.0,0.0,0.0,0.0,0.0,0.0,0.0,0.0,0.0
360,Michael Foster Jr.,PHI,1,1,0,1.0,1.0,0.0,0.0,0.0,0.0,0.0,0.0,0.0,0.0,0.0,0.0,0.0,0.0,0.0,0.0,0.0,0.0,0.0
361,Michael Porter Jr.,DEN,55,37,18,29.0,36.4,2.0,1.0,1.4,73.7,0.3,0.4,80.0,2.3,115.2,0.3,14.3,0.0,0.0,0.1,4.5,0.2,8.0
362,Mikal Bridges,BKN,72,36,36,36.0,51.0,1.7,0.6,1.1,56.8,0.1,0.1,90.0,1.4,83.7,0.4,24.4,0.1,6.5,0.0,2.4,0.1,4.1
363,Mike Conley,MIN,58,28,30,30.2,69.6,0.4,0.1,0.1,62.5,0.0,0.0,0.0,0.2,43.5,0.2,56.5,0.0,8.7,0.0,8.7,0.0,0.0
364,Mike Muscala,BOS,53,24,29,15.0,27.4,1.4,0.4,0.6,61.8,0.2,0.3,75.0,1.0,76.4,0.4,31.9,0.1,8.3,0.1,4.2,0.2,11.1
365,Miles McBride,NYK,56,32,24,12.0,18.7,0.3,0.1,0.1,71.4,0.0,0.0,0.0,0.2,52.6,0.2,52.6,0.0,5.3,0.0,5.3,0.0,0.0
366,Mitchell Robinson,NYK,51,30,21,27.2,26.5,7.5,3.1,4.4,70.5,0.7,1.5,44.7,6.9,91.4,1.6,21.9,0.4,4.9,0.4,5.2,0.7,9.9
367,Mo Bamba,LAL,47,23,24,16.2,25.6,2.7,1.2,1.8,65.9,0.3,0.6,61.5,2.8,105.6,0.4,14.3,0.1,2.4,0.1,4.0,0.3,9.5
368,Monte Morris,WAS,57,26,31,27.7,58.5,0.3,0.0,0.1,50.0,0.1,0.1,75.0,0.1,47.1,0.2,58.8,0.0,11.8,0.0,0.0,0.0,11.8
369,Montrezl Harrell,PHI,51,32,19,12.3,17.1,3.4,1.3,2.0,63.5,0.5,0.9,59.6,3.2,94.2,0.5,15.7,0.0,1.2,0.2,5.8,0.4,12.8
370,Moritz Wagner,ORL,49,22,27,20.4,37.3,3.6,1.3,2.1,63.4,0.8,0.9,88.1,3.5,96.6,0.9,24.7,0.2,4.5,0.1,3.9,0.4,11.2
371,Moses Brown,BKN,34,16,18,8.5,11.6,3.4,1.6,2.5,63.5,0.4,1.1,40.5,3.7,107.7,0.1,1.7,0.0,0.0,0.2,5.1,0.5,14.5
372,Moses Moody,GSW,55,29,26,13.0,14.3,0.7,0.3,0.4,71.4,0.1,0.1,66.7,0.7,87.8,0.2,29.3,0.0,2.4,0.1,7.3,0.1,7.3
373,Moussa Diabate,LAC,18,8,10,9.5,8.1,2.2,0.8,1.6,51.7,0.1,0.1,50.0,1.8,82.5,0.3,15.0,0.1,2.5,0.2,7.5,0.1,2.5
374,Myles Turner,IND,60,28,32,29.5,42.9,6.5,2.8,4.3,66.4,1.3,1.6,83.0,7.2,110.5,0.8,12.9,0.1,1.5,0.3,5.1,0.8,11.6
375,Naji Marshall,NOP,66,32,34,24.6,41.0,0.9,0.3,0.6,53.8,0.1,0.1,87.5,0.8,82.3,0.3,27.4,0.1,6.5,0.0,0.0,0.1,6.5
376,Nassir Little,POR,49,22,27,17.5,21.0,0.7,0.2,0.3,50.0,0.1,0.1,75.0,0.4,60.6,0.2,27.3,0.0,6.1,0.1,9.1,0.0,6.1
377,Nathan Knight,MIN,36,17,19,7.9,11.3,1.1,0.3,0.6,54.5,0.2,0.4,57.1,0.9,84.6,0.2,20.5,0.1,7.7,0.0,2.6,0.2,17.9
378,Naz Reid,MIN,64,29,35,18.1,35.9,2.6,1.2,1.7,69.7,0.2,0.3,75.0,2.6,100.6,0.6,24.6,0.1,4.8,0.1,3.6,0.1,4.8
379,Neemias Queta,SAC,4,1,3,6.1,7.8,2.0,1.3,1.8,71.4,0.0,0.0,0.0,2.5,125.0,0.0,0.0,0.0,0.0,0.3,12.5,0.0,0.0
380,Nerlens Noel,BKN,17,4,13,11.5,15.2,2.1,0.4,1.2,28.6,0.2,0.4,66.7,0.8,40.0,0.4,20.0,0.0,0.0,0.2,8.6,0.2,8.6
381,Nic Claxton,BKN,66,35,31,29.5,40.6,8.3,3.7,4.8,77.0,0.7,1.3,54.1,8.2,98.7,2.2,25.9,0.3,4.2,0.4,5.1,0.6,7.7
382,Nick Richards,CHA,58,18,40,18.2,22.8,5.1,2.2,3.4,63.1,1.0,1.2,78.9,5.5,107.8,0.5,10.5,0.1,1.0,0.3,5.7,0.6,11.5
383,Nickeil Alexander-Walker,MIN,50,23,27,15.6,29.9,0.2,0.1,0.1,85.7,0.0,0.0,50.0,0.3,118.2,0.0,18.2,0.0,0.0,0.0,9.1,0.0,9.1
384,Nicolas Batum,LAC,68,38,30,21.7,28.8,0.9,0.3,0.5,60.6,0.1,0.1,100.0,0.7,81.4,0.3,30.5,0.0,3.4,0.0,5.1,0.0,5.1
385,Nikola Jokic,DEN,64,45,19,33.9,99.1,8.0,3.6,5.1,70.7,1.0,1.3,79.0,8.5,107.1,1.7,21.2,0.5,6.9,0.2,2.9,0.6,7.3
386,Nikola Jovic,MIA,15,7,8,13.6,23.2,1.7,0.7,1.0,66.7,0.1,0.1,100.0,1.5,88.5,0.7,38.5,0.0,0.0,0.0,0.0,0.1,3.8
387,Nikola Vucevic,CHI,70,33,37,34.3,67.6,6.2,2.7,3.8,71.1,0.6,0.7,83.3,6.1,98.6,1.5,24.0,0.1,2.3,0.3,5.1,0.3,5.3
388,Noah Vonleh,BOS,23,17,6,7.5,9.5,1.1,0.3,0.6,57.1,0.0,0.0,0.0,0.7,61.5,0.5,42.3,0.2,15.4,0.0,0.0,0.0,0.0
389,Norman Powell,LAC,54,27,27,25.8,36.0,0.6,0.2,0.4,57.1,0.0,0.0,100.0,0.5,84.8,0.1,21.2,0.0,6.1,0.1,9.1,0.0,3.0
390,O.G. Anunoby,TOR,58,28,30,35.7,47.0,3.1,1.1,1.6,66.0,0.3,0.4,75.0,2.5,82.0,0.9,29.8,0.2,5.6,0.2,5.6,0.2,6.7
391,Obi Toppin,NYK,58,32,26,14.3,22.5,1.6,0.6,1.1,58.7,0.1,0.2,80.0,1.4,90.2,0.3,19.6,0.0,1.1,0.1,5.4,0.1,5.4
392,Ochai Agbaji,UTA,48,27,21,18.3,18.3,0.9,0.3,0.5,69.6,0.0,0.0,50.0,0.7,76.7,0.4,39.5,0.0,4.7,0.0,2.3,0.0,2.3
393,Olivier Sarr,OKC,3,1,2,10.7,12.7,2.0,0.7,1.0,66.7,0.0,0.0,0.0,1.3,66.7,0.7,33.3,0.0,0.0,0.0,0.0,0.0,0.0
394,Omer Yurtseven,MIA,5,3,2,6.8,9.0,2.2,0.8,1.2,66.7,0.2,0.4,50.0,1.8,81.8,0.6,27.3,0.0,0.0,0.0,0.0,0.0,0.0
395,Onyeka Okongwu,ATL,69,35,34,23.5,29.5,6.5,2.8,3.9,71.8,0.9,1.2,77.5,6.6,100.9,1.5,22.4,0.2,2.9,0.3,4.9,0.5,8.2
396,Orlando Robinson,MIA,29,17,12,13.7,17.7,4.0,1.2,2.2,57.1,0.2,0.3,70.0,2.8,70.7,1.2,29.3,0.2,6.0,0.3,8.6,0.2,5.2
397,Oshae Brissett,IND,56,24,32,16.4,25.8,1.4,0.4,0.7,64.1,0.2,0.2,75.0,1.1,75.9,0.6,40.5,0.1,5.1,0.0,1.3,0.1,7.6
398,Otto Porter Jr.,TOR,8,4,4,18.3,26.1,1.9,0.6,0.6,100.0,0.5,0.5,100.0,2.0,106.7,0.5,26.7,0.1,6.7,0.1,6.7,0.3,13.3
399,Ousmane Dieng,OKC,28,15,13,15.8,19.7,1.3,0.6,0.8,76.2,0.2,0.2,83.3,1.3,105.7,0.3,25.7,0.0,2.9,0.0,2.9,0.1,8.6
400,P.J. Tucker,PHI,66,44,22,25.8,21.2,2.1,0.3,0.8,46.0,0.1,0.1,100.0,0.8,37.0,1.0,49.3,0.1,6.5,0.2,7.2,0.0,1.4
401,P.J. Washington,CHA,68,21,47,32.9,56.5,2.3,0.9,1.5,61.5,0.4,0.6,73.7,2.3,100.0,0.4,15.2,0.0,1.9,0.1,4.4,0.3,11.4
402,PJ Dozier,SAC,9,8,1,2.0,3.7,0.0,0.0,0.0,0.0,0.0,0.0,0.0,0.0,0.0,0.0,0.0,0.0,0.0,0.0,0.0,0.0,0.0
403,Paolo Banchero,ORL,65,26,39,33.8,64.4,2.3,0.9,1.4,63.4,0.5,0.6,82.1,2.3,100.0,0.4,16.6,0.0,1.3,0.1,6.0,0.3,11.9
404,Pascal Siakam,TOR,62,30,32,37.5,81.0,3.4,1.3,2.1,62.6,0.4,0.6,72.2,3.2,92.9,0.9,25.1,0.1,4.3,0.1,2.4,0.3,8.1
405,Pat Connaughton,MIL,53,37,16,24.5,33.7,1.4,0.4,0.7,56.4,0.0,0.1,50.0,0.9,65.8,0.5,38.4,0.1,4.1,0.0,2.7,0.0,2.7
406,Patrick Baldwin Jr.,GSW,26,10,16,8.1,12.8,0.3,0.1,0.2,40.0,0.0,0.0,0.0,0.2,50.0,0.1,25.0,0.0,0.0,0.0,0.0,0.0,0.0
407,Patrick Beverley,CHI,57,29,28,27.5,38.4,0.9,0.1,0.2,61.5,0.0,0.0,100.0,0.3,35.3,0.5,54.9,0.1,11.8,0.1,7.8,0.0,2.0
408,Patrick Williams,CHI,70,33,37,28.6,39.1,1.9,0.8,1.2,67.4,0.2,0.2,81.3,1.9,98.5,0.5,24.2,0.1,4.5,0.0,2.3,0.1,5.3
409,Patty Mills,BKN,38,18,20,13.6,19.1,0.1,0.1,0.1,66.7,0.0,0.0,0.0,0.1,100.0,0.0,25.0,0.0,0.0,0.0,0.0,0.0,0.0
410,Paul George,LAC,55,32,23,34.6,69.4,1.4,0.6,0.8,74.4,0.2,0.3,85.7,1.4,97.5,0.4,26.6,0.0,2.5,0.1,8.9,0.1,8.9
411,Paul Reed,PHI,58,38,20,10.2,12.8,3.0,1.1,1.7,64.4,0.3,0.4,87.0,2.6,87.3,0.7,23.7,0.1,2.9,0.2,8.1,0.2,5.8
412,Payton Pritchard,BOS,45,30,15,12.5,21.6,0.7,0.2,0.2,90.9,0.0,0.0,100.0,0.5,71.9,0.4,53.1,0.1,9.4,0.0,6.3,0.0,0.0
413,Peyton Watson,DEN,14,9,5,3.2,4.4,0.1,0.0,0.1,0.0,0.0,0.0,0.0,0.0,0.0,0.0,0.0,0.0,0.0,0.0,0.0,0.0,0.0
414,Precious Achiuwa,TOR,47,25,22,21.4,32.8,3.7,1.4,2.2,64.8,0.4,0.6,63.0,3.3,90.1,0.8,22.7,0.2,4.7,0.2,5.2,0.3,7.6
415,Quentin Grimes,NYK,62,36,26,29.0,29.6,0.7,0.2,0.3,73.7,0.0,0.0,100.0,0.5,75.6,0.3,43.9,0.1,9.8,0.0,0.0,0.0,2.4
416,Quenton Jackson,WAS,3,2,1,2.6,3.7,0.0,0.0,0.0,0.0,0.0,0.0,0.0,0.0,0.0,0.0,0.0,0.0,0.0,0.0,0.0,0.0,0.0
417,R.J. Hampton,DET,37,8,29,15.0,23.3,0.4,0.1,0.1,80.0,0.1,0.2,83.3,0.4,92.9,0.1,28.6,0.0,0.0,0.0,0.0,0.1,21.4
418,RJ Barrett,NYK,66,37,29,34.0,50.5,1.5,0.7,1.1,62.5,0.2,0.2,75.0,1.6,105.1,0.3,17.2,0.0,3.0,0.0,1.0,0.1,8.1
419,Raul Neto,CLE,45,30,15,10.0,19.3,0.2,0.1,0.1,80.0,0.0,0.0,0.0,0.2,100.0,0.1,37.5,0.0,0.0,0.0,0.0,0.0,0.0
420,Reggie Bullock,DAL,69,35,34,30.6,34.3,0.4,0.2,0.2,100.0,0.0,0.0,50.0,0.5,117.9,0.1,32.1,0.0,3.6,0.0,3.6,0.0,3.6
421,Reggie Jackson,DEN,62,34,28,24.6,49.3,0.6,0.1,0.3,38.9,0.0,0.0,0.0,0.2,40.0,0.2,34.3,0.0,5.7,0.0,8.6,0.0,0.0
422,Richaun Holmes,SAC,35,18,17,8.7,10.2,2.2,0.8,1.2,64.3,0.1,0.2,83.3,1.7,80.3,0.6,26.3,0.1,2.6,0.2,7.9,0.1,2.6
423,Ricky Rubio,CLE,24,17,7,17.1,40.5,0.2,0.0,0.0,0.0,0.0,0.0,0.0,0.0,0.0,0.2,80.0,0.0,20.0,0.0,20.0,0.0,0.0
424,Robert Covington,LAC,39,15,24,16.5,29.5,1.4,0.5,0.9,58.8,0.0,0.1,25.0,1.1,75.9,0.4,27.8,0.1,5.6,0.1,5.6,0.1,3.7
425,Robert Williams III,BOS,28,18,10,24.2,31.1,7.4,3.4,4.4,76.6,0.4,0.7,60.0,7.3,98.6,2.0,27.5,0.2,2.9,0.4,5.3,0.3,4.3
426,Robin Lopez,CLE,34,24,10,7.5,8.1,1.8,0.6,0.9,64.5,0.0,0.1,50.0,1.2,68.9,0.4,24.6,0.1,6.6,0.3,14.8,0.0,1.6
427,Rodney McGruder,DET,31,4,27,16.0,18.1,0.9,0.4,0.5,85.7,0.0,0.0,0.0,0.8,92.6,0.4,40.7,0.1,7.4,0.1,7.4,0.0,0.0
428,Romeo Langford,SAS,35,11,24,20.3,22.6,1.8,0.8,1.0,75.0,0.1,0.1,100.0,1.7,92.1,0.6,31.7,0.1,6.3,0.1,4.8,0.1,3.2
429,Ron Harper Jr.,TOR,4,2,2,3.5,4.3,0.3,0.3,0.3,100.0,0.0,0.0,0.0,0.5,200.0,0.0,0.0,0.0,0.0,0.0,0.0,0.0,0.0
430,Royce O'Neale,BKN,67,36,31,32.1,61.4,0.8,0.2,0.4,48.1,0.0,0.0,0.0,0.4,51.0,0.3,39.2,0.1,11.8,0.0,2.0,0.0,0.0
431,Rudy Gay,UTA,55,29,26,14.7,23.7,0.9,0.2,0.5,44.8,0.2,0.2,91.7,0.7,73.1,0.2,19.2,0.1,7.7,0.1,7.7,0.1,9.6
432,Rudy Gobert,MIN,61,28,33,30.6,43.9,11.1,4.5,6.4,69.6,1.8,2.7,67.5,11.0,99.0,2.0,17.6,0.3,2.8,0.9,8.0,1.3,11.5
433,Rui Hachimura,LAL,54,30,24,23.9,31.3,1.9,0.8,1.3,61.1,0.2,0.3,71.4,1.8,97.1,0.3,16.7,0.0,2.0,0.1,4.9,0.1,5.9
434,Russell Westbrook,LAC,63,30,33,29.0,63.5,1.7,0.5,0.9,60.0,0.3,0.3,80.0,1.3,77.3,0.5,27.3,0.1,6.4,0.1,6.4,0.1,8.2
435,Ryan Arcidiacono,POR,16,8,8,5.4,11.9,0.1,0.1,0.1,100.0,0.0,0.0,0.0,0.1,100.0,0.1,50.0,0.0,0.0,0.0,0.0,0.0,0.0
436,Ryan Rollins,GSW,12,5,7,5.2,11.6,0.4,0.1,0.2,50.0,0.0,0.0,0.0,0.2,40.0,0.1,20.0,0.0,0.0,0.2,40.0,0.0,0.0
437,Saben Lee,PHX,22,14,8,13.7,31.5,0.6,0.1,0.2,50.0,0.1,0.1,100.0,0.3,46.2,0.3,53.8,0.1,15.4,0.0,7.7,0.0,7.7
438,Saddiq Bey,ATL,65,18,47,28.1,37.6,1.0,0.4,0.7,56.8,0.2,0.2,85.7,1.0,94.0,0.2,22.4,0.0,4.5,0.0,0.0,0.1,9.0
439,Sam Hauser,BOS,70,47,23,15.6,18.1,0.6,0.2,0.4,68.0,0.0,0.0,0.0,0.5,81.0,0.2,35.7,0.0,7.1,0.0,2.4,0.0,0.0
440,Sam Merrill,CLE,2,2,0,4.2,4.0,0.5,0.5,0.5,100.0,0.0,0.0,0.0,1.0,200.0,0.0,0.0,0.0,0.0,0.0,0.0,0.0,0.0
441,Sandro Mamukelashvili,SAS,32,20,12,11.7,19.6,1.8,0.4,0.7,52.2,0.0,0.1,50.0,0.8,44.6,0.8,46.4,0.2,8.9,0.1,7.1,0.0,1.8
442,Santi Aldama,MEM,68,41,27,22.0,29.2,2.2,1.0,1.5,65.7,0.3,0.4,67.9,2.3,104.1,0.4,16.3,0.1,3.4,0.0,1.4,0.2,8.2
443,Scottie Barnes,TOR,69,33,36,34.9,72.7,4.8,1.7,2.9,58.0,0.5,0.6,82.5,3.9,81.9,1.2,25.4,0.3,6.3,0.3,5.4,0.3,5.7
444,Scotty Pippen Jr.,LAL,6,1,5,5.3,12.0,0.3,0.0,0.2,0.0,0.0,0.0,0.0,0.0,0.0,0.2,50.0,0.0,0.0,0.0,0.0,0.0,0.0
445,Serge Ibaka,MIL,16,11,5,11.6,13.5,2.2,0.8,1.1,66.7,0.4,0.5,75.0,1.9,85.7,0.6,25.7,0.0,0.0,0.1,5.7,0.2,8.6
446,Seth Curry,BKN,53,32,21,21.3,34.2,0.2,0.0,0.1,66.7,0.0,0.0,0.0,0.1,50.0,0.1,62.5,0.0,12.5,0.0,0.0,0.0,0.0
447,Shaedon Sharpe,POR,70,30,40,20.3,20.9,1.3,0.7,0.9,74.6,0.1,0.2,50.0,1.4,109.8,0.2,17.4,0.0,2.2,0.1,5.4,0.1,7.6
448,Shai Gilgeous-Alexander,OKC,60,30,30,35.6,73.3,1.5,0.7,1.0,72.4,0.1,0.1,83.3,1.5,98.9,0.3,20.9,0.1,4.4,0.1,7.7,0.1,3.3
449,Shake Milton,PHI,67,48,19,20.2,37.4,0.7,0.3,0.4,75.0,0.1,0.1,87.5,0.7,108.7,0.1,17.4,0.1,8.7,0.1,8.7,0.0,6.5
450,Simone Fontecchio,UTA,42,23,19,12.6,15.7,0.7,0.1,0.4,26.7,0.1,0.1,75.0,0.3,37.9,0.2,27.6,0.0,3.4,0.1,10.3,0.0,6.9
451,Spencer Dinwiddie,BKN,69,35,34,34.3,67.0,0.3,0.1,0.1,50.0,0.0,0.0,0.0,0.1,39.1,0.2,60.9,0.0,8.7,0.0,0.0,0.0,0.0
452,Stanley Johnson,SAS,29,5,24,15.8,26.0,1.0,0.2,0.4,41.7,0.1,0.1,100.0,0.4,41.4,0.5,48.3,0.1,10.3,0.0,3.4,0.0,3.4
453,Stanley Umude,DET,1,0,1,2.1,3.0,0.0,0.0,0.0,0.0,0.0,0.0,0.0,0.0,0.0,0.0,0.0,0.0,0.0,0.0,0.0,0.0,0.0
454,Stephen Curry,GSW,46,22,24,35.0,79.5,1.4,0.6,0.8,70.3,0.2,0.2,100.0,1.4,98.4,0.3,20.3,0.1,4.7,0.1,7.8,0.1,4.7
455,Sterling Brown,LAL,4,2,2,6.1,6.0,0.8,0.0,0.5,0.0,0.0,0.0,0.0,0.0,0.0,0.3,33.3,0.0,0.0,0.0,0.0,0.0,0.0
456,Steven Adams,MEM,42,28,14,27.0,43.2,8.5,2.7,4.6,59.6,0.5,1.4,37.3,6.0,70.4,2.3,27.0,0.3,3.1,0.5,5.6,0.6,6.8
457,Svi Mykhailiuk,CHA,23,12,11,7.2,7.7,0.3,0.0,0.1,50.0,0.0,0.1,50.0,0.1,50.0,0.1,50.0,0.0,16.7,0.0,0.0,0.0,16.7
458,T.J. McConnell,IND,67,29,38,20.1,53.8,0.5,0.1,0.1,62.5,0.0,0.0,100.0,0.2,38.7,0.3,61.3,0.0,9.7,0.0,9.7,0.0,3.2
459,T.J. Warren,PHX,34,20,14,15.9,21.4,1.0,0.5,0.8,63.0,0.1,0.1,50.0,1.1,112.1,0.1,9.1,0.0,0.0,0.0,3.0,0.1,6.1
460,Taj Gibson,WAS,45,20,25,9.6,14.8,2.2,0.8,1.2,66.0,0.2,0.3,66.7,1.8,83.5,0.5,24.7,0.2,10.3,0.2,8.2,0.1,6.2
461,Talen Horton-Tucker,UTA,57,29,28,18.7,40.7,0.6,0.1,0.3,31.6,0.0,0.0,0.0,0.2,40.6,0.2,34.4,0.0,3.1,0.0,0.0,0.0,0.0
462,Tari Eason,HOU,72,18,54,20.8,32.1,3.2,1.2,2.0,59.6,0.3,0.5,66.7,2.8,86.1,0.7,20.8,0.2,4.8,0.2,6.1,0.2,6.9
463,Taurean Prince,MIN,47,26,21,21.8,28.4,0.6,0.3,0.4,76.5,0.0,0.0,100.0,0.6,107.4,0.1,22.2,0.0,3.7,0.0,7.4,0.0,3.7
464,Terance Mann,LAC,71,38,33,23.2,37.8,1.6,0.7,0.9,73.1,0.1,0.1,70.0,1.6,96.6,0.5,31.9,0.1,3.4,0.1,5.2,0.1,3.4
465,Terence Davis,SAC,56,34,22,13.2,20.2,0.6,0.2,0.3,72.2,0.0,0.0,100.0,0.5,90.3,0.1,25.8,0.0,3.2,0.0,0.0,0.0,3.2
466,Terrence Ross,PHX,52,20,32,21.7,22.0,0.1,0.0,0.0,100.0,0.0,0.0,0.0,0.0,66.7,0.0,33.3,0.0,0.0,0.0,33.3,0.0,0.0
467,Terry Rozier,CHA,62,19,43,35.7,76.0,1.0,0.2,0.6,40.0,0.0,0.0,0.0,0.5,49.2,0.3,31.1,0.0,4.9,0.0,4.9,0.0,0.0
468,Terry Taylor,CHI,28,10,18,8.3,9.8,1.0,0.4,0.6,70.6,0.0,0.1,50.0,0.9,96.3,0.2,22.2,0.0,0.0,0.1,7.4,0.0,3.7
469,Thaddeus Young,TOR,54,23,31,14.7,26.4,2.6,1.2,1.7,71.1,0.1,0.1,62.5,2.5,96.5,0.6,24.8,0.1,5.7,0.1,5.7,0.1,2.8
470,Thanasis Antetokounmpo,MIL,28,20,8,4.0,4.3,0.6,0.1,0.3,42.9,0.1,0.1,50.0,0.3,47.1,0.1,23.5,0.0,0.0,0.1,11.8,0.1,11.8
471,Theo Maledon,CHA,36,10,26,16.1,36.7,0.2,0.1,0.1,100.0,0.0,0.0,0.0,0.2,85.7,0.1,28.6,0.0,14.3,0.0,14.3,0.0,0.0
472,Theo Pinson,DAL,37,18,19,6.6,12.9,0.3,0.0,0.1,25.0,0.0,0.1,50.0,0.1,27.3,0.1,45.5,0.1,27.3,0.0,9.1,0.0,9.1
473,Thomas Bryant,DEN,55,30,25,18.9,27.4,5.0,2.4,3.5,69.1,0.8,1.1,73.3,5.8,115.9,0.7,13.4,0.1,2.5,0.2,4.0,0.5,10.9
474,Tim Hardaway Jr.,DAL,65,35,30,30.2,45.1,0.5,0.2,0.3,65.0,0.1,0.1,83.3,0.5,100.0,0.1,26.5,0.0,5.9,0.0,2.9,0.0,8.8
475,Tobias Harris,PHI,66,44,22,33.1,49.1,2.0,0.9,1.1,79.5,0.1,0.2,75.0,1.9,94.8,0.6,29.9,0.1,3.0,0.1,4.5,0.1,3.7
476,Tony Bradley,CHI,11,4,7,2.9,5.2,0.3,0.1,0.2,50.0,0.0,0.0,0.0,0.2,66.7,0.1,33.3,0.0,0.0,0.0,0.0,0.0,0.0
477,Torrey Craig,PHX,68,37,31,25.4,33.0,2.6,0.9,1.5,62.7,0.2,0.2,73.3,2.1,78.7,0.8,30.9,0.1,5.1,0.1,4.5,0.1,3.4
478,Trae Young,ATL,64,33,31,34.9,80.2,0.7,0.3,0.3,84.2,0.1,0.1,100.0,0.6,86.0,0.2,32.6,0.0,7.0,0.0,7.0,0.0,4.7
479,Tre Jones,SAS,57,17,40,29.1,67.3,0.7,0.1,0.2,70.0,0.0,0.0,100.0,0.3,46.2,0.4,61.5,0.1,12.8,0.1,7.7,0.0,2.6
480,Tre Mann,OKC,60,27,33,18.0,30.6,0.4,0.1,0.3,44.4,0.0,0.0,100.0,0.3,75.0,0.1,16.7,0.0,0.0,0.0,0.0,0.0,4.2
481,Trendon Watford,POR,54,24,30,18.6,33.9,1.5,0.5,0.8,57.8,0.1,0.1,75.0,1.1,71.6,0.5,30.9,0.1,8.6,0.1,6.2,0.1,4.9
482,Trent Forrest,ATL,18,6,12,13.3,22.3,0.4,0.2,0.3,80.0,0.0,0.0,0.0,0.4,100.0,0.1,25.0,0.0,0.0,0.1,12.5,0.0,0.0
483,Trevelin Queen,IND,7,2,5,10.0,17.3,1.3,0.4,0.9,50.0,0.0,0.0,0.0,0.9,66.7,0.4,33.3,0.1,11.1,0.0,0.0,0.0,0.0
484,Trevor Hudgins,HOU,5,0,5,5.7,12.2,0.0,0.0,0.0,0.0,0.0,0.0,0.0,0.0,0.0,0.0,0.0,0.0,0.0,0.0,0.0,0.0,0.0
485,Trevor Keels,NYK,2,2,0,1.9,3.0,0.0,0.0,0.0,0.0,0.0,0.0,0.0,0.0,0.0,0.0,0.0,0.0,0.0,0.0,0.0,0.0,0.0
486,Trey Lyles,SAC,63,38,25,16.9,26.7,1.6,0.6,0.9,63.8,0.3,0.4,80.8,1.6,101.0,0.3,19.4,0.1,5.1,0.0,3.1,0.2,13.3
487,Trey Murphy III,NOP,68,31,37,30.0,35.3,1.4,0.7,0.9,77.8,0.1,0.1,100.0,1.6,117.0,0.3,22.3,0.0,1.1,0.1,5.3,0.0,3.2
488,Troy Brown Jr.,LAL,66,32,34,24.8,27.0,1.5,0.4,0.7,59.1,0.3,0.3,94.4,1.1,71.4,0.6,40.8,0.1,8.2,0.1,4.1,0.1,8.2
489,Ty Jerome,GSW,44,21,23,18.5,40.1,0.3,0.2,0.2,100.0,0.0,0.0,0.0,0.3,93.3,0.1,33.3,0.0,6.7,0.0,6.7,0.0,0.0
490,TyTy Washington Jr.,HOU,30,5,25,13.7,27.9,0.1,0.0,0.1,50.0,0.0,0.0,0.0,0.1,50.0,0.1,50.0,0.0,25.0,0.0,0.0,0.0,0.0
491,Tyler Dorsey,DAL,3,2,1,2.8,2.3,0.0,0.0,0.0,0.0,0.0,0.0,0.0,0.0,0.0,0.0,0.0,0.0,0.0,0.0,0.0,0.0,0.0
492,Tyler Herro,MIA,59,32,27,35.3,66.8,0.7,0.3,0.5,59.3,0.1,0.1,100.0,0.6,81.8,0.2,25.0,0.0,4.5,0.0,4.5,0.0,4.5
493,Tyrese Haliburton,IND,54,28,26,33.7,94.5,0.4,0.1,0.2,58.3,0.0,0.0,0.0,0.3,63.6,0.2,40.9,0.0,9.1,0.0,4.5,0.0,0.0
494,Tyrese Martin,ATL,13,8,5,3.5,4.6,0.2,0.0,0.1,0.0,0.0,0.0,0.0,0.0,0.0,0.2,66.7,0.0,0.0,0.0,0.0,0.0,0.0
495,Tyrese Maxey,PHI,52,35,17,33.2,66.9,0.3,0.1,0.2,50.0,0.0,0.0,0.0,0.2,75.0,0.1,37.5,0.1,18.8,0.0,0.0,0.0,0.0
496,Tyus Jones,MEM,71,44,27,24.0,53.9,0.2,0.0,0.1,25.0,0.0,0.0,0.0,0.0,21.4,0.1,28.6,0.0,7.1,0.1,35.7,0.0,0.0
497,Udoka Azubuike,UTA,27,15,12,6.4,6.0,2.1,1.0,1.1,90.3,0.0,0.2,16.7,2.1,101.8,0.3,16.1,0.0,0.0,0.3,14.3,0.1,5.4
498,Udonis Haslem,MIA,6,3,3,7.9,9.8,0.8,0.0,0.5,0.0,0.0,0.0,0.0,0.0,0.0,0.2,20.0,0.0,0.0,0.0,0.0,0.0,0.0
499,Usman Garuba,HOU,65,17,48,13.1,19.2,3.1,0.7,1.3,50.6,0.2,0.3,54.5,1.5,50.0,1.4,44.0,0.2,8.0,0.2,6.0,0.1,4.5
500,Vernon Carey Jr.,WAS,11,8,3,2.6,4.0,0.6,0.2,0.4,50.0,0.2,0.2,100.0,0.5,85.7,0.1,14.3,0.0,0.0,0.1,14.3,0.1,14.3
501,Victor Oladipo,MIA,38,22,16,26.7,49.5,0.5,0.2,0.3,50.0,0.1,0.1,100.0,0.4,77.8,0.1,27.8,0.0,5.6,0.0,0.0,0.0,5.6
502,Vince Williams Jr.,MEM,11,6,5,4.7,5.3,0.5,0.2,0.3,66.7,0.0,0.0,0.0,0.4,80.0,0.1,20.0,0.0,0.0,0.1,20.0,0.0,0.0
503,Vit Krejci,ATL,23,11,12,5.4,6.1,0.3,0.0,0.0,100.0,0.0,0.0,0.0,0.1,33.3,0.2,66.7,0.0,16.7,0.0,0.0,0.0,0.0
504,Vlatko Cancar,DEN,51,34,17,15.7,21.5,1.6,0.6,0.8,74.4,0.2,0.2,91.7,1.4,85.7,0.6,34.5,0.2,10.7,0.1,3.6,0.1,7.1
505,Walker Kessler,UTA,67,33,34,22.7,23.7,6.9,3.2,4.3,74.7,0.6,1.1,51.3,7.0,102.2,1.4,20.8,0.3,5.0,0.4,5.4,0.5,7.6
506,Wendell Carter Jr.,ORL,49,21,28,30.0,53.8,6.1,2.6,3.6,71.4,1.1,1.5,72.2,6.3,103.0,1.2,19.1,0.2,3.3,0.4,7.0,0.7,11.4
507,Wendell Moore Jr.,MIN,27,14,13,5.5,9.7,0.3,0.1,0.1,50.0,0.1,0.1,100.0,0.2,85.7,0.0,14.3,0.0,0.0,0.0,14.3,0.0,14.3
508,Wenyen Gabriel,LAL,58,29,29,15.4,20.5,4.3,1.5,2.3,65.4,0.4,0.7,65.0,3.6,84.3,1.2,26.9,0.1,3.2,0.3,6.0,0.3,6.0
509,Wesley Matthews,MIL,41,30,11,15.4,14.3,0.8,0.2,0.3,53.8,0.1,0.1,75.0,0.4,50.0,0.4,52.9,0.1,8.8,0.0,2.9,0.0,2.9
510,Will Barton,TOR,49,23,26,17.9,30.0,0.3,0.1,0.1,85.7,0.0,0.0,100.0,0.3,87.5,0.1,37.5,0.0,12.5,0.0,6.3,0.0,6.3
511,Willy Hernangomez,NOP,34,19,15,13.0,25.0,4.4,1.6,2.8,58.3,1.0,1.4,73.9,4.4,99.3,0.5,12.0,0.1,2.7,0.2,5.3,0.6,14.7
512,Xavier Cooks,WAS,1,0,1,5.5,6.0,1.0,0.0,0.0,0.0,0.0,0.0,0.0,0.0,0.0,0.0,0.0,0.0,0.0,1.0,100.0,0.0,0.0
513,Xavier Tillman,MEM,52,33,19,18.3,29.0,4.7,1.4,2.1,65.8,0.5,0.9,54.3,3.3,71.9,1.8,38.0,0.3,5.8,0.2,5.0,0.4,9.5
514,Yuta Watanabe,BKN,48,24,24,17.2,18.1,0.9,0.4,0.5,68.0,0.0,0.0,100.0,0.8,90.5,0.3,31.0,0.1,7.1,0.0,4.8,0.0,2.4
515,Zach Collins,SAS,57,18,39,22.6,37.5,5.1,1.8,2.8,65.0,0.7,0.9,81.6,4.4,84.6,1.3,25.6,0.2,4.1,0.4,8.5,0.4,7.2
516,Zach LaVine,CHI,66,32,34,36.4,63.0,0.9,0.6,0.7,78.7,0.1,0.1,100.0,1.2,125.8,0.1,14.5,0.0,4.8,0.0,3.2,0.0,3.2
517,Zeke Nnaji,DEN,44,30,14,13.5,12.5,2.9,1.3,2.0,67.4,0.5,0.6,82.1,3.2,108.6,0.4,13.3,0.0,1.6,0.1,3.9,0.3,10.9
518,Ziaire Williams,MEM,36,21,15,14.7,16.5,1.1,0.6,0.8,77.8,0.2,0.3,80.0,1.4,131.6,0.1,5.3,0.0,0.0,0.1,7.9,0.1,13.2
519,Zion Williamson,NOP,29,17,12,33.0,66.0,4.5,2.3,3.2,72.3,0.5,0.9,60.0,5.2,116.0,0.6,13.0,0.1,2.3,0.2,4.6,0.4,8.4
