,PLAYER,TEAM,GP,W,L,MIN,Touches,Post Ups,FGM,FGA,FG%,FTM,FTA,FT%,PTS,PTS%,PASS,PASS%,AST,AST%,TO,TOV%,PF,PF%
0,A.J. Lawson,DAL,13,5,8,4.8,4.8,0.0,0.0,0.0,0.0,0.0,0.0,0.0,0.0,0.0,0.0,0.0,0.0,0.0,0.0,0.0,0.0,0.0
1,AJ Green,MIL,31,25,6,9.5,12.0,0.0,0.0,0.0,0.0,0.0,0.0,0.0,0.0,0.0,0.0,0.0,0.0,0.0,0.0,0.0,0.0,0.0
2,AJ Griffin,ATL,61,28,33,19.4,21.0,0.0,0.0,0.0,100.0,0.0,0.0,0.0,0.0,200.0,0.0,0.0,0.0,0.0,0.0,0.0,0.0,0.0
3,Aaron Gordon,DEN,57,39,18,30.1,42.3,2.1,0.5,1.1,51.7,0.5,0.7,67.5,1.6,75.4,0.5,23.0,0.1,4.1,0.1,5.7,0.3,15.6
4,Aaron Holiday,ATL,54,28,26,13.6,19.8,0.0,0.0,0.0,0.0,0.0,0.0,0.0,0.0,0.0,0.0,0.0,0.0,0.0,0.0,0.0,0.0,0.0
5,Aaron Nesmith,IND,60,26,34,24.6,34.4,0.0,0.0,0.0,0.0,0.0,0.0,0.0,0.0,0.0,0.0,0.0,0.0,0.0,0.0,0.0,0.0,0.0
6,Aaron Wiggins,OKC,57,31,26,18.7,21.4,0.0,0.0,0.0,50.0,0.0,0.0,0.0,0.0,100.0,0.0,0.0,0.0,0.0,0.0,0.0,0.0,0.0
7,Admiral Schofield,ORL,31,12,19,11.9,18.1,0.0,0.0,0.0,0.0,0.0,0.0,0.0,0.0,0.0,0.0,0.0,0.0,0.0,0.0,0.0,0.0,0.0
8,Al Horford,BOS,55,38,17,31.0,46.5,1.0,0.2,0.4,52.4,0.0,0.0,0.0,0.4,40.7,0.4,37.0,0.1,11.1,0.1,13.0,0.0,0.0
9,Alec Burks,DET,50,12,38,22.0,34.6,0.3,0.1,0.1,57.1,0.0,0.0,0.0,0.2,53.3,0.1,46.7,0.0,0.0,0.0,0.0,0.0,0.0
10,Aleksej Pokusevski,OKC,31,15,16,21.9,44.4,0.0,0.0,0.0,0.0,0.0,0.0,0.0,0.0,0.0,0.0,0.0,0.0,0.0,0.0,0.0,0.0,0.0
11,Alex Caruso,CHI,56,24,32,24.2,44.7,0.0,0.0,0.0,0.0,0.0,0.0,0.0,0.0,0.0,0.0,100.0,0.0,0.0,0.0,0.0,0.0,0.0
12,Alex Len,SAC,17,11,6,3.1,5.5,0.0,0.0,0.0,0.0,0.0,0.0,0.0,0.0,0.0,0.0,0.0,0.0,0.0,0.0,0.0,0.0,0.0
13,Alize Johnson,SAS,4,1,3,7.4,11.5,0.3,0.0,0.3,0.0,0.0,0.0,0.0,0.0,0.0,0.0,0.0,0.0,0.0,0.0,0.0,0.0,0.0
14,Alondes Williams,BKN,1,1,0,5.3,9.0,0.0,0.0,0.0,0.0,0.0,0.0,0.0,0.0,0.0,0.0,0.0,0.0,0.0,0.0,0.0,0.0,0.0
15,Alperen Sengun,HOU,63,13,50,28.3,54.4,4.4,1.0,1.7,55.6,0.4,0.5,71.9,2.3,51.4,1.8,39.9,0.4,9.4,0.3,6.1,0.3,5.8
16,Amir Coffey,LAC,45,23,22,13.2,14.3,0.0,0.0,0.0,0.0,0.0,0.0,0.0,0.0,0.0,0.0,0.0,0.0,0.0,0.0,0.0,0.0,0.0
17,Andre Drummond,CHI,55,24,31,12.9,17.9,0.4,0.1,0.2,55.6,0.0,0.1,33.3,0.2,52.2,0.2,39.1,0.0,4.3,0.0,4.3,0.1,13.0
18,Andre Iguodala,GSW,7,2,5,13.5,24.4,0.0,0.0,0.0,0.0,0.0,0.0,0.0,0.0,0.0,0.0,0.0,0.0,0.0,0.0,0.0,0.0,0.0
19,Andrew Nembhard,IND,62,28,34,26.9,44.2,0.0,0.0,0.0,0.0,0.0,0.0,0.0,0.0,0.0,0.0,66.7,0.0,33.3,0.0,33.3,0.0,0.0
20,Andrew Wiggins,GSW,36,18,18,32.3,46.2,1.7,0.4,0.8,59.3,0.1,0.2,66.7,1.0,58.1,0.8,43.5,0.2,12.9,0.0,1.6,0.1,4.8
21,Anfernee Simons,POR,60,27,33,35.0,67.8,0.0,0.0,0.0,0.0,0.0,0.0,0.0,0.0,0.0,0.0,0.0,0.0,0.0,0.0,0.0,0.0,0.0
22,Anthony Davis,LAL,44,22,22,33.5,68.0,5.0,1.3,2.7,50.0,1.1,1.3,82.8,3.8,75.2,1.2,23.9,0.3,5.0,0.2,4.5,0.7,13.1
23,Anthony Edwards,MIN,70,35,35,36.4,72.4,0.6,0.2,0.3,52.4,0.1,0.1,50.0,0.4,67.4,0.2,30.2,0.1,9.3,0.0,7.0,0.1,9.3
24,Anthony Gill,WAS,46,18,28,10.0,10.0,0.0,0.0,0.0,0.0,0.0,0.0,100.0,0.0,200.0,0.0,0.0,0.0,0.0,0.0,0.0,0.0,100.0
25,Anthony Lamb,GSW,49,27,22,20.0,34.0,0.4,0.0,0.0,0.0,0.0,0.0,0.0,0.0,0.0,0.3,94.4,0.1,22.2,0.0,0.0,0.0,0.0
26,Austin Reaves,LAL,52,26,26,27.6,38.3,0.0,0.0,0.0,0.0,0.0,0.0,0.0,0.0,0.0,0.0,0.0,0.0,0.0,0.0,0.0,0.0,0.0
27,Austin Rivers,MIN,50,24,26,20.1,23.5,0.0,0.0,0.0,0.0,0.0,0.0,0.0,0.0,0.0,0.0,0.0,0.0,0.0,0.0,0.0,0.0,0.0
28,Ayo Dosunmu,CHI,65,30,35,27.2,45.7,0.0,0.0,0.0,0.0,0.0,0.0,0.0,0.0,0.0,0.0,0.0,0.0,0.0,0.0,0.0,0.0,0.0
29,Bam Adebayo,MIA,66,35,31,35.1,63.2,2.7,0.7,1.3,51.7,0.3,0.3,82.6,1.7,62.9,0.8,29.8,0.2,7.3,0.2,7.9,0.2,6.7
30,Ben Simmons,BKN,42,24,18,26.3,61.4,1.1,0.2,0.5,50.0,0.0,0.0,0.0,0.5,44.4,0.5,48.9,0.2,22.2,0.0,2.2,0.0,2.2
31,Bennedict Mathurin,IND,67,30,37,27.8,41.0,0.1,0.0,0.0,0.0,0.0,0.0,100.0,0.0,28.6,0.0,14.3,0.0,0.0,0.0,0.0,0.0,14.3
32,Bismack Biyombo,PHX,50,26,24,13.4,22.2,0.9,0.2,0.4,36.4,0.0,0.1,16.7,0.3,38.6,0.2,22.7,0.0,0.0,0.1,11.4,0.1,6.8
33,Blake Griffin,BOS,32,20,12,14.2,20.8,0.4,0.1,0.2,60.0,0.0,0.1,50.0,0.3,57.1,0.2,35.7,0.0,0.0,0.0,7.1,0.0,7.1
34,Blake Wesley,SAS,23,5,18,16.8,32.7,0.0,0.0,0.0,0.0,0.0,0.0,0.0,0.0,0.0,0.0,0.0,0.0,0.0,0.0,0.0,0.0,0.0
35,Boban Marjanovic,HOU,24,3,21,4.8,6.5,1.5,0.6,1.0,60.0,0.0,0.1,50.0,1.5,100.0,0.2,14.3,0.0,0.0,0.1,8.6,0.0,2.9
36,Bobby Portis,MIL,58,39,19,25.9,49.9,3.1,0.9,1.8,51.0,0.1,0.2,80.0,2.0,63.5,0.9,29.8,0.2,5.0,0.1,3.9,0.1,2.8
37,Bogdan Bogdanovic,ATL,43,21,22,28.5,41.6,0.1,0.0,0.0,50.0,0.0,0.0,0.0,0.0,50.0,0.0,50.0,0.0,0.0,0.0,0.0,0.0,0.0
38,Bojan Bogdanovic,DET,58,15,43,32.0,46.6,1.0,0.2,0.5,33.3,0.2,0.2,100.0,0.5,48.3,0.3,25.0,0.0,1.7,0.1,13.3,0.1,8.3
39,Bol Bol,ORL,64,25,39,22.0,23.2,0.2,0.0,0.1,40.0,0.0,0.0,100.0,0.1,60.0,0.0,30.0,0.0,20.0,0.0,0.0,0.0,10.0
40,Bones Hyland,LAC,47,30,17,19.0,45.4,0.0,0.0,0.0,0.0,0.0,0.0,0.0,0.0,0.0,0.0,0.0,0.0,0.0,0.0,0.0,0.0,0.0
41,Bradley Beal,WAS,47,24,23,33.5,67.8,0.6,0.1,0.3,46.2,0.0,0.0,0.0,0.3,41.4,0.2,31.0,0.0,3.4,0.1,13.8,0.0,0.0
42,Brandon Boston Jr.,LAC,21,8,13,11.7,20.3,0.1,0.0,0.1,33.3,0.0,0.0,0.0,0.1,66.7,0.0,0.0,0.0,0.0,0.0,0.0,0.0,0.0
43,Brandon Clarke,MEM,56,32,24,19.5,28.5,0.2,0.0,0.1,25.0,0.0,0.0,100.0,0.1,44.4,0.0,22.2,0.0,22.2,0.0,0.0,0.0,11.1
44,Brandon Ingram,NOP,32,14,18,32.9,64.4,1.6,0.5,1.0,51.6,0.1,0.1,100.0,1.2,72.5,0.4,25.5,0.0,0.0,0.0,0.0,0.1,3.9
45,Braxton Key,DET,3,0,3,3.0,3.3,0.0,0.0,0.0,0.0,0.0,0.0,0.0,0.0,0.0,0.0,0.0,0.0,0.0,0.0,0.0,0.0,0.0
46,Brook Lopez,MIL,68,49,19,30.7,34.6,1.8,0.7,1.1,61.8,0.4,0.4,85.7,1.8,99.2,0.2,12.0,0.0,2.4,0.2,8.8,0.2,11.2
47,Bruce Brown,DEN,68,46,22,28.2,51.1,0.1,0.0,0.0,100.0,0.0,0.0,100.0,0.1,100.0,0.0,50.0,0.0,50.0,0.0,0.0,0.0,25.0
48,Bruno Fernando,ATL,34,10,24,10.9,19.5,0.2,0.1,0.1,66.7,0.0,0.0,0.0,0.1,66.7,0.1,50.0,0.0,0.0,0.0,0.0,0.0,0.0
49,Bryce McGowens,CHA,35,11,24,14.6,14.6,0.0,0.0,0.0,0.0,0.0,0.0,0.0,0.0,0.0,0.0,0.0,0.0,0.0,0.0,0.0,0.0,0.0
50,Bryn Forbes,MIN,25,9,16,10.7,11.9,0.0,0.0,0.0,0.0,0.0,0.0,0.0,0.0,0.0,0.0,0.0,0.0,0.0,0.0,0.0,0.0,0.0
51,Buddy Boeheim,DET,4,1,3,13.0,12.5,0.0,0.0,0.0,0.0,0.0,0.0,0.0,0.0,0.0,0.0,0.0,0.0,0.0,0.0,0.0,0.0,0.0
52,Buddy Hield,IND,69,31,38,31.7,59.5,0.0,0.0,0.0,0.0,0.0,0.0,0.0,0.0,0.0,0.0,0.0,0.0,0.0,0.0,0.0,0.0,0.0
53,CJ McCollum,NOP,62,29,33,35.0,75.0,0.0,0.0,0.0,0.0,0.0,0.0,0.0,0.0,0.0,0.0,66.7,0.0,0.0,0.0,0.0,0.0,0.0
54,Cade Cunningham,DET,12,3,9,33.3,78.3,0.4,0.1,0.1,100.0,0.0,0.0,0.0,0.3,60.0,0.3,60.0,0.0,0.0,0.1,20.0,0.0,0.0
55,Caleb Houstan,ORL,40,14,26,15.1,12.6,0.0,0.0,0.0,0.0,0.0,0.0,0.0,0.0,0.0,0.0,0.0,0.0,0.0,0.0,0.0,0.0,0.0
56,Caleb Martin,MIA,60,32,28,29.7,39.0,0.1,0.0,0.1,0.0,0.0,0.0,0.0,0.0,0.0,0.0,0.0,0.0,0.0,0.0,25.0,0.0,0.0
57,Cam Reddish,POR,34,13,21,25.1,29.3,0.0,0.0,0.0,0.0,0.0,0.0,0.0,0.0,0.0,0.0,0.0,0.0,0.0,0.0,0.0,0.0,0.0
58,Cam Thomas,BKN,50,28,22,16.7,29.2,0.0,0.0,0.0,0.0,0.0,0.0,0.0,0.0,0.0,0.0,0.0,0.0,0.0,0.0,0.0,0.0,0.0
59,Cameron Johnson,BKN,30,19,11,27.5,37.5,0.0,0.0,0.0,0.0,0.0,0.0,0.0,0.0,0.0,0.0,0.0,0.0,0.0,0.0,0.0,0.0,0.0
60,Cameron Payne,PHX,37,20,17,21.7,52.9,0.0,0.0,0.0,0.0,0.0,0.0,0.0,0.0,0.0,0.0,0.0,0.0,0.0,0.0,0.0,0.0,0.0
61,Caris LeVert,CLE,66,39,27,30.1,48.1,0.0,0.0,0.0,0.0,0.0,0.0,0.0,0.0,0.0,0.0,66.7,0.0,0.0,0.0,33.3,0.0,0.0
62,Carlik Jones,CHI,1,0,1,21.7,35.0,0.0,0.0,0.0,0.0,0.0,0.0,0.0,0.0,0.0,0.0,0.0,0.0,0.0,0.0,0.0,0.0,0.0
63,Cedi Osman,CLE,67,41,26,20.7,29.2,0.0,0.0,0.0,0.0,0.0,0.0,0.0,0.0,0.0,0.0,50.0,0.0,0.0,0.0,0.0,0.0,0.0
64,Charles Bassey,SAS,35,9,26,14.5,24.9,0.4,0.1,0.2,50.0,0.1,0.2,66.7,0.3,76.9,0.1,15.4,0.0,0.0,0.1,15.4,0.1,23.1
65,Chima Moneke,SAC,2,1,1,4.0,6.5,0.0,0.0,0.0,0.0,0.0,0.0,0.0,0.0,0.0,0.0,0.0,0.0,0.0,0.0,0.0,0.0,0.0
66,Chimezie Metu,SAC,55,34,21,11.0,16.1,0.3,0.1,0.2,44.4,0.0,0.0,50.0,0.2,62.5,0.1,18.8,0.0,0.0,0.1,18.8,0.0,6.3
67,Chris Boucher,TOR,63,31,32,20.0,23.5,0.1,0.0,0.0,0.0,0.0,0.0,0.0,0.0,0.0,0.0,0.0,0.0,0.0,0.0,50.0,0.0,0.0
68,Chris Duarte,IND,45,19,26,19.8,29.6,0.0,0.0,0.0,0.0,0.0,0.0,0.0,0.0,0.0,0.0,0.0,0.0,0.0,0.0,0.0,0.0,0.0
69,Chris Paul,PHX,48,25,23,32.1,74.5,0.2,0.0,0.1,33.3,0.0,0.0,100.0,0.1,36.4,0.1,54.5,0.0,9.1,0.0,9.1,0.0,9.1
70,Chris Silva,DAL,1,1,0,3.0,4.0,1.0,1.0,1.0,100.0,0.0,0.0,0.0,2.0,200.0,0.0,0.0,0.0,0.0,0.0,0.0,0.0,0.0
71,Christian Braun,DEN,63,42,21,14.4,16.3,0.0,0.0,0.0,0.0,0.0,0.0,0.0,0.0,0.0,0.0,0.0,0.0,0.0,0.0,0.0,0.0,0.0
72,Christian Koloko,TOR,47,22,25,14.1,14.9,0.0,0.0,0.0,0.0,0.0,0.0,0.0,0.0,0.0,0.0,50.0,0.0,0.0,0.0,0.0,0.0,0.0
73,Christian Wood,DAL,57,30,27,26.6,47.0,2.1,0.7,1.1,62.3,0.3,0.4,80.0,1.6,75.4,0.5,25.4,0.1,4.1,0.3,12.3,0.2,8.2
74,Chuma Okeke,ORL,22,6,16,18.8,22.2,0.0,0.0,0.0,0.0,0.0,0.1,50.0,0.0,100.0,0.0,0.0,0.0,0.0,0.0,0.0,0.0,100.0
75,Clint Capela,ATL,53,28,25,26.7,36.7,0.5,0.1,0.3,38.9,0.0,0.1,33.3,0.3,57.1,0.1,21.4,0.0,3.6,0.0,0.0,0.1,10.7
76,Coby White,CHI,59,27,32,22.5,35.4,0.0,0.0,0.0,0.0,0.0,0.0,0.0,0.0,0.0,0.0,0.0,0.0,0.0,0.0,0.0,0.0,0.0
77,Cody Martin,CHA,7,2,5,19.1,21.4,0.0,0.0,0.0,0.0,0.0,0.0,0.0,0.0,0.0,0.0,0.0,0.0,0.0,0.0,0.0,0.0,0.0
78,Cody Zeller,MIA,10,4,6,13.0,19.5,0.0,0.0,0.0,0.0,0.0,0.0,0.0,0.0,0.0,0.0,0.0,0.0,0.0,0.0,0.0,0.0,0.0
79,Cole Anthony,ORL,49,22,27,25.3,53.2,0.0,0.0,0.0,0.0,0.0,0.0,0.0,0.0,0.0,0.0,0.0,0.0,0.0,0.0,0.0,0.0,0.0
80,Cole Swider,LAL,6,1,5,6.7,9.2,0.0,0.0,0.0,0.0,0.0,0.0,0.0,0.0,0.0,0.0,0.0,0.0,0.0,0.0,0.0,0.0,0.0
81,Collin Sexton,UTA,47,24,23,24.0,46.1,0.0,0.0,0.0,0.0,0.0,0.0,0.0,0.0,0.0,0.0,0.0,0.0,0.0,0.0,0.0,0.0,0.0
82,Corey Kispert,WAS,61,28,33,27.5,30.6,0.0,0.0,0.0,0.0,0.0,0.0,0.0,0.0,0.0,0.0,100.0,0.0,0.0,0.0,0.0,0.0,0.0
83,Cory Joseph,DET,51,11,40,17.9,37.5,0.0,0.0,0.0,0.0,0.0,0.0,0.0,0.0,0.0,0.0,50.0,0.0,0.0,0.0,0.0,0.0,0.0
84,D'Angelo Russell,LAL,62,32,30,32.4,81.1,0.2,0.0,0.1,50.0,0.0,0.0,100.0,0.1,80.0,0.0,30.0,0.0,10.0,0.0,0.0,0.0,10.0
85,Daishen Nix,HOU,47,12,35,16.7,37.8,0.0,0.0,0.0,0.0,0.0,0.0,0.0,0.0,0.0,0.0,0.0,0.0,0.0,0.0,0.0,0.0,0.0
86,Dalano Banton,TOR,27,14,13,9.3,20.8,0.0,0.0,0.0,0.0,0.0,0.0,0.0,0.0,0.0,0.0,0.0,0.0,0.0,0.0,0.0,0.0,0.0
87,Dalen Terry,CHI,27,13,14,5.0,7.4,0.0,0.0,0.0,0.0,0.0,0.0,0.0,0.0,0.0,0.0,0.0,0.0,0.0,0.0,0.0,0.0,0.0
88,Damian Jones,UTA,30,9,21,9.8,10.3,0.1,0.0,0.0,0.0,0.1,0.1,100.0,0.1,100.0,0.0,50.0,0.0,0.0,0.0,0.0,0.0,50.0
89,Damian Lillard,POR,55,26,29,36.3,88.1,0.1,0.0,0.1,50.0,0.1,0.1,75.0,0.1,100.0,0.0,14.3,0.0,0.0,0.0,0.0,0.0,28.6
90,Damion Lee,PHX,68,37,31,21.0,29.2,0.0,0.0,0.0,0.0,0.0,0.0,0.0,0.0,0.0,0.0,0.0,0.0,0.0,0.0,0.0,0.0,0.0
91,Daniel Gafford,WAS,67,30,37,19.8,27.9,0.4,0.1,0.2,46.2,0.1,0.1,50.0,0.3,69.2,0.1,26.9,0.0,3.8,0.0,7.7,0.1,15.4
92,Daniel Theis,IND,7,1,6,15.5,23.7,0.1,0.0,0.1,0.0,0.0,0.0,0.0,0.0,0.0,0.0,0.0,0.0,0.0,0.0,0.0,0.0,0.0
93,Danny Green,CLE,8,4,4,10.5,14.8,0.0,0.0,0.0,0.0,0.0,0.0,0.0,0.0,0.0,0.0,0.0,0.0,0.0,0.0,0.0,0.0,0.0
94,Danuel House Jr.,PHI,44,30,14,14.0,15.8,0.0,0.0,0.0,0.0,0.0,0.0,0.0,0.0,0.0,0.0,0.0,0.0,0.0,0.0,0.0,0.0,0.0
95,Dario Saric,OKC,50,24,26,14.4,23.9,0.6,0.1,0.3,43.8,0.1,0.1,100.0,0.4,66.7,0.1,20.0,0.0,6.7,0.1,13.3,0.0,6.7
96,Darius Bazley,PHX,38,18,20,15.1,23.3,0.2,0.0,0.1,0.0,0.1,0.1,75.0,0.1,42.9,0.1,28.6,0.0,0.0,0.0,0.0,0.1,28.6
97,Darius Days,HOU,4,0,4,6.2,10.8,0.0,0.0,0.0,0.0,0.0,0.0,0.0,0.0,0.0,0.0,0.0,0.0,0.0,0.0,0.0,0.0,0.0
98,Darius Garland,CLE,61,34,27,35.2,77.0,0.0,0.0,0.0,100.0,0.0,0.0,0.0,0.0,100.0,0.0,0.0,0.0,0.0,0.0,0.0,0.0,0.0
99,David Duke Jr.,BKN,18,7,11,9.6,12.9,0.0,0.0,0.0,0.0,0.0,0.0,0.0,0.0,0.0,0.0,0.0,0.0,0.0,0.0,0.0,0.0,0.0
100,David Roddy,MEM,56,34,22,16.9,19.5,0.1,0.0,0.0,100.0,0.0,0.0,50.0,0.1,166.7,0.0,0.0,0.0,0.0,0.0,0.0,0.0,33.3
101,Davion Mitchell,SAC,67,40,27,18.0,34.3,0.0,0.0,0.0,0.0,0.0,0.0,0.0,0.0,0.0,0.0,0.0,0.0,0.0,0.0,0.0,0.0,0.0
102,Davis Bertans,DAL,38,18,20,10.8,13.0,0.0,0.0,0.0,0.0,0.0,0.0,0.0,0.0,0.0,0.0,0.0,0.0,0.0,0.0,0.0,0.0,0.0
103,Davon Reed,LAL,40,26,14,8.4,15.5,0.1,0.0,0.0,0.0,0.0,0.0,0.0,0.0,0.0,0.1,66.7,0.0,0.0,0.0,0.0,0.0,0.0
104,Day'Ron Sharpe,BKN,36,16,20,11.2,18.0,0.4,0.0,0.2,12.5,0.0,0.1,50.0,0.1,23.1,0.1,30.8,0.0,0.0,0.0,0.0,0.0,7.7
105,De'Aaron Fox,SAC,61,38,23,34.1,79.9,0.1,0.0,0.0,66.7,0.0,0.0,0.0,0.1,66.7,0.0,33.3,0.0,16.7,0.0,0.0,0.0,0.0
106,De'Andre Hunter,ATL,59,32,27,32.0,38.5,0.5,0.2,0.3,64.7,0.1,0.2,70.0,0.5,100.0,0.1,10.0,0.0,0.0,0.1,10.0,0.1,16.7
107,De'Anthony Melton,PHI,65,44,21,27.9,48.6,0.0,0.0,0.0,0.0,0.0,0.0,0.0,0.0,0.0,0.0,0.0,0.0,0.0,0.0,0.0,0.0,0.0
108,DeAndre Jordan,DEN,35,22,13,14.3,18.7,0.2,0.1,0.1,66.7,0.0,0.0,0.0,0.1,57.1,0.1,42.9,0.0,14.3,0.0,14.3,0.0,0.0
109,DeMar DeRozan,CHI,61,29,32,36.3,60.5,2.7,0.9,1.4,63.5,0.3,0.4,87.0,2.2,82.0,1.1,38.9,0.2,7.2,0.0,1.8,0.2,7.2
110,Dean Wade,CLE,38,26,12,20.3,22.8,0.0,0.0,0.0,0.0,0.0,0.0,0.0,0.0,0.0,0.0,100.0,0.0,100.0,0.0,0.0,0.0,0.0
111,Deandre Ayton,PHX,60,29,31,30.4,52.9,4.2,1.4,2.6,52.3,0.3,0.3,85.0,3.0,71.7,1.0,24.3,0.2,5.6,0.2,4.8,0.2,4.0
112,Dejounte Murray,ATL,64,32,32,36.4,72.5,0.1,0.0,0.0,33.3,0.0,0.0,50.0,0.0,42.9,0.0,42.9,0.0,0.0,0.0,0.0,0.0,14.3
113,Delon Wright,WAS,40,23,17,24.2,46.3,0.0,0.0,0.0,0.0,0.0,0.0,0.0,0.0,0.0,0.0,0.0,0.0,0.0,0.0,0.0,0.0,0.0
114,Deni Avdija,WAS,67,31,36,25.9,42.3,0.1,0.0,0.0,100.0,0.0,0.0,0.0,0.0,33.3,0.1,66.7,0.0,16.7,0.0,16.7,0.0,0.0
115,Dennis Schroder,LAL,57,30,27,30.1,54.7,0.0,0.0,0.0,0.0,0.0,0.0,0.0,0.0,0.0,0.0,0.0,0.0,0.0,0.0,0.0,0.0,0.0
116,Dennis Smith Jr.,CHA,49,16,33,25.6,51.8,0.0,0.0,0.0,50.0,0.0,0.0,0.0,0.0,100.0,0.0,0.0,0.0,0.0,0.0,0.0,0.0,0.0
117,Deonte Burton,SAC,2,1,1,3.3,2.0,0.0,0.0,0.0,0.0,0.0,0.0,0.0,0.0,0.0,0.0,0.0,0.0,0.0,0.0,0.0,0.0,0.0
118,Dereon Seabron,NOP,5,2,3,2.3,2.8,0.0,0.0,0.0,0.0,0.0,0.0,0.0,0.0,0.0,0.0,0.0,0.0,0.0,0.0,0.0,0.0,0.0
119,Derrick Jones Jr.,CHI,50,20,30,14.0,18.4,0.1,0.0,0.0,100.0,0.0,0.0,0.0,0.0,66.7,0.0,66.7,0.0,0.0,0.0,0.0,0.0,0.0
120,Derrick Rose,NYK,27,12,15,12.5,26.9,0.0,0.0,0.0,0.0,0.0,0.0,0.0,0.0,0.0,0.0,0.0,0.0,0.0,0.0,0.0,0.0,0.0
121,Derrick White,BOS,70,48,22,28.0,46.8,0.0,0.0,0.0,0.0,0.0,0.0,0.0,0.0,0.0,0.0,100.0,0.0,0.0,0.0,0.0,0.0,0.0
122,Desmond Bane,MEM,46,28,18,31.0,62.1,0.0,0.0,0.0,0.0,0.0,0.0,0.0,0.0,0.0,0.0,0.0,0.0,0.0,0.0,0.0,0.0,0.0
123,Devin Booker,PHX,42,26,16,34.4,63.8,1.3,0.4,0.6,63.0,0.1,0.1,100.0,1.0,79.2,0.4,32.1,0.0,3.8,0.0,3.8,0.1,5.7
124,Devin Vassell,SAS,34,11,23,31.0,52.9,0.0,0.0,0.0,0.0,0.0,0.0,0.0,0.0,0.0,0.0,0.0,0.0,0.0,0.0,0.0,0.0,0.0
125,Devon Dotson,WAS,6,1,5,8.9,16.3,0.0,0.0,0.0,0.0,0.0,0.0,0.0,0.0,0.0,0.0,0.0,0.0,0.0,0.0,0.0,0.0,0.0
126,Devonte' Graham,SAS,66,30,36,17.8,34.1,0.0,0.0,0.0,0.0,0.0,0.0,0.0,0.0,0.0,0.0,0.0,0.0,0.0,0.0,0.0,0.0,0.0
127,Dewayne Dedmon,PHI,31,18,13,11.4,19.4,0.5,0.2,0.4,41.7,0.1,0.1,100.0,0.4,75.0,0.1,12.5,0.0,0.0,0.0,6.3,0.0,6.3
128,Dillon Brooks,MEM,62,38,24,30.4,41.3,0.2,0.0,0.1,60.0,0.0,0.0,100.0,0.1,66.7,0.1,41.7,0.0,25.0,0.0,8.3,0.0,8.3
129,Domantas Sabonis,SAC,66,40,26,34.7,83.0,4.5,0.9,1.6,56.3,0.4,0.5,77.4,2.1,47.0,2.2,48.3,0.6,14.2,0.3,6.8,0.2,5.1
130,Dominick Barlow,SAS,16,2,14,11.7,13.0,0.1,0.1,0.1,100.0,0.0,0.0,0.0,0.1,100.0,0.1,50.0,0.0,0.0,0.0,0.0,0.0,0.0
131,Donovan Mitchell,CLE,60,38,22,35.7,68.7,0.0,0.0,0.0,100.0,0.0,0.0,0.0,0.0,100.0,0.0,0.0,0.0,0.0,0.0,50.0,0.0,0.0
132,Donte DiVincenzo,GSW,59,33,26,26.6,49.1,0.0,0.0,0.0,0.0,0.0,0.0,0.0,0.0,0.0,0.0,0.0,0.0,0.0,0.0,0.0,0.0,0.0
133,Dorian Finney-Smith,BKN,55,26,29,31.5,38.7,0.0,0.0,0.0,0.0,0.0,0.0,0.0,0.0,0.0,0.0,0.0,0.0,0.0,0.0,0.0,0.0,0.0
134,Doug McDermott,SAS,58,18,40,20.7,28.0,0.0,0.0,0.0,100.0,0.0,0.0,0.0,0.0,200.0,0.0,0.0,0.0,0.0,0.0,0.0,0.0,0.0
135,Draymond Green,GSW,61,32,29,31.5,72.7,1.3,0.1,0.1,44.4,0.0,0.0,0.0,0.1,10.3,1.0,78.2,0.3,23.1,0.1,5.1,0.0,0.0
136,Drew Eubanks,POR,67,29,38,19.7,26.4,0.3,0.1,0.1,55.6,0.0,0.0,0.0,0.1,52.6,0.1,42.1,0.0,15.8,0.0,0.0,0.0,0.0
137,Dru Smith,BKN,10,4,6,12.4,22.7,0.0,0.0,0.0,0.0,0.0,0.0,0.0,0.0,0.0,0.0,0.0,0.0,0.0,0.0,0.0,0.0,0.0
138,Duane Washington Jr.,NYK,31,17,14,12.7,30.0,0.0,0.0,0.0,0.0,0.0,0.0,0.0,0.0,0.0,0.0,0.0,0.0,0.0,0.0,0.0,0.0,0.0
139,Duncan Robinson,MIA,34,16,18,16.9,23.7,0.0,0.0,0.0,0.0,0.0,0.0,0.0,0.0,0.0,0.0,0.0,0.0,0.0,0.0,0.0,0.0,0.0
140,Dwight Powell,DAL,65,34,31,20.0,25.7,0.1,0.0,0.0,66.7,0.0,0.0,100.0,0.1,85.7,0.0,28.6,0.0,0.0,0.0,0.0,0.0,14.3
141,Dylan Windler,CLE,1,1,0,4.1,13.0,0.0,0.0,0.0,0.0,0.0,0.0,0.0,0.0,0.0,0.0,0.0,0.0,0.0,0.0,0.0,0.0,0.0
142,Dyson Daniels,NOP,47,24,23,19.1,30.1,0.0,0.0,0.0,0.0,0.0,0.0,0.0,0.0,0.0,0.0,100.0,0.0,0.0,0.0,0.0,0.0,0.0
143,Edmond Sumner,BKN,47,28,19,14.5,24.6,0.0,0.0,0.0,0.0,0.0,0.0,0.0,0.0,0.0,0.0,0.0,0.0,0.0,0.0,0.0,0.0,0.0
144,Eric Gordon,LAC,58,18,40,29.2,39.7,0.0,0.0,0.0,100.0,0.0,0.0,0.0,0.0,200.0,0.0,0.0,0.0,0.0,0.0,0.0,0.0,0.0
145,Eugene Omoruyi,DET,30,10,20,13.8,16.9,0.1,0.0,0.0,100.0,0.1,0.1,100.0,0.1,200.0,0.0,0.0,0.0,0.0,0.0,0.0,0.0,50.0
146,Evan Fournier,NYK,23,13,10,18.0,23.6,0.0,0.0,0.0,0.0,0.0,0.0,0.0,0.0,0.0,0.0,0.0,0.0,0.0,0.0,0.0,0.0,0.0
147,Evan Mobley,CLE,70,42,28,34.2,59.1,2.0,0.4,1.0,38.4,0.3,0.5,71.9,1.1,57.6,0.4,19.4,0.1,5.8,0.2,8.6,0.2,11.5
148,Facundo Campazzo,DAL,8,2,6,6.5,14.9,0.0,0.0,0.0,0.0,0.0,0.0,0.0,0.0,0.0,0.0,0.0,0.0,0.0,0.0,0.0,0.0,0.0
149,Frank Jackson,UTA,1,0,1,5.1,10.0,0.0,0.0,0.0,0.0,0.0,0.0,0.0,0.0,0.0,0.0,0.0,0.0,0.0,0.0,0.0,0.0,0.0
150,Frank Kaminsky,HOU,33,12,21,6.4,13.1,0.2,0.1,0.1,66.7,0.1,0.1,100.0,0.2,100.0,0.1,33.3,0.0,16.7,0.0,0.0,0.0,16.7
151,Frank Ntilikina,DAL,42,19,23,11.6,15.7,0.0,0.0,0.0,0.0,0.0,0.0,0.0,0.0,0.0,0.0,0.0,0.0,0.0,0.0,0.0,0.0,100.0
152,Franz Wagner,ORL,68,27,41,32.8,53.5,0.4,0.0,0.1,37.5,0.1,0.2,83.3,0.3,70.8,0.1,37.5,0.0,8.3,0.0,0.0,0.1,25.0
153,Fred VanVleet,TOR,57,27,30,37.0,84.9,0.0,0.0,0.0,0.0,0.0,0.0,50.0,0.0,100.0,0.0,0.0,0.0,0.0,0.0,0.0,0.0,100.0
154,Furkan Korkmaz,PHI,27,19,8,9.8,14.7,0.0,0.0,0.0,0.0,0.0,0.0,0.0,0.0,0.0,0.0,0.0,0.0,0.0,0.0,0.0,0.0,0.0
155,Gabe Vincent,MIA,57,31,26,26.3,43.9,0.0,0.0,0.0,100.0,0.0,0.0,0.0,0.0,100.0,0.0,50.0,0.0,0.0,0.0,0.0,0.0,0.0
156,Garrett Temple,NOP,20,12,8,7.1,9.3,0.0,0.0,0.0,0.0,0.0,0.0,0.0,0.0,0.0,0.0,0.0,0.0,0.0,0.0,0.0,0.0,0.0
157,Garrison Mathews,ATL,48,13,35,12.7,13.8,0.0,0.0,0.0,0.0,0.0,0.0,0.0,0.0,0.0,0.0,0.0,0.0,0.0,0.0,0.0,0.0,0.0
158,Gary Harris,ORL,38,16,22,24.9,22.3,0.0,0.0,0.0,0.0,0.0,0.0,0.0,0.0,0.0,0.0,0.0,0.0,0.0,0.0,0.0,0.0,0.0
159,Gary Payton II,GSW,15,8,7,17.0,23.0,0.1,0.1,0.1,100.0,0.0,0.0,0.0,0.1,100.0,0.0,0.0,0.0,0.0,0.0,0.0,0.0,0.0
160,Gary Trent Jr.,TOR,60,28,32,32.6,39.3,0.0,0.0,0.0,0.0,0.0,0.0,0.0,0.0,0.0,0.0,0.0,0.0,0.0,0.0,0.0,0.0,0.0
161,George Hill,IND,39,25,14,18.6,32.9,0.0,0.0,0.0,0.0,0.0,0.0,0.0,0.0,0.0,0.0,0.0,0.0,0.0,0.0,0.0,0.0,0.0
162,Georges Niang,PHI,65,44,21,19.3,29.0,0.0,0.0,0.0,0.0,0.0,0.0,0.0,0.0,0.0,0.0,0.0,0.0,0.0,0.0,0.0,0.0,0.0
163,Giannis Antetokounmpo,MIL,54,41,13,32.6,79.5,4.5,0.7,1.7,42.6,0.5,0.7,75.7,2.0,45.1,1.8,39.8,0.5,11.5,0.5,10.2,0.3,7.4
164,Goga Bitadze,ORL,26,8,18,10.1,15.4,0.3,0.0,0.1,33.3,0.0,0.2,25.0,0.1,37.5,0.0,12.5,0.0,0.0,0.0,0.0,0.1,25.0
165,Goran Dragic,MIL,50,22,28,15.5,34.4,0.1,0.0,0.0,0.0,0.1,0.1,75.0,0.1,75.0,0.0,50.0,0.0,0.0,0.0,0.0,0.0,50.0
166,Gordon Hayward,CHA,45,17,28,31.7,48.4,0.4,0.0,0.1,50.0,0.0,0.1,50.0,0.1,30.0,0.2,55.0,0.1,15.0,0.0,5.0,0.0,10.0
167,Gorgui Dieng,SAS,23,2,21,9.9,18.5,0.3,0.0,0.0,0.0,0.0,0.0,0.0,0.0,0.0,0.2,62.5,0.1,25.0,0.1,25.0,0.0,0.0
168,Grant Williams,BOS,67,46,21,26.7,30.6,0.1,0.0,0.1,20.0,0.0,0.0,0.0,0.0,33.3,0.0,16.7,0.0,0.0,0.0,0.0,0.0,0.0
169,Grayson Allen,MIL,64,47,17,27.9,36.2,0.0,0.0,0.0,0.0,0.0,0.0,0.0,0.0,0.0,0.0,0.0,0.0,0.0,0.0,0.0,0.0,0.0
170,Greg Brown III,POR,16,10,6,5.8,5.3,0.0,0.0,0.0,0.0,0.0,0.0,0.0,0.0,0.0,0.0,0.0,0.0,0.0,0.0,0.0,0.0,0.0
171,Hamidou Diallo,DET,55,12,43,17.7,27.8,0.1,0.0,0.0,0.0,0.0,0.0,0.0,0.0,0.0,0.1,57.1,0.0,14.3,0.0,14.3,0.0,0.0
172,Harrison Barnes,SAC,68,41,27,33.0,47.6,0.7,0.2,0.3,72.2,0.3,0.3,86.4,0.7,98.0,0.2,32.7,0.0,2.0,0.0,4.1,0.2,22.4
173,Haywood Highsmith,MIA,46,24,22,18.9,21.2,0.0,0.0,0.0,0.0,0.0,0.0,50.0,0.0,0.0,0.0,0.0,0.0,0.0,0.0,0.0,0.0,50.0
174,Herbert Jones,NOP,53,22,31,29.1,42.9,0.1,0.0,0.0,0.0,0.1,0.1,75.0,0.1,75.0,0.0,25.0,0.0,25.0,0.0,25.0,0.0,50.0
175,Immanuel Quickley,NYK,70,41,29,28.5,49.1,0.0,0.0,0.0,0.0,0.0,0.0,0.0,0.0,0.0,0.0,100.0,0.0,0.0,0.0,0.0,0.0,0.0
176,Isaac Okoro,CLE,72,44,28,21.8,20.0,0.0,0.0,0.0,100.0,0.0,0.0,0.0,0.0,200.0,0.0,0.0,0.0,0.0,0.0,0.0,0.0,0.0
177,Isaiah Hartenstein,NYK,71,41,30,19.6,28.8,0.2,0.1,0.1,80.0,0.0,0.0,50.0,0.1,75.0,0.1,41.7,0.0,16.7,0.0,8.3,0.0,8.3
178,Isaiah Jackson,IND,51,20,31,15.6,21.9,0.3,0.1,0.1,42.9,0.1,0.1,83.3,0.2,73.3,0.1,33.3,0.0,6.7,0.0,0.0,0.1,20.0
179,Isaiah Joe,OKC,61,31,30,17.9,23.0,0.0,0.0,0.0,0.0,0.0,0.0,0.0,0.0,0.0,0.0,0.0,0.0,0.0,0.0,0.0,0.0,0.0
180,Isaiah Livers,DET,45,10,35,22.4,25.4,0.0,0.0,0.0,100.0,0.0,0.0,0.0,0.1,200.0,0.0,0.0,0.0,0.0,0.0,0.0,0.0,0.0
181,Isaiah Mobley,CLE,9,6,3,3.4,5.8,0.1,0.1,0.1,100.0,0.0,0.0,0.0,0.2,200.0,0.0,0.0,0.0,0.0,0.0,0.0,0.0,0.0
182,Isaiah Roby,SAS,41,9,32,11.3,18.8,0.2,0.0,0.0,100.0,0.0,0.0,50.0,0.1,71.4,0.1,42.9,0.0,0.0,0.0,0.0,0.0,14.3
183,Isaiah Stewart,DET,49,12,37,28.3,39.2,0.8,0.1,0.4,31.6,0.1,0.1,66.7,0.3,42.1,0.2,26.3,0.1,10.5,0.1,15.8,0.1,7.9
184,Isaiah Todd,WAS,4,2,2,3.1,4.3,0.0,0.0,0.0,0.0,0.0,0.0,0.0,0.0,0.0,0.0,0.0,0.0,0.0,0.0,0.0,0.0,0.0
185,Ish Smith,DEN,35,21,14,9.2,21.7,0.0,0.0,0.0,0.0,0.0,0.0,0.0,0.0,0.0,0.0,0.0,0.0,0.0,0.0,0.0,0.0,0.0
186,Ish Wainright,PHX,51,27,24,15.3,15.6,0.0,0.0,0.0,0.0,0.0,0.0,0.0,0.0,0.0,0.0,0.0,0.0,0.0,0.0,0.0,0.0,0.0
187,Ivica Zubac,LAC,64,36,28,29.1,42.0,1.8,0.6,1.0,60.7,0.4,0.5,76.7,1.5,83.6,0.3,19.0,0.1,5.2,0.2,10.3,0.2,12.9
188,JD Davison,BOS,7,6,1,2.6,4.3,0.0,0.0,0.0,0.0,0.0,0.0,0.0,0.0,0.0,0.0,0.0,0.0,0.0,0.0,0.0,0.0,0.0
189,JT Thor,CHA,58,17,41,11.7,15.3,0.0,0.0,0.0,0.0,0.0,0.0,0.0,0.0,0.0,0.0,50.0,0.0,0.0,0.0,0.0,0.0,0.0
190,Ja Morant,MEM,53,34,19,32.5,79.1,0.2,0.0,0.1,0.0,0.0,0.0,0.0,0.0,0.0,0.1,37.5,0.0,0.0,0.0,12.5,0.0,0.0
191,JaMychal Green,GSW,50,26,24,14.4,23.0,0.5,0.0,0.0,100.0,0.0,0.0,50.0,0.1,21.7,0.3,73.9,0.1,17.4,0.1,13.0,0.0,4.3
192,JaVale McGee,DAL,37,18,19,8.0,11.5,0.4,0.1,0.3,30.0,0.1,0.1,100.0,0.2,57.1,0.1,14.3,0.0,0.0,0.0,7.1,0.0,7.1
193,Jabari Smith Jr.,HOU,66,16,50,30.5,46.1,0.8,0.2,0.4,40.7,0.1,0.1,87.5,0.4,53.7,0.2,25.9,0.0,0.0,0.1,9.3,0.1,7.4
194,Jabari Walker,POR,45,20,25,8.7,10.0,0.1,0.0,0.1,33.3,0.0,0.0,0.0,0.0,40.0,0.0,40.0,0.0,0.0,0.0,0.0,0.0,0.0
195,Jack White,DEN,16,12,4,3.2,4.9,0.0,0.0,0.0,0.0,0.0,0.0,0.0,0.0,0.0,0.0,0.0,0.0,0.0,0.0,0.0,0.0,0.0
196,Jaden Hardy,DAL,36,17,19,14.0,23.0,0.0,0.0,0.0,0.0,0.0,0.0,0.0,0.0,0.0,0.0,0.0,0.0,0.0,0.0,0.0,0.0,0.0
197,Jaden Ivey,DET,61,15,46,30.2,55.8,0.0,0.0,0.0,0.0,0.0,0.0,0.0,0.0,0.0,0.0,33.3,0.0,33.3,0.0,33.3,0.0,0.0
198,Jaden McDaniels,MIN,67,34,33,30.7,38.7,0.2,0.0,0.1,30.0,0.0,0.1,50.0,0.1,50.0,0.0,18.8,0.0,6.3,0.0,6.3,0.0,12.5
199,Jaden Springer,PHI,8,8,0,3.7,4.3,0.0,0.0,0.0,0.0,0.0,0.0,0.0,0.0,0.0,0.0,0.0,0.0,0.0,0.0,0.0,0.0,0.0
200,Jae Crowder,MIL,11,9,2,18.7,27.3,0.1,0.0,0.0,0.0,0.0,0.0,0.0,0.0,0.0,0.1,100.0,0.0,0.0,0.0,0.0,0.0,0.0
201,Jae'Sean Tate,HOU,29,6,23,21.9,41.5,1.3,0.3,0.5,60.0,0.2,0.2,100.0,0.8,64.9,0.3,24.3,0.1,5.4,0.2,13.5,0.1,8.1
202,Jake LaRavia,MEM,32,21,11,12.1,14.7,0.1,0.0,0.0,100.0,0.0,0.0,0.0,0.1,100.0,0.0,50.0,0.0,0.0,0.0,0.0,0.0,0.0
203,Jakob Poeltl,TOR,58,18,40,26.6,54.0,2.0,0.6,1.0,60.7,0.1,0.2,66.7,1.4,68.1,0.7,32.8,0.1,5.2,0.2,7.8,0.1,5.2
204,Jalen Brunson,NYK,62,36,26,34.9,84.2,0.9,0.2,0.4,53.8,0.1,0.1,100.0,0.5,58.6,0.4,44.8,0.1,13.8,0.0,3.4,0.0,5.2
205,Jalen Duren,DET,55,15,40,24.9,35.0,0.9,0.2,0.6,38.7,0.1,0.2,50.0,0.5,56.9,0.1,13.7,0.1,5.9,0.1,9.8,0.1,9.8
206,Jalen Green,HOU,63,15,48,33.8,65.5,0.0,0.0,0.0,0.0,0.0,0.0,0.0,0.0,0.0,0.0,100.0,0.0,0.0,0.0,0.0,0.0,0.0
207,Jalen Johnson,ATL,64,32,32,14.5,21.1,0.1,0.0,0.0,33.3,0.0,0.0,50.0,0.0,50.0,0.0,16.7,0.0,0.0,0.0,0.0,0.0,16.7
208,Jalen McDaniels,PHI,69,25,44,24.6,37.3,0.1,0.0,0.0,0.0,0.0,0.0,0.0,0.0,0.0,0.1,80.0,0.0,20.0,0.0,0.0,0.0,0.0
209,Jalen Smith,IND,57,28,29,18.4,29.5,0.4,0.1,0.2,28.6,0.1,0.1,50.0,0.2,47.8,0.0,8.7,0.0,4.3,0.0,8.7,0.1,13.0
210,Jalen Suggs,ORL,44,17,27,23.8,45.0,0.1,0.0,0.1,50.0,0.0,0.0,0.0,0.1,100.0,0.0,0.0,0.0,0.0,0.0,0.0,0.0,0.0
211,Jalen Williams,OKC,63,31,32,29.8,45.5,0.0,0.0,0.0,0.0,0.0,0.0,0.0,0.0,0.0,0.0,0.0,0.0,0.0,0.0,0.0,0.0,0.0
212,Jamal Cain,MIA,15,8,7,12.4,12.1,0.0,0.0,0.0,0.0,0.0,0.0,0.0,0.0,0.0,0.0,0.0,0.0,0.0,0.0,0.0,0.0,0.0
213,Jamal Murray,DEN,55,37,18,32.8,70.9,0.7,0.2,0.3,47.4,0.1,0.1,75.0,0.4,64.9,0.2,35.1,0.1,10.8,0.0,0.0,0.1,10.8
214,Jamaree Bouyea,WAS,5,2,3,14.1,23.6,0.0,0.0,0.0,0.0,0.0,0.0,0.0,0.0,0.0,0.0,0.0,0.0,0.0,0.0,0.0,0.0,0.0
215,James Bouknight,CHA,26,5,21,13.6,18.1,0.0,0.0,0.0,0.0,0.0,0.0,0.0,0.0,0.0,0.0,0.0,0.0,0.0,0.0,0.0,0.0,0.0
216,James Harden,PHI,51,35,16,36.9,94.0,0.4,0.1,0.2,87.5,0.0,0.0,50.0,0.3,78.9,0.2,42.1,0.1,26.3,0.0,0.0,0.0,5.3
217,James Johnson,IND,14,6,8,8.8,11.9,0.1,0.0,0.1,0.0,0.0,0.0,0.0,0.0,0.0,0.1,50.0,0.1,50.0,0.0,0.0,0.0,0.0
218,James Wiseman,DET,33,10,23,17.4,29.9,1.4,0.4,0.9,41.9,0.1,0.2,50.0,0.9,65.2,0.2,10.9,0.0,0.0,0.2,10.9,0.1,8.7
219,Jared Butler,OKC,2,1,1,9.6,17.0,0.0,0.0,0.0,0.0,0.0,0.0,0.0,0.0,0.0,0.0,0.0,0.0,0.0,0.0,0.0,0.0,0.0
220,Jared Rhoden,DET,6,1,5,8.5,8.5,0.0,0.0,0.0,0.0,0.0,0.0,0.0,0.0,0.0,0.0,0.0,0.0,0.0,0.0,0.0,0.0,0.0
221,Jaren Jackson Jr.,MEM,51,31,20,27.8,39.1,2.5,0.8,1.5,55.8,0.3,0.3,81.3,2.0,78.9,0.5,19.5,0.1,4.7,0.2,9.4,0.2,6.3
222,Jarred Vanderbilt,LAL,66,34,32,24.5,33.2,0.0,0.0,0.0,0.0,0.0,0.0,0.0,0.0,0.0,0.0,0.0,0.0,0.0,0.0,0.0,0.0,0.0
223,Jarrett Allen,CLE,62,39,23,33.0,43.5,1.0,0.2,0.5,48.4,0.1,0.1,100.0,0.6,60.3,0.3,30.2,0.0,4.8,0.1,7.9,0.1,6.3
224,Jarrett Culver,ATL,10,5,5,13.7,20.5,0.0,0.0,0.0,0.0,0.0,0.0,0.0,0.0,0.0,0.0,0.0,0.0,0.0,0.0,0.0,0.0,0.0
225,Jason Preston,LAC,13,3,10,9.4,23.7,0.0,0.0,0.0,0.0,0.0,0.0,0.0,0.0,0.0,0.0,0.0,0.0,0.0,0.0,0.0,0.0,0.0
226,Javonte Green,CHI,28,11,17,16.0,23.7,0.0,0.0,0.0,0.0,0.0,0.0,0.0,0.0,0.0,0.0,0.0,0.0,0.0,0.0,0.0,0.0,0.0
227,Jaxson Hayes,NOP,42,18,24,14.1,17.1,0.2,0.0,0.1,25.0,0.0,0.0,0.0,0.0,28.6,0.0,28.6,0.0,0.0,0.0,14.3,0.0,0.0
228,Jay Huff,WAS,1,1,0,3.3,3.0,1.0,0.0,0.0,0.0,0.0,0.0,0.0,0.0,0.0,0.0,0.0,0.0,0.0,1.0,100.0,0.0,0.0
229,Jaylen Brown,BOS,58,39,19,36.2,64.2,0.7,0.2,0.3,60.0,0.0,0.0,100.0,0.5,66.7,0.3,47.6,0.0,2.4,0.0,0.0,0.0,2.4
230,Jaylen Nowell,MIN,62,31,31,19.5,33.7,0.0,0.0,0.0,0.0,0.0,0.0,0.0,0.0,0.0,0.0,0.0,0.0,0.0,0.0,0.0,0.0,0.0
231,Jaylin Williams,OKC,37,18,19,17.9,35.4,0.1,0.0,0.0,0.0,0.0,0.0,0.0,0.0,0.0,0.0,50.0,0.0,0.0,0.0,50.0,0.0,0.0
232,Jayson Tatum,BOS,65,46,19,37.4,75.9,1.3,0.4,0.6,58.5,0.5,0.6,88.9,1.3,102.4,0.2,19.5,0.0,2.4,0.1,7.3,0.3,22.0
233,Jeff Dowtin Jr.,TOR,18,12,6,8.9,14.9,0.0,0.0,0.0,0.0,0.0,0.0,0.0,0.0,0.0,0.0,0.0,0.0,0.0,0.0,0.0,0.0,0.0
234,Jeff Green,DEN,45,27,18,19.3,25.9,1.3,0.2,0.7,33.3,0.2,0.3,75.0,0.6,50.0,0.4,29.3,0.0,3.4,0.1,6.9,0.1,10.3
235,Jerami Grant,POR,63,28,35,35.6,53.3,2.7,0.4,0.9,50.9,0.3,0.4,75.0,1.2,43.4,1.4,52.6,0.3,10.4,0.1,4.0,0.2,6.9
236,Jeremiah Robinson-Earl,OKC,34,11,23,20.2,30.3,0.0,0.0,0.0,0.0,0.0,0.0,0.0,0.0,0.0,0.0,0.0,0.0,0.0,0.0,0.0,0.0,0.0
237,Jeremy Sochan,SAS,53,15,38,26.5,44.7,1.2,0.2,0.4,36.4,0.0,0.1,50.0,0.3,29.0,0.6,51.6,0.1,4.8,0.1,4.8,0.0,3.2
238,Jericho Sims,NYK,49,29,20,15.8,19.4,0.0,0.0,0.0,0.0,0.0,0.0,0.0,0.0,0.0,0.0,0.0,0.0,0.0,0.0,0.0,0.0,0.0
239,Jevon Carter,MIL,69,50,19,22.4,38.3,0.0,0.0,0.0,0.0,0.0,0.0,0.0,0.0,0.0,0.0,0.0,0.0,0.0,0.0,0.0,0.0,0.0
240,Jimmy Butler,MIA,56,30,26,33.3,62.8,2.6,0.5,1.1,42.9,0.2,0.3,72.2,1.3,49.0,1.1,42.7,0.2,7.0,0.1,3.5,0.2,6.3
241,Jock Landale,PHX,60,31,29,13.9,23.1,1.4,0.4,0.7,60.5,0.2,0.3,72.2,1.1,81.9,0.3,24.1,0.1,4.8,0.1,3.6,0.2,10.8
242,Joe Harris,BKN,62,34,28,21.9,23.0,0.0,0.0,0.0,0.0,0.0,0.0,0.0,0.0,0.0,0.0,100.0,0.0,0.0,0.0,0.0,0.0,0.0
243,Joe Ingles,MIL,35,25,10,23.0,33.5,0.0,0.0,0.0,0.0,0.0,0.0,0.0,0.0,0.0,0.0,0.0,0.0,0.0,0.0,0.0,0.0,0.0
244,Joe Wieskamp,TOR,3,1,2,7.9,8.7,0.0,0.0,0.0,0.0,0.0,0.0,0.0,0.0,0.0,0.0,0.0,0.0,0.0,0.0,0.0,0.0,0.0
245,Joel Embiid,PHI,55,37,18,35.0,72.0,7.0,1.5,3.2,48.3,1.6,1.8,87.1,4.8,68.4,2.3,32.4,0.3,4.7,0.3,4.7,0.9,13.1
246,John Butler Jr.,POR,9,2,7,3.4,2.4,0.0,0.0,0.0,0.0,0.0,0.0,0.0,0.0,0.0,0.0,0.0,0.0,0.0,0.0,0.0,0.0,0.0
247,John Collins,ATL,59,30,29,30.2,43.0,2.6,0.8,1.6,50.5,0.3,0.3,83.3,1.9,72.8,0.4,16.6,0.1,5.3,0.2,7.9,0.2,6.0
248,John Konchar,MEM,60,36,24,21.5,30.7,0.0,0.0,0.0,0.0,0.0,0.0,0.0,0.0,0.0,0.0,0.0,0.0,0.0,0.0,0.0,0.0,0.0
249,John Wall,LAC,34,15,19,22.2,55.4,0.4,0.1,0.2,57.1,0.0,0.0,0.0,0.2,66.7,0.1,33.3,0.0,8.3,0.0,0.0,0.0,0.0
250,Johnny Davis,WAS,15,7,8,5.8,7.5,0.0,0.0,0.0,0.0,0.0,0.0,0.0,0.0,0.0,0.0,0.0,0.0,0.0,0.0,0.0,0.0,0.0
251,Johnny Juzang,UTA,7,2,5,10.2,10.9,0.0,0.0,0.0,0.0,0.0,0.0,0.0,0.0,0.0,0.0,0.0,0.0,0.0,0.0,0.0,0.0,0.0
252,Jonas Valanciunas,NOP,66,31,35,24.4,48.5,4.4,1.1,2.1,53.7,0.5,0.7,74.5,2.9,65.2,1.2,27.9,0.3,6.6,0.5,11.7,0.3,7.9
253,Jonathan Isaac,ORL,11,8,3,11.3,19.5,0.7,0.2,0.4,50.0,0.0,0.0,0.0,0.4,50.0,0.3,37.5,0.0,0.0,0.0,0.0,0.0,0.0
254,Jonathan Kuminga,GSW,55,30,25,20.1,33.0,1.4,0.2,0.6,35.5,0.1,0.1,100.0,0.5,37.7,0.7,46.8,0.2,13.0,0.1,6.5,0.0,2.6
255,Jordan Clarkson,UTA,61,30,31,32.6,56.1,0.2,0.0,0.1,42.9,0.0,0.0,100.0,0.1,57.1,0.0,14.3,0.0,0.0,0.0,14.3,0.0,7.1
256,Jordan Goodwin,WAS,49,19,30,17.3,34.9,0.0,0.0,0.0,100.0,0.0,0.0,0.0,0.0,200.0,0.0,0.0,0.0,0.0,0.0,0.0,0.0,0.0
257,Jordan Hall,SAS,9,1,8,9.2,17.8,0.0,0.0,0.0,0.0,0.0,0.0,0.0,0.0,0.0,0.0,0.0,0.0,0.0,0.0,0.0,0.0,0.0
258,Jordan McLaughlin,MIN,33,17,16,15.5,35.6,0.0,0.0,0.0,0.0,0.0,0.0,0.0,0.0,0.0,0.0,0.0,0.0,0.0,0.0,0.0,0.0,0.0
259,Jordan Nwora,IND,49,32,17,16.9,23.7,0.0,0.0,0.0,0.0,0.0,0.0,0.0,0.0,0.0,0.0,100.0,0.0,0.0,0.0,0.0,0.0,0.0
260,Jordan Poole,GSW,69,35,34,30.6,67.3,0.0,0.0,0.0,0.0,0.0,0.0,100.0,0.0,200.0,0.0,0.0,0.0,0.0,0.0,0.0,0.0,100.0
261,Jordan Schakel,WAS,2,0,2,3.1,5.0,0.0,0.0,0.0,0.0,0.0,0.0,0.0,0.0,0.0,0.0,0.0,0.0,0.0,0.0,0.0,0.0,0.0
262,Jose Alvarado,NOP,61,30,31,21.5,46.0,0.0,0.0,0.0,0.0,0.0,0.0,0.0,0.0,0.0,0.0,0.0,0.0,0.0,0.0,0.0,0.0,0.0
263,Josh Christopher,HOU,51,11,40,11.4,17.8,0.0,0.0,0.0,0.0,0.0,0.0,100.0,0.0,200.0,0.0,0.0,0.0,0.0,0.0,0.0,0.0,100.0
264,Josh Giddey,OKC,64,29,35,30.9,76.9,0.3,0.0,0.1,0.0,0.0,0.0,0.0,0.0,0.0,0.2,64.7,0.1,23.5,0.0,0.0,0.0,0.0
265,Josh Green,DAL,50,24,26,25.5,34.0,0.0,0.0,0.0,0.0,0.0,0.0,0.0,0.0,0.0,0.0,0.0,0.0,0.0,0.0,0.0,0.0,0.0
266,Josh Hart,NYK,65,36,29,32.7,43.8,0.0,0.0,0.0,100.0,0.0,0.0,0.0,0.0,66.7,0.0,33.3,0.0,0.0,0.0,0.0,0.0,0.0
267,Josh Minott,MIN,13,6,7,5.8,7.0,0.0,0.0,0.0,0.0,0.0,0.0,0.0,0.0,0.0,0.0,0.0,0.0,0.0,0.0,0.0,0.0,0.0
268,Josh Okogie,PHX,59,30,29,17.3,21.5,0.0,0.0,0.0,0.0,0.0,0.0,0.0,0.0,0.0,0.0,0.0,0.0,0.0,0.0,0.0,0.0,0.0
269,Josh Richardson,NOP,51,15,36,24.2,44.5,0.0,0.0,0.0,0.0,0.0,0.0,0.0,0.0,0.0,0.0,0.0,0.0,0.0,0.0,0.0,0.0,0.0
270,Joshua Primo,SAS,4,3,1,23.3,43.0,0.0,0.0,0.0,0.0,0.0,0.0,0.0,0.0,0.0,0.0,0.0,0.0,0.0,0.0,0.0,0.0,0.0
271,Jrue Holiday,MIL,57,43,14,33.1,74.5,0.9,0.2,0.4,40.9,0.2,0.2,100.0,0.5,56.0,0.4,40.0,0.2,18.0,0.0,4.0,0.1,10.0
272,Juan Toscano-Anderson,UTA,39,15,24,11.9,16.7,0.1,0.0,0.0,0.0,0.0,0.0,0.0,0.0,0.0,0.1,100.0,0.0,0.0,0.0,0.0,0.0,0.0
273,Juancho Hernangomez,TOR,42,20,22,14.6,17.0,0.1,0.0,0.1,66.7,0.0,0.0,0.0,0.1,66.7,0.1,50.0,0.0,33.3,0.0,0.0,0.0,0.0
274,Julian Champagnie,SAS,5,3,2,7.5,8.4,0.0,0.0,0.0,0.0,0.0,0.0,0.0,0.0,0.0,0.0,0.0,0.0,0.0,0.0,0.0,0.0,0.0
275,Julius Randle,NYK,71,41,30,35.9,70.3,3.6,0.7,1.3,53.3,0.6,0.8,78.2,2.1,57.4,1.5,41.4,0.4,9.8,0.3,7.0,0.4,10.9
276,Justin Champagnie,TOR,3,2,1,3.6,4.7,0.0,0.0,0.0,0.0,0.0,0.0,0.0,0.0,0.0,0.0,0.0,0.0,0.0,0.0,0.0,0.0,0.0
277,Justin Holiday,DAL,38,16,22,15.5,17.5,0.0,0.0,0.0,0.0,0.0,0.0,0.0,0.0,0.0,0.0,0.0,0.0,0.0,0.0,0.0,0.0,0.0
278,Justin Jackson,BOS,23,15,8,4.7,5.1,0.0,0.0,0.0,0.0,0.0,0.0,0.0,0.0,0.0,0.0,0.0,0.0,0.0,0.0,0.0,0.0,0.0
279,Justise Winslow,POR,29,15,14,26.8,52.4,0.3,0.0,0.1,0.0,0.1,0.1,100.0,0.1,25.0,0.2,62.5,0.1,25.0,0.0,0.0,0.0,12.5
280,Jusuf Nurkic,POR,49,23,26,26.7,53.9,4.7,1.1,2.3,46.1,0.5,0.7,73.5,2.7,58.3,1.1,24.1,0.3,6.1,0.5,11.4,0.3,7.5
281,KZ Okpala,SAC,35,19,16,7.1,7.0,0.0,0.0,0.0,0.0,0.0,0.0,0.0,0.0,0.0,0.0,0.0,0.0,0.0,0.0,0.0,0.0,0.0
282,Kai Jones,CHA,36,9,27,9.4,10.5,0.1,0.0,0.0,100.0,0.0,0.0,0.0,0.1,100.0,0.0,50.0,0.0,0.0,0.0,0.0,0.0,0.0
283,Karl-Anthony Towns,MIN,21,10,11,33.8,61.7,3.2,0.6,1.0,54.5,0.2,0.3,83.3,1.4,43.3,1.5,46.3,0.4,13.4,0.1,4.5,0.1,4.5
284,Kawhi Leonard,LAC,42,27,15,33.5,57.1,2.8,0.6,1.2,53.1,0.3,0.3,85.7,1.5,55.2,1.4,49.1,0.3,10.3,0.0,0.9,0.2,6.0
285,Keegan Murray,SAC,66,40,26,29.4,34.5,0.2,0.0,0.1,25.0,0.0,0.0,100.0,0.1,60.0,0.0,10.0,0.0,0.0,0.0,0.0,0.0,10.0
286,Keita Bates-Diop,SAS,53,14,39,21.6,25.0,0.6,0.1,0.2,60.0,0.1,0.1,75.0,0.3,46.9,0.3,43.8,0.1,15.6,0.1,15.6,0.0,6.3
287,Keldon Johnson,SAS,57,15,42,32.7,57.4,0.8,0.2,0.5,31.0,0.1,0.1,83.3,0.4,51.1,0.2,19.1,0.0,2.1,0.1,8.5,0.1,6.4
288,Kelly Olynyk,UTA,57,26,31,28.2,53.6,0.7,0.1,0.2,50.0,0.0,0.0,50.0,0.2,34.2,0.3,42.1,0.2,23.7,0.1,15.8,0.0,2.6
289,Kelly Oubre Jr.,CHA,45,15,30,32.7,45.4,0.0,0.0,0.0,0.0,0.0,0.0,0.0,0.0,0.0,0.0,0.0,0.0,0.0,0.0,0.0,0.0,0.0
290,Kemba Walker,DAL,9,5,4,16.0,28.7,0.0,0.0,0.0,0.0,0.0,0.0,0.0,0.0,0.0,0.0,0.0,0.0,0.0,0.0,0.0,0.0,0.0
291,Kendall Brown,IND,6,1,5,6.7,6.7,0.0,0.0,0.0,0.0,0.0,0.0,0.0,0.0,0.0,0.0,0.0,0.0,0.0,0.0,0.0,0.0,0.0
292,Kendrick Nunn,WAS,58,28,30,13.8,19.2,0.0,0.0,0.0,0.0,0.0,0.0,0.0,0.0,0.0,0.0,0.0,0.0,0.0,0.0,0.0,0.0,0.0
293,Kennedy Chandler,MEM,30,19,11,8.1,17.1,0.0,0.0,0.0,0.0,0.0,0.0,0.0,0.0,0.0,0.0,0.0,0.0,0.0,0.0,0.0,0.0,0.0
294,Kenneth Lofton Jr.,MEM,14,9,5,3.9,6.8,0.4,0.0,0.2,0.0,0.0,0.0,0.0,0.0,0.0,0.1,40.0,0.1,40.0,0.0,0.0,0.0,0.0
295,Kenrich Williams,OKC,53,26,27,22.8,31.2,0.3,0.0,0.1,40.0,0.0,0.0,0.0,0.1,26.7,0.1,46.7,0.1,20.0,0.0,13.3,0.0,0.0
296,Kentavious Caldwell-Pope,DEN,66,45,21,31.6,38.7,0.0,0.0,0.0,0.0,0.0,0.0,0.0,0.0,0.0,0.0,0.0,0.0,0.0,0.0,0.0,0.0,0.0
297,Kenyon Martin Jr.,HOU,69,17,52,27.3,35.9,0.0,0.0,0.0,0.0,0.0,0.0,0.0,0.0,0.0,0.0,0.0,0.0,0.0,0.0,0.0,0.0,0.0
298,Keon Ellis,SAC,10,5,5,3.7,5.1,0.0,0.0,0.0,0.0,0.0,0.0,0.0,0.0,0.0,0.0,0.0,0.0,0.0,0.0,0.0,0.0,0.0
299,Keon Johnson,POR,36,13,23,9.4,18.0,0.0,0.0,0.0,0.0,0.0,0.0,0.0,0.0,0.0,0.0,0.0,0.0,0.0,0.0,0.0,0.0,0.0
300,Kessler Edwards,SAC,22,10,12,7.7,8.6,0.0,0.0,0.0,0.0,0.0,0.0,0.0,0.0,0.0,0.0,0.0,0.0,0.0,0.0,0.0,0.0,0.0
301,Kevin Durant,PHX,42,29,13,35.7,67.2,3.0,0.6,1.1,57.4,0.5,0.5,95.0,1.8,59.5,1.3,43.7,0.2,7.9,0.2,7.1,0.2,7.9
302,Kevin Huerter,SAC,65,38,27,29.9,44.1,0.0,0.0,0.0,0.0,0.0,0.0,0.0,0.0,0.0,0.0,100.0,0.0,0.0,0.0,0.0,0.0,0.0
303,Kevin Knox II,POR,51,10,41,12.5,16.3,0.0,0.0,0.0,0.0,0.0,0.0,0.0,0.0,0.0,0.0,0.0,0.0,0.0,0.0,0.0,0.0,0.0
304,Kevin Love,MIA,52,29,23,20.3,37.8,1.5,0.2,0.6,41.4,0.1,0.1,83.3,0.6,36.7,0.8,49.4,0.3,19.0,0.1,7.6,0.1,3.8
305,Kevin Porter Jr.,HOU,47,14,33,33.7,79.2,0.1,0.0,0.0,100.0,0.0,0.0,0.0,0.0,33.3,0.1,66.7,0.0,0.0,0.0,16.7,0.0,0.0
306,Kevon Harris,ORL,28,10,18,12.2,10.6,0.0,0.0,0.0,0.0,0.0,0.0,0.0,0.0,0.0,0.0,0.0,0.0,0.0,0.0,0.0,0.0,0.0
307,Kevon Looney,GSW,69,35,34,23.5,41.8,0.4,0.1,0.1,57.1,0.0,0.0,0.0,0.1,29.6,0.3,70.4,0.0,11.1,0.0,3.7,0.0,0.0
308,Khem Birch,SAS,20,9,11,8.1,10.4,0.3,0.1,0.2,25.0,0.0,0.0,0.0,0.1,40.0,0.1,20.0,0.0,0.0,0.0,0.0,0.0,0.0
309,Khris Middleton,MIL,25,20,5,23.4,47.1,1.6,0.4,0.8,47.6,0.2,0.2,100.0,1.0,63.4,0.5,31.7,0.2,12.2,0.1,4.9,0.1,7.3
310,Killian Hayes,DET,63,15,48,27.0,60.0,0.0,0.0,0.0,0.0,0.0,0.0,0.0,0.0,0.0,0.0,100.0,0.0,0.0,0.0,0.0,0.0,0.0
311,Kira Lewis Jr.,NOP,21,8,13,10.4,22.9,0.0,0.0,0.0,0.0,0.0,0.0,0.0,0.0,0.0,0.0,0.0,0.0,0.0,0.0,0.0,0.0,0.0
312,Klay Thompson,GSW,57,30,27,33.0,48.1,0.3,0.1,0.2,66.7,0.0,0.0,0.0,0.2,80.0,0.1,20.0,0.0,6.7,0.0,13.3,0.0,0.0
313,Kris Dunn,UTA,9,4,5,22.2,57.0,0.1,0.0,0.0,0.0,0.0,0.0,0.0,0.0,0.0,0.0,0.0,0.0,0.0,0.0,0.0,0.0,0.0
314,Kristaps Porzingis,WAS,59,25,34,32.7,60.0,3.9,1.2,2.1,59.5,0.8,1.0,82.0,3.4,87.8,1.1,27.1,0.2,5.2,0.1,3.5,0.5,13.1
315,Kyle Anderson,MIN,57,29,28,27.2,49.6,0.1,0.0,0.1,33.3,0.0,0.0,0.0,0.0,50.0,0.0,25.0,0.0,25.0,0.0,0.0,0.0,0.0
316,Kyle Kuzma,WAS,62,29,33,35.2,59.7,0.6,0.1,0.3,45.0,0.0,0.1,50.0,0.3,53.8,0.2,28.2,0.0,7.7,0.1,12.8,0.0,5.1
317,Kyle Lowry,MIA,47,24,23,32.8,73.1,0.1,0.0,0.0,0.0,0.0,0.0,0.0,0.0,0.0,0.1,80.0,0.0,20.0,0.0,0.0,0.0,0.0
318,Kyrie Irving,DAL,51,29,22,37.1,76.2,0.3,0.0,0.1,40.0,0.1,0.1,75.0,0.1,50.0,0.1,50.0,0.1,21.4,0.0,0.0,0.0,14.3
319,LaMelo Ball,CHA,36,13,23,35.2,90.2,0.0,0.0,0.0,0.0,0.0,0.0,0.0,0.0,0.0,0.0,0.0,0.0,0.0,0.0,0.0,0.0,0.0
320,Lamar Stevens,CLE,52,32,20,18.1,20.9,0.1,0.1,0.1,75.0,0.0,0.0,0.0,0.1,150.0,0.0,0.0,0.0,0.0,0.0,0.0,0.0,0.0
321,Landry Shamet,PHX,30,14,16,21.4,38.3,0.0,0.0,0.0,0.0,0.0,0.0,0.0,0.0,0.0,0.0,0.0,0.0,0.0,0.0,0.0,0.0,0.0
322,Larry Nance Jr.,NOP,52,25,27,22.0,31.2,0.6,0.1,0.2,55.6,0.0,0.0,0.0,0.2,34.5,0.3,62.1,0.1,20.7,0.0,3.4,0.0,0.0
323,Lauri Markkanen,UTA,62,31,31,34.4,51.2,1.5,0.3,0.7,40.9,0.2,0.3,77.8,0.9,58.9,0.4,24.4,0.1,8.9,0.1,7.8,0.1,10.0
324,LeBron James,LAL,47,24,23,36.1,79.6,3.9,0.9,1.8,50.6,0.2,0.3,66.7,2.0,53.0,1.6,41.4,0.3,7.7,0.1,3.9,0.1,3.3
325,Leandro Bolmaro,UTA,14,8,6,4.9,8.2,0.0,0.0,0.0,0.0,0.0,0.0,0.0,0.0,0.0,0.0,0.0,0.0,0.0,0.0,0.0,0.0,0.0
326,Lindell Wigginton,MIL,1,1,0,0.7,2.0,0.0,0.0,0.0,0.0,0.0,0.0,0.0,0.0,0.0,0.0,0.0,0.0,0.0,0.0,0.0,0.0,0.0
327,Lindy Waters III,OKC,32,16,16,12.3,15.2,0.0,0.0,0.0,0.0,0.0,0.0,0.0,0.0,0.0,0.0,0.0,0.0,0.0,0.0,0.0,0.0,0.0
328,Lonnie Walker IV,LAL,51,23,28,24.5,26.6,0.0,0.0,0.0,0.0,0.0,0.0,0.0,0.0,0.0,0.0,0.0,0.0,0.0,0.0,0.0,0.0,0.0
329,Luguentz Dort,OKC,62,31,31,30.3,37.1,0.1,0.0,0.0,0.0,0.0,0.0,0.0,0.0,0.0,0.1,100.0,0.0,25.0,0.0,0.0,0.0,0.0
330,Luka Doncic,DAL,57,31,26,36.3,90.4,4.7,1.2,2.1,54.5,0.9,1.3,73.0,3.3,70.3,1.7,35.7,0.3,5.9,0.2,3.7,0.6,13.8
331,Luka Garza,MIN,25,14,11,9.3,16.1,0.7,0.2,0.4,60.0,0.2,0.2,100.0,0.7,105.9,0.1,17.6,0.0,5.9,0.0,5.9,0.1,17.6
332,Luke Kennard,MEM,47,27,20,20.8,25.2,0.0,0.0,0.0,0.0,0.0,0.0,0.0,0.0,0.0,0.0,0.0,0.0,0.0,0.0,0.0,0.0,0.0
333,Luke Kornet,BOS,57,36,21,11.4,12.1,0.1,0.0,0.1,33.3,0.0,0.0,0.0,0.0,50.0,0.0,25.0,0.0,0.0,0.0,0.0,0.0,0.0
334,Malachi Flynn,TOR,44,22,22,13.5,27.2,0.0,0.0,0.0,0.0,0.0,0.0,0.0,0.0,0.0,0.0,0.0,0.0,0.0,0.0,0.0,0.0,0.0
335,Malaki Branham,SAS,52,11,41,22.5,35.0,0.0,0.0,0.0,0.0,0.0,0.0,0.0,0.0,0.0,0.0,0.0,0.0,0.0,0.0,0.0,0.0,0.0
336,Malcolm Brogdon,BOS,59,41,18,25.8,52.6,0.0,0.0,0.0,0.0,0.0,0.0,0.0,0.0,0.0,0.0,0.0,0.0,0.0,0.0,0.0,0.0,0.0
337,Malcolm Hill,CHI,4,3,1,2.0,2.0,0.0,0.0,0.0,0.0,0.0,0.0,0.0,0.0,0.0,0.0,0.0,0.0,0.0,0.0,0.0,0.0,0.0
338,Malik Beasley,LAL,69,36,33,26.8,35.9,0.0,0.0,0.0,0.0,0.0,0.0,0.0,0.0,0.0,0.0,0.0,0.0,0.0,0.0,0.0,0.0,0.0
339,Malik Monk,SAC,65,40,25,22.5,40.4,0.0,0.0,0.0,0.0,0.0,0.0,0.0,0.0,0.0,0.0,0.0,0.0,0.0,0.0,0.0,0.0,0.0
340,Mamadi Diakite,CLE,17,12,5,6.3,8.5,0.0,0.0,0.0,0.0,0.0,0.0,0.0,0.0,0.0,0.0,0.0,0.0,0.0,0.0,0.0,0.0,0.0
341,MarJon Beauchamp,MIL,41,28,13,14.0,14.9,0.0,0.0,0.0,0.0,0.0,0.0,0.0,0.0,0.0,0.0,100.0,0.0,0.0,0.0,0.0,0.0,0.0
342,Marcus Morris Sr.,LAC,60,33,27,28.2,37.5,1.6,0.6,1.1,50.0,0.1,0.1,100.0,1.3,80.4,0.3,16.5,0.0,1.0,0.2,9.3,0.1,4.1
343,Marcus Smart,BOS,53,37,16,32.4,60.7,1.2,0.2,0.4,52.2,0.0,0.0,100.0,0.5,40.6,0.6,48.4,0.2,14.1,0.1,7.8,0.0,1.6
344,Mark Williams,CHA,37,15,22,17.7,19.8,0.9,0.2,0.6,40.9,0.2,0.3,70.0,0.7,73.5,0.1,8.8,0.0,2.9,0.0,2.9,0.1,14.7
345,Markelle Fultz,ORL,48,23,25,29.8,67.3,0.5,0.1,0.2,60.0,0.0,0.0,0.0,0.3,46.2,0.3,57.7,0.1,11.5,0.0,0.0,0.0,0.0
346,Markieff Morris,DAL,32,16,16,9.7,13.5,0.3,0.0,0.1,50.0,0.1,0.1,100.0,0.1,44.4,0.2,55.6,0.0,11.1,0.0,0.0,0.0,11.1
347,Marko Simonovic,CHI,2,0,2,1.8,3.5,0.0,0.0,0.0,0.0,0.0,0.0,0.0,0.0,0.0,0.0,0.0,0.0,0.0,0.0,0.0,0.0,0.0
348,Marvin Bagley III,DET,33,6,27,22.6,33.5,2.1,0.4,1.1,40.0,0.1,0.2,50.0,0.9,45.6,0.5,26.5,0.0,0.0,0.2,10.3,0.1,4.4
349,Mason Plumlee,LAC,67,21,46,27.3,43.2,1.7,0.3,0.6,56.4,0.2,0.3,54.5,0.9,50.0,0.8,47.4,0.2,11.2,0.1,3.4,0.2,9.5
350,Matisse Thybulle,POR,62,36,26,15.8,14.0,0.0,0.0,0.0,0.0,0.0,0.0,0.0,0.0,0.0,0.0,0.0,0.0,0.0,0.0,0.0,0.0,0.0
351,Matt Ryan,MIN,32,14,18,9.5,11.1,0.0,0.0,0.0,0.0,0.0,0.0,0.0,0.0,0.0,0.0,0.0,0.0,0.0,0.0,0.0,0.0,0.0
352,Matthew Dellavedova,SAC,27,16,11,6.6,15.1,0.0,0.0,0.0,0.0,0.0,0.0,0.0,0.0,0.0,0.0,0.0,0.0,0.0,0.0,0.0,0.0,0.0
353,Max Christie,LAL,38,16,22,13.3,13.0,0.0,0.0,0.0,0.0,0.0,0.0,0.0,0.0,0.0,0.0,0.0,0.0,0.0,0.0,0.0,0.0,0.0
354,Max Strus,MIA,69,36,33,29.0,45.5,0.0,0.0,0.0,0.0,0.0,0.0,0.0,0.0,0.0,0.0,0.0,0.0,0.0,0.0,0.0,0.0,0.0
355,Maxi Kleber,DAL,28,16,12,25.4,32.5,0.1,0.0,0.0,100.0,0.0,0.0,0.0,0.1,100.0,0.0,0.0,0.0,0.0,0.0,0.0,0.0,0.0
356,McKinley Wright IV,DAL,23,12,11,11.8,22.8,0.0,0.0,0.0,0.0,0.0,0.0,0.0,0.0,0.0,0.0,0.0,0.0,0.0,0.0,0.0,0.0,0.0
357,Meyers Leonard,MIL,5,5,0,6.9,8.8,0.0,0.0,0.0,0.0,0.0,0.0,0.0,0.0,0.0,0.0,0.0,0.0,0.0,0.0,0.0,0.0,0.0
358,Mfiondu Kabengele,BOS,2,1,1,7.0,7.0,0.0,0.0,0.0,0.0,0.0,0.0,0.0,0.0,0.0,0.0,0.0,0.0,0.0,0.0,0.0,0.0,0.0
359,Micah Potter,UTA,3,2,1,4.8,8.3,0.0,0.0,0.0,0.0,0.0,0.0,0.0,0.0,0.0,0.0,0.0,0.0,0.0,0.0,0.0,0.0,0.0
360,Michael Foster Jr.,PHI,1,1,0,1.0,1.0,0.0,0.0,0.0,0.0,0.0,0.0,0.0,0.0,0.0,0.0,0.0,0.0,0.0,0.0,0.0,0.0,0.0
361,Michael Porter Jr.,DEN,52,35,17,28.9,36.4,0.2,0.1,0.1,66.7,0.0,0.0,0.0,0.2,72.7,0.0,18.2,0.0,0.0,0.0,9.1,0.0,0.0
362,Mikal Bridges,BKN,70,36,34,36.1,50.8,0.6,0.2,0.3,68.4,0.0,0.0,0.0,0.4,65.0,0.3,45.0,0.0,7.5,0.0,0.0,0.0,0.0
363,Mike Conley,MIN,55,27,28,29.9,68.8,0.0,0.0,0.0,0.0,0.0,0.0,0.0,0.0,0.0,0.0,0.0,0.0,0.0,0.0,0.0,0.0,0.0
364,Mike Muscala,BOS,52,24,28,14.9,27.4,0.1,0.0,0.0,50.0,0.0,0.0,0.0,0.0,33.3,0.1,50.0,0.0,16.7,0.0,16.7,0.0,0.0
365,Miles McBride,NYK,56,32,24,12.0,18.7,0.0,0.0,0.0,0.0,0.0,0.0,0.0,0.0,0.0,0.0,0.0,0.0,0.0,0.0,0.0,0.0,0.0
366,Mitchell Robinson,NYK,49,29,20,27.3,26.4,0.3,0.1,0.2,30.0,0.0,0.1,16.7,0.2,57.1,0.0,0.0,0.0,0.0,0.0,0.0,0.1,21.4
367,Mo Bamba,LAL,47,23,24,16.2,25.6,0.4,0.0,0.2,20.0,0.1,0.2,75.0,0.2,52.6,0.0,10.5,0.0,0.0,0.0,5.3,0.1,21.1
368,Monte Morris,WAS,55,26,29,27.8,58.6,0.0,0.0,0.0,0.0,0.0,0.0,0.0,0.0,0.0,0.0,0.0,0.0,0.0,0.0,100.0,0.0,0.0
369,Montrezl Harrell,PHI,51,32,19,12.3,17.1,1.1,0.4,0.6,60.0,0.0,0.0,50.0,0.7,69.1,0.4,36.4,0.1,7.3,0.0,1.8,0.0,1.8
370,Moritz Wagner,ORL,48,22,26,20.7,38.0,0.3,0.1,0.1,57.1,0.0,0.0,100.0,0.3,92.3,0.1,23.1,0.0,15.4,0.0,7.7,0.0,7.7
371,Moses Brown,LAC,34,16,18,8.5,11.6,0.1,0.1,0.1,66.7,0.1,0.1,100.0,0.2,120.0,0.0,0.0,0.0,0.0,0.0,20.0,0.0,20.0
372,Moses Moody,GSW,52,28,24,13.1,14.6,0.0,0.0,0.0,0.0,0.0,0.0,0.0,0.0,0.0,0.0,100.0,0.0,0.0,0.0,0.0,0.0,0.0
373,Moussa Diabate,LAC,18,8,10,9.5,8.1,0.1,0.0,0.1,0.0,0.0,0.0,0.0,0.0,0.0,0.1,50.0,0.0,0.0,0.0,0.0,0.0,0.0
374,Myles Turner,IND,57,27,30,29.6,42.9,2.1,0.8,1.4,56.4,0.4,0.5,80.8,2.0,94.9,0.2,11.9,0.0,0.8,0.1,4.2,0.2,11.0
375,Naji Marshall,NOP,64,31,33,24.8,41.3,0.0,0.0,0.0,100.0,0.0,0.0,50.0,0.0,150.0,0.0,0.0,0.0,0.0,0.0,0.0,0.0,50.0
376,Nassir Little,POR,48,22,26,17.3,21.0,0.0,0.0,0.0,0.0,0.0,0.0,0.0,0.0,0.0,0.0,0.0,0.0,0.0,0.0,0.0,0.0,0.0
377,Nathan Knight,MIN,35,17,18,8.0,11.4,0.3,0.0,0.1,33.3,0.1,0.1,100.0,0.1,40.0,0.1,50.0,0.0,10.0,0.0,10.0,0.0,10.0
378,Naz Reid,MIN,61,28,33,18.0,35.5,1.0,0.2,0.5,48.3,0.1,0.1,100.0,0.5,55.0,0.3,28.3,0.1,6.7,0.1,13.3,0.0,3.3
379,Neemias Queta,SAC,4,1,3,6.1,7.8,0.0,0.0,0.0,0.0,0.0,0.0,0.0,0.0,0.0,0.0,0.0,0.0,0.0,0.0,0.0,0.0,0.0
380,Nerlens Noel,BKN,17,4,13,11.5,15.2,0.0,0.0,0.0,0.0,0.0,0.0,0.0,0.0,0.0,0.0,0.0,0.0,0.0,0.0,0.0,0.0,0.0
381,Nic Claxton,BKN,64,35,29,29.5,40.1,0.3,0.0,0.2,20.0,0.0,0.1,50.0,0.1,27.3,0.1,31.8,0.0,4.5,0.0,4.5,0.0,9.1
382,Nick Richards,CHA,56,17,39,18.2,22.7,0.6,0.1,0.4,28.6,0.1,0.1,75.0,0.3,44.1,0.1,17.6,0.0,2.9,0.0,2.9,0.0,5.9
383,Nickeil Alexander-Walker,MIN,47,22,25,15.2,29.9,0.0,0.0,0.0,0.0,0.0,0.0,0.0,0.0,0.0,0.0,0.0,0.0,0.0,0.0,0.0,0.0,0.0
384,Nicolas Batum,LAC,66,37,29,21.8,28.9,0.0,0.0,0.0,0.0,0.0,0.0,100.0,0.0,200.0,0.0,0.0,0.0,0.0,0.0,0.0,0.0,100.0
385,Nikola Jokic,DEN,61,43,18,33.8,98.9,9.3,1.9,3.0,64.5,0.9,1.1,84.6,5.0,54.0,4.7,49.8,1.2,12.6,0.6,6.3,0.5,5.8
386,Nikola Jovic,MIA,15,7,8,13.6,23.2,0.0,0.0,0.0,0.0,0.0,0.0,0.0,0.0,0.0,0.0,0.0,0.0,0.0,0.0,0.0,0.0,0.0
387,Nikola Vucevic,CHI,67,30,37,33.8,67.5,5.6,1.3,2.4,52.8,0.3,0.4,75.0,2.8,50.5,2.6,46.5,0.4,7.0,0.2,4.0,0.2,3.2
388,Noah Vonleh,BOS,23,17,6,7.5,9.5,0.2,0.0,0.0,0.0,0.0,0.0,0.0,0.0,0.0,0.1,75.0,0.0,25.0,0.0,0.0,0.0,0.0
389,Norman Powell,LAC,54,27,27,25.8,36.0,0.1,0.0,0.0,0.0,0.0,0.0,0.0,0.0,0.0,0.0,33.3,0.0,0.0,0.0,33.3,0.0,0.0
390,O.G. Anunoby,TOR,55,26,29,35.8,47.5,1.8,0.2,0.5,40.7,0.1,0.1,83.3,0.5,27.7,1.0,55.4,0.2,10.9,0.1,7.9,0.1,3.0
391,Obi Toppin,NYK,56,31,25,14.4,22.8,0.1,0.0,0.1,25.0,0.0,0.0,0.0,0.0,40.0,0.0,20.0,0.0,0.0,0.0,0.0,0.0,0.0
392,Ochai Agbaji,UTA,46,25,21,17.6,17.6,0.0,0.0,0.0,0.0,0.0,0.0,0.0,0.0,0.0,0.0,0.0,0.0,0.0,0.0,0.0,0.0,0.0
393,Olivier Sarr,OKC,2,1,1,10.9,13.0,0.0,0.0,0.0,0.0,0.0,0.0,0.0,0.0,0.0,0.0,0.0,0.0,0.0,0.0,0.0,0.0,0.0
394,Omer Yurtseven,MIA,3,2,1,8.4,11.0,1.0,0.3,0.7,50.0,0.0,0.0,0.0,0.7,66.7,0.3,33.3,0.0,0.0,0.0,0.0,0.0,0.0
395,Onyeka Okongwu,ATL,67,34,33,23.5,29.3,0.6,0.2,0.3,55.0,0.0,0.1,75.0,0.4,70.3,0.1,21.6,0.0,2.7,0.1,13.5,0.0,5.4
396,Orlando Robinson,MIA,29,17,12,13.7,17.7,0.3,0.0,0.1,33.3,0.0,0.0,0.0,0.1,22.2,0.2,55.6,0.0,0.0,0.0,11.1,0.0,0.0
397,Oshae Brissett,IND,53,23,30,16.3,25.7,0.0,0.0,0.0,0.0,0.0,0.0,0.0,0.0,0.0,0.0,100.0,0.0,0.0,0.0,0.0,0.0,0.0
398,Otto Porter Jr.,TOR,8,4,4,18.3,26.1,0.4,0.1,0.1,100.0,0.3,0.3,100.0,0.5,133.3,0.1,33.3,0.0,0.0,0.0,0.0,0.1,33.3
399,Ousmane Dieng,OKC,26,14,12,16.2,20.5,0.0,0.0,0.0,0.0,0.0,0.0,0.0,0.0,0.0,0.0,0.0,0.0,0.0,0.0,0.0,0.0,0.0
400,P.J. Tucker,PHI,65,43,22,25.8,21.2,0.0,0.0,0.0,0.0,0.0,0.0,0.0,0.0,0.0,0.0,100.0,0.0,0.0,0.0,0.0,0.0,0.0
401,P.J. Washington,CHA,66,20,46,32.8,56.1,1.2,0.3,0.7,44.2,0.1,0.2,60.0,0.7,55.7,0.4,30.4,0.1,6.3,0.1,5.1,0.1,6.3
402,PJ Dozier,SAC,8,7,1,1.8,2.8,0.0,0.0,0.0,0.0,0.0,0.0,0.0,0.0,0.0,0.0,0.0,0.0,0.0,0.0,0.0,0.0,0.0
403,Paolo Banchero,ORL,62,25,37,33.8,64.3,2.1,0.3,0.9,38.2,0.1,0.2,75.0,0.8,40.3,0.9,43.4,0.2,9.3,0.1,4.7,0.1,4.7
404,Pascal Siakam,TOR,59,28,31,37.6,81.3,3.1,0.8,1.4,56.0,0.4,0.6,73.5,2.1,66.3,1.2,37.5,0.3,8.2,0.1,3.8,0.3,9.2
405,Pat Connaughton,MIL,51,36,15,24.5,33.8,0.0,0.0,0.0,0.0,0.0,0.0,0.0,0.0,0.0,0.0,0.0,0.0,0.0,0.0,0.0,0.0,0.0
406,Patrick Baldwin Jr.,GSW,25,10,15,8.2,13.2,0.2,0.0,0.0,0.0,0.0,0.0,0.0,0.0,0.0,0.1,75.0,0.0,25.0,0.0,0.0,0.0,0.0
407,Patrick Beverley,CHI,54,26,28,27.2,37.4,0.0,0.0,0.0,0.0,0.0,0.0,0.0,0.0,0.0,0.0,0.0,0.0,0.0,0.0,0.0,0.0,0.0
408,Patrick Williams,CHI,67,30,37,28.5,39.3,0.3,0.1,0.2,38.5,0.0,0.0,0.0,0.1,58.8,0.0,17.6,0.0,0.0,0.0,0.0,0.0,0.0
409,Patty Mills,BKN,38,18,20,13.6,19.1,0.0,0.0,0.0,0.0,0.0,0.0,0.0,0.0,0.0,0.0,0.0,0.0,0.0,0.0,0.0,0.0,0.0
410,Paul George,LAC,53,31,22,34.6,69.2,1.1,0.3,0.6,54.8,0.1,0.1,100.0,0.7,64.4,0.4,33.9,0.1,5.1,0.1,5.1,0.0,3.4
411,Paul Reed,PHI,55,36,19,10.0,12.5,0.1,0.0,0.1,25.0,0.0,0.0,100.0,0.1,66.7,0.0,16.7,0.0,16.7,0.0,0.0,0.0,16.7
412,Payton Pritchard,BOS,45,30,15,12.5,21.6,0.0,0.0,0.0,0.0,0.0,0.0,0.0,0.0,0.0,0.0,0.0,0.0,0.0,0.0,0.0,0.0,0.0
413,Peyton Watson,DEN,14,9,5,3.2,4.4,0.0,0.0,0.0,0.0,0.0,0.0,0.0,0.0,0.0,0.0,0.0,0.0,0.0,0.0,0.0,0.0,0.0
414,Precious Achiuwa,TOR,45,24,21,21.8,33.4,0.4,0.0,0.1,40.0,0.0,0.1,25.0,0.1,26.3,0.2,52.6,0.1,15.8,0.0,0.0,0.0,10.5
415,Quentin Grimes,NYK,60,35,25,29.3,29.9,0.0,0.0,0.0,0.0,0.0,0.0,0.0,0.0,0.0,0.0,0.0,0.0,0.0,0.0,0.0,0.0,0.0
416,Quenton Jackson,WAS,3,2,1,2.6,3.7,0.0,0.0,0.0,0.0,0.0,0.0,0.0,0.0,0.0,0.0,0.0,0.0,0.0,0.0,0.0,0.0,0.0
417,R.J. Hampton,DET,36,8,28,15.0,23.5,0.0,0.0,0.0,0.0,0.0,0.0,0.0,0.0,0.0,0.0,0.0,0.0,0.0,0.0,0.0,0.0,0.0
418,RJ Barrett,NYK,64,36,28,34.1,50.8,1.0,0.2,0.5,34.3,0.1,0.2,64.3,0.5,53.2,0.3,25.8,0.1,6.5,0.0,4.8,0.1,11.3
419,Raul Neto,CLE,44,29,15,10.1,19.5,0.0,0.0,0.0,0.0,0.0,0.0,0.0,0.0,0.0,0.0,0.0,0.0,0.0,0.0,0.0,0.0,0.0
420,Reggie Bullock,DAL,67,34,33,30.6,34.1,0.0,0.0,0.0,0.0,0.0,0.0,0.0,0.0,0.0,0.0,0.0,0.0,0.0,0.0,0.0,0.0,0.0
421,Reggie Jackson,DEN,61,33,28,24.9,49.9,0.0,0.0,0.0,0.0,0.0,0.0,0.0,0.0,0.0,0.0,0.0,0.0,0.0,0.0,0.0,0.0,0.0
422,Richaun Holmes,SAC,35,18,17,8.7,10.2,0.1,0.1,0.1,75.0,0.0,0.0,0.0,0.2,120.0,0.0,0.0,0.0,0.0,0.0,20.0,0.0,0.0
423,Ricky Rubio,CLE,23,16,7,16.9,40.5,0.0,0.0,0.0,0.0,0.0,0.0,0.0,0.0,0.0,0.0,0.0,0.0,0.0,0.0,0.0,0.0,0.0
424,Robert Covington,LAC,38,15,23,16.4,29.1,0.0,0.0,0.0,0.0,0.0,0.0,0.0,0.0,0.0,0.0,0.0,0.0,0.0,0.0,0.0,0.0,0.0
425,Robert Williams III,BOS,28,18,10,24.2,31.1,0.3,0.1,0.1,66.7,0.0,0.0,0.0,0.1,50.0,0.1,50.0,0.0,12.5,0.0,0.0,0.0,0.0
426,Robin Lopez,CLE,34,24,10,7.5,8.1,0.6,0.2,0.4,53.3,0.0,0.0,0.0,0.5,80.0,0.1,25.0,0.1,15.0,0.0,0.0,0.0,0.0
427,Rodney McGruder,DET,29,4,25,14.7,15.4,0.0,0.0,0.0,0.0,0.0,0.0,0.0,0.0,0.0,0.0,0.0,0.0,0.0,0.0,0.0,0.0,0.0
428,Romeo Langford,SAS,34,10,24,20.2,22.8,0.0,0.0,0.0,0.0,0.0,0.0,0.0,0.0,0.0,0.0,0.0,0.0,0.0,0.0,0.0,0.0,0.0
429,Ron Harper Jr.,TOR,4,2,2,3.5,4.3,0.0,0.0,0.0,0.0,0.0,0.0,0.0,0.0,0.0,0.0,0.0,0.0,0.0,0.0,0.0,0.0,0.0
430,Royce O'Neale,BKN,65,36,29,32.3,61.5,0.0,0.0,0.0,0.0,0.0,0.0,0.0,0.0,0.0,0.0,0.0,0.0,0.0,0.0,0.0,0.0,0.0
431,Rudy Gay,UTA,53,27,26,14.6,23.4,0.8,0.2,0.4,50.0,0.0,0.0,50.0,0.4,52.3,0.3,40.9,0.1,13.6,0.0,4.5,0.0,2.3
432,Rudy Gobert,MIN,58,27,31,30.5,43.1,1.4,0.3,0.4,65.4,0.2,0.3,60.0,0.8,58.0,0.5,35.8,0.1,6.2,0.2,11.1,0.2,12.3
433,Rui Hachimura,LAL,52,29,23,24.1,31.7,1.5,0.3,0.7,44.4,0.2,0.2,75.0,0.8,54.5,0.5,32.5,0.1,3.9,0.1,9.1,0.1,7.8
434,Russell Westbrook,LAC,61,29,32,28.8,63.0,0.9,0.2,0.4,51.9,0.1,0.1,100.0,0.5,58.9,0.4,46.4,0.2,17.9,0.0,1.8,0.0,3.6
435,Ryan Arcidiacono,POR,15,8,7,5.8,12.6,0.0,0.0,0.0,0.0,0.0,0.0,0.0,0.0,0.0,0.0,0.0,0.0,0.0,0.0,0.0,0.0,0.0
436,Ryan Rollins,GSW,12,5,7,5.2,11.6,0.0,0.0,0.0,0.0,0.0,0.0,0.0,0.0,0.0,0.0,0.0,0.0,0.0,0.0,0.0,0.0,0.0
437,Saben Lee,PHX,22,14,8,13.7,31.5,0.0,0.0,0.0,0.0,0.0,0.0,0.0,0.0,0.0,0.0,0.0,0.0,0.0,0.0,0.0,0.0,0.0
438,Saddiq Bey,ATL,63,17,46,28.3,38.3,0.9,0.2,0.5,50.0,0.2,0.2,92.9,0.7,75.9,0.3,29.3,0.1,8.6,0.0,0.0,0.1,12.1
439,Sam Hauser,BOS,68,46,22,15.6,18.1,0.0,0.0,0.0,0.0,0.0,0.0,0.0,0.0,0.0,0.0,0.0,0.0,0.0,0.0,0.0,0.0,0.0
440,Sam Merrill,CLE,2,2,0,4.2,4.0,0.0,0.0,0.0,0.0,0.0,0.0,0.0,0.0,0.0,0.0,0.0,0.0,0.0,0.0,0.0,0.0,0.0
441,Sandro Mamukelashvili,SAS,30,19,11,11.1,18.2,0.0,0.0,0.0,0.0,0.0,0.0,0.0,0.0,0.0,0.0,100.0,0.0,0.0,0.0,0.0,0.0,0.0
442,Santi Aldama,MEM,65,38,27,22.0,29.1,0.3,0.1,0.2,45.5,0.1,0.1,66.7,0.2,82.4,0.0,11.8,0.0,0.0,0.0,5.9,0.0,17.6
443,Scottie Barnes,TOR,66,31,35,35.3,74.0,2.2,0.5,1.1,45.2,0.3,0.4,76.0,1.3,59.4,0.7,30.1,0.1,5.6,0.1,5.6,0.2,8.4
444,Scotty Pippen Jr.,LAL,6,1,5,5.3,12.0,0.0,0.0,0.0,0.0,0.0,0.0,0.0,0.0,0.0,0.0,0.0,0.0,0.0,0.0,0.0,0.0,0.0
445,Serge Ibaka,MIL,16,11,5,11.6,13.5,0.3,0.0,0.0,0.0,0.0,0.0,0.0,0.0,0.0,0.1,50.0,0.0,0.0,0.0,0.0,0.0,0.0
446,Seth Curry,BKN,51,32,19,21.3,34.3,0.0,0.0,0.0,0.0,0.0,0.0,0.0,0.0,0.0,0.0,0.0,0.0,0.0,0.0,0.0,0.0,0.0
447,Shaedon Sharpe,POR,68,30,38,20.3,21.0,0.0,0.0,0.0,0.0,0.0,0.0,0.0,0.0,0.0,0.0,0.0,0.0,0.0,0.0,0.0,0.0,0.0
448,Shai Gilgeous-Alexander,OKC,58,29,29,35.6,73.5,1.7,0.4,0.7,56.1,0.4,0.5,92.9,1.3,74.5,0.5,31.6,0.1,4.1,0.1,8.2,0.2,14.3
449,Shake Milton,PHI,64,46,18,20.2,37.8,0.0,0.0,0.0,0.0,0.0,0.0,0.0,0.0,0.0,0.0,0.0,0.0,0.0,0.0,0.0,0.0,0.0
450,Simone Fontecchio,UTA,40,21,19,12.1,15.0,0.0,0.0,0.0,0.0,0.1,0.1,100.0,0.1,200.0,0.0,0.0,0.0,0.0,0.0,0.0,0.0,100.0
451,Spencer Dinwiddie,BKN,67,35,32,34.4,66.7,0.4,0.1,0.2,71.4,0.1,0.1,100.0,0.4,100.0,0.1,30.8,0.0,3.8,0.0,3.8,0.0,7.7
452,Stanley Johnson,SAS,29,5,24,15.8,26.0,0.2,0.0,0.0,100.0,0.0,0.0,0.0,0.1,33.3,0.1,33.3,0.0,16.7,0.1,33.3,0.0,0.0
453,Stanley Umude,DET,1,0,1,2.1,3.0,0.0,0.0,0.0,0.0,0.0,0.0,0.0,0.0,0.0,0.0,0.0,0.0,0.0,0.0,0.0,0.0,0.0
454,Stephen Curry,GSW,43,21,22,35.0,79.4,0.0,0.0,0.0,0.0,0.0,0.0,0.0,0.0,0.0,0.0,0.0,0.0,0.0,0.0,0.0,0.0,0.0
455,Sterling Brown,LAL,4,2,2,6.1,6.0,0.0,0.0,0.0,0.0,0.0,0.0,0.0,0.0,0.0,0.0,0.0,0.0,0.0,0.0,0.0,0.0,0.0
456,Steven Adams,MEM,42,28,14,27.0,43.2,1.1,0.3,0.4,68.8,0.3,0.5,52.2,0.8,73.3,0.2,22.2,0.0,0.0,0.1,11.1,0.3,24.4
457,Svi Mykhailiuk,CHA,21,11,10,6.7,7.0,0.0,0.0,0.0,0.0,0.0,0.0,0.0,0.0,0.0,0.0,0.0,0.0,0.0,0.0,0.0,0.0,0.0
458,T.J. McConnell,IND,64,28,36,19.7,53.0,0.0,0.0,0.0,0.0,0.0,0.0,0.0,0.0,0.0,0.0,0.0,0.0,0.0,0.0,0.0,0.0,0.0
459,T.J. Warren,PHX,34,20,14,15.9,21.4,0.3,0.1,0.1,40.0,0.0,0.0,0.0,0.1,44.4,0.0,11.1,0.0,0.0,0.1,22.2,0.0,0.0
460,Taj Gibson,WAS,43,20,23,9.6,14.8,0.5,0.1,0.3,30.8,0.0,0.1,25.0,0.2,42.9,0.1,23.8,0.0,4.8,0.0,0.0,0.0,9.5
461,Talen Horton-Tucker,UTA,55,27,28,18.5,39.9,0.1,0.0,0.0,0.0,0.0,0.0,0.0,0.0,0.0,0.1,80.0,0.0,20.0,0.0,0.0,0.0,0.0
462,Tari Eason,HOU,69,17,52,20.6,31.7,0.2,0.0,0.1,50.0,0.0,0.0,0.0,0.1,33.3,0.1,58.3,0.0,16.7,0.0,8.3,0.0,0.0
463,Taurean Prince,MIN,44,25,19,21.4,27.8,0.0,0.0,0.0,0.0,0.0,0.0,0.0,0.0,0.0,0.0,0.0,0.0,0.0,0.0,0.0,0.0,0.0
464,Terance Mann,LAC,69,37,32,23.4,38.0,0.1,0.0,0.0,100.0,0.0,0.0,100.0,0.1,120.0,0.0,40.0,0.0,0.0,0.0,0.0,0.0,20.0
465,Terence Davis,SAC,53,32,21,13.1,20.1,0.0,0.0,0.0,0.0,0.0,0.0,0.0,0.0,0.0,0.0,0.0,0.0,0.0,0.0,0.0,0.0,0.0
466,Terrence Ross,PHX,50,19,31,21.9,22.2,0.0,0.0,0.0,0.0,0.0,0.0,0.0,0.0,0.0,0.0,0.0,0.0,0.0,0.0,0.0,0.0,0.0
467,Terry Rozier,CHA,60,18,42,35.7,75.5,0.0,0.0,0.0,0.0,0.0,0.0,0.0,0.0,0.0,0.0,100.0,0.0,0.0,0.0,0.0,0.0,0.0
468,Terry Taylor,CHI,28,10,18,8.3,9.8,0.0,0.0,0.0,0.0,0.0,0.0,0.0,0.0,0.0,0.0,0.0,0.0,0.0,0.0,0.0,0.0,0.0
469,Thaddeus Young,TOR,54,23,31,14.7,26.4,1.0,0.3,0.5,53.8,0.0,0.0,50.0,0.5,54.7,0.4,35.8,0.1,9.4,0.1,9.4,0.0,1.9
470,Thanasis Antetokounmpo,MIL,28,20,8,4.0,4.3,0.2,0.1,0.1,100.0,0.0,0.0,0.0,0.1,80.0,0.0,20.0,0.0,20.0,0.0,20.0,0.0,0.0
471,Theo Maledon,CHA,36,10,26,16.1,36.7,0.0,0.0,0.0,0.0,0.0,0.0,0.0,0.0,0.0,0.0,0.0,0.0,0.0,0.0,0.0,0.0,0.0
472,Theo Pinson,DAL,36,17,19,6.8,13.3,0.0,0.0,0.0,0.0,0.0,0.0,0.0,0.0,0.0,0.0,0.0,0.0,0.0,0.0,0.0,0.0,0.0
473,Thomas Bryant,DEN,53,29,24,19.2,28.0,0.6,0.2,0.3,50.0,0.1,0.2,87.5,0.5,80.6,0.1,9.7,0.0,0.0,0.0,6.5,0.1,12.9
474,Tim Hardaway Jr.,DAL,63,34,29,30.3,45.2,0.0,0.0,0.0,50.0,0.0,0.0,0.0,0.0,66.7,0.0,0.0,0.0,0.0,0.0,0.0,0.0,0.0
475,Tobias Harris,PHI,63,42,21,33.0,49.0,2.2,0.5,1.1,49.3,0.1,0.1,75.0,1.2,54.3,0.9,40.6,0.2,8.7,0.1,2.9,0.1,2.9
476,Tony Bradley,CHI,11,4,7,2.9,5.2,0.1,0.0,0.1,0.0,0.0,0.0,0.0,0.0,0.0,0.0,0.0,0.0,0.0,0.0,0.0,0.0,0.0
477,Torrey Craig,PHX,66,36,30,25.3,32.8,0.0,0.0,0.0,0.0,0.0,0.0,0.0,0.0,0.0,0.0,50.0,0.0,0.0,0.0,0.0,0.0,50.0
478,Trae Young,ATL,62,32,30,35.0,80.4,0.0,0.0,0.0,0.0,0.0,0.0,0.0,0.0,0.0,0.0,100.0,0.0,100.0,0.0,0.0,0.0,0.0
479,Tre Jones,SAS,55,16,39,29.0,67.4,0.0,0.0,0.0,0.0,0.0,0.0,0.0,0.0,0.0,0.0,0.0,0.0,0.0,0.0,0.0,0.0,0.0
480,Tre Mann,OKC,58,26,32,18.2,30.8,0.0,0.0,0.0,0.0,0.0,0.0,0.0,0.0,0.0,0.0,0.0,0.0,0.0,0.0,0.0,0.0,0.0
481,Trendon Watford,POR,52,24,28,18.1,33.3,0.3,0.1,0.2,55.6,0.0,0.0,0.0,0.2,55.6,0.1,33.3,0.0,5.6,0.0,11.1,0.0,5.6
482,Trent Forrest,ATL,18,6,12,13.3,22.3,0.0,0.0,0.0,0.0,0.0,0.0,0.0,0.0,0.0,0.0,0.0,0.0,0.0,0.0,0.0,0.0,0.0
483,Trevelin Queen,IND,7,2,5,10.0,17.3,0.0,0.0,0.0,0.0,0.0,0.0,0.0,0.0,0.0,0.0,0.0,0.0,0.0,0.0,0.0,0.0,0.0
484,Trevor Hudgins,HOU,5,0,5,5.7,12.2,0.0,0.0,0.0,0.0,0.0,0.0,0.0,0.0,0.0,0.0,0.0,0.0,0.0,0.0,0.0,0.0,0.0
485,Trevor Keels,NYK,2,2,0,1.9,3.0,0.0,0.0,0.0,0.0,0.0,0.0,0.0,0.0,0.0,0.0,0.0,0.0,0.0,0.0,0.0,0.0,0.0
486,Trey Lyles,SAC,61,37,24,16.7,26.4,0.2,0.0,0.1,33.3,0.1,0.1,100.0,0.1,53.3,0.1,26.7,0.0,6.7,0.0,6.7,0.0,13.3
487,Trey Murphy III,NOP,66,30,36,29.8,35.2,0.0,0.0,0.0,0.0,0.0,0.0,0.0,0.0,0.0,0.0,0.0,0.0,0.0,0.0,0.0,0.0,0.0
488,Troy Brown Jr.,LAL,64,31,33,24.7,26.9,0.0,0.0,0.0,100.0,0.0,0.0,0.0,0.0,100.0,0.0,50.0,0.0,50.0,0.0,0.0,0.0,0.0
489,Ty Jerome,GSW,44,21,23,18.5,40.1,0.0,0.0,0.0,0.0,0.0,0.0,0.0,0.0,0.0,0.0,0.0,0.0,0.0,0.0,0.0,0.0,0.0
490,TyTy Washington Jr.,HOU,30,5,25,13.7,27.9,0.0,0.0,0.0,0.0,0.0,0.0,0.0,0.0,0.0,0.0,0.0,0.0,0.0,0.0,0.0,0.0,0.0
491,Tyler Dorsey,DAL,3,2,1,2.8,2.3,0.0,0.0,0.0,0.0,0.0,0.0,0.0,0.0,0.0,0.0,0.0,0.0,0.0,0.0,0.0,0.0,0.0
492,Tyler Herro,MIA,57,31,26,35.3,67.2,0.0,0.0,0.0,100.0,0.0,0.0,0.0,0.0,200.0,0.0,0.0,0.0,0.0,0.0,0.0,0.0,0.0
493,Tyrese Haliburton,IND,54,28,26,33.7,94.5,0.0,0.0,0.0,0.0,0.0,0.0,0.0,0.0,0.0,0.0,0.0,0.0,0.0,0.0,0.0,0.0,0.0
494,Tyrese Martin,ATL,13,8,5,3.5,4.6,0.0,0.0,0.0,0.0,0.0,0.0,0.0,0.0,0.0,0.0,0.0,0.0,0.0,0.0,0.0,0.0,0.0
495,Tyrese Maxey,PHI,49,33,16,32.9,66.4,0.0,0.0,0.0,0.0,0.0,0.0,0.0,0.0,0.0,0.0,0.0,0.0,0.0,0.0,0.0,0.0,0.0
496,Tyus Jones,MEM,68,41,27,23.5,52.6,0.0,0.0,0.0,0.0,0.0,0.0,0.0,0.0,0.0,0.0,0.0,0.0,0.0,0.0,0.0,0.0,0.0
497,Udoka Azubuike,UTA,26,14,12,5.9,5.5,0.1,0.0,0.0,100.0,0.0,0.0,0.0,0.1,66.7,0.0,33.3,0.0,0.0,0.0,33.3,0.0,0.0
498,Udonis Haslem,MIA,6,3,3,7.9,9.8,0.3,0.0,0.2,0.0,0.0,0.0,0.0,0.0,0.0,0.0,0.0,0.0,0.0,0.0,0.0,0.0,0.0
499,Usman Garuba,HOU,62,16,46,13.2,19.3,0.0,0.0,0.0,0.0,0.0,0.0,0.0,0.0,0.0,0.0,0.0,0.0,0.0,0.0,100.0,0.0,0.0
500,Vernon Carey Jr.,WAS,11,8,3,2.6,4.0,0.2,0.1,0.1,100.0,0.0,0.0,0.0,0.2,100.0,0.1,50.0,0.1,50.0,0.0,0.0,0.0,0.0
501,Victor Oladipo,MIA,37,22,15,27.0,50.0,0.0,0.0,0.0,0.0,0.0,0.0,0.0,0.0,0.0,0.0,0.0,0.0,0.0,0.0,0.0,0.0,0.0
502,Vince Williams Jr.,MEM,11,6,5,4.7,5.3,0.0,0.0,0.0,0.0,0.0,0.0,0.0,0.0,0.0,0.0,0.0,0.0,0.0,0.0,0.0,0.0,0.0
503,Vit Krejci,ATL,23,11,12,5.4,6.1,0.0,0.0,0.0,0.0,0.0,0.0,0.0,0.0,0.0,0.0,0.0,0.0,0.0,0.0,0.0,0.0,0.0
504,Vlatko Cancar,DEN,50,33,17,16.0,21.9,0.4,0.1,0.2,45.5,0.0,0.0,50.0,0.2,60.0,0.0,10.0,0.0,5.0,0.1,15.0,0.0,5.0
505,Walker Kessler,UTA,65,31,34,22.4,23.5,0.1,0.0,0.1,75.0,0.0,0.0,50.0,0.1,88.9,0.1,44.4,0.0,0.0,0.0,0.0,0.0,11.1
506,Wendell Carter Jr.,ORL,46,20,26,29.8,53.7,1.1,0.2,0.4,64.7,0.1,0.2,75.0,0.6,56.9,0.5,41.2,0.0,3.9,0.1,11.8,0.1,7.8
507,Wendell Moore Jr.,MIN,26,14,12,5.6,9.8,0.0,0.0,0.0,0.0,0.0,0.0,0.0,0.0,0.0,0.0,0.0,0.0,0.0,0.0,0.0,0.0,0.0
508,Wenyen Gabriel,LAL,56,28,28,15.1,20.2,0.1,0.1,0.1,75.0,0.0,0.0,0.0,0.1,100.0,0.0,33.3,0.0,0.0,0.0,0.0,0.0,0.0
509,Wesley Matthews,MIL,40,30,10,15.5,14.4,0.0,0.0,0.0,0.0,0.0,0.0,0.0,0.0,0.0,0.0,0.0,0.0,0.0,0.0,0.0,0.0,0.0
510,Will Barton,TOR,46,21,25,18.3,30.4,0.0,0.0,0.0,0.0,0.0,0.0,0.0,0.0,0.0,0.0,0.0,0.0,0.0,0.0,0.0,0.0,0.0
511,Willy Hernangomez,NOP,34,19,15,13.0,25.0,1.0,0.1,0.4,28.6,0.2,0.3,60.0,0.4,40.0,0.3,31.4,0.1,8.6,0.1,8.6,0.1,14.3
512,Xavier Tillman,MEM,49,30,19,17.7,28.3,0.3,0.1,0.2,50.0,0.0,0.0,0.0,0.2,47.1,0.1,41.2,0.0,5.9,0.0,5.9,0.0,0.0
513,Yuta Watanabe,BKN,46,24,22,17.7,18.6,0.0,0.0,0.0,0.0,0.0,0.0,0.0,0.0,0.0,0.0,0.0,0.0,0.0,0.0,0.0,0.0,0.0
514,Zach Collins,SAS,55,17,38,22.2,36.9,2.9,0.8,1.5,54.9,0.5,0.5,83.3,2.2,75.8,0.7,24.8,0.1,5.1,0.2,7.6,0.3,9.6
515,Zach LaVine,CHI,63,29,34,36.0,62.4,0.2,0.0,0.1,20.0,0.0,0.0,100.0,0.1,36.4,0.1,36.4,0.0,18.2,0.0,9.1,0.0,9.1
516,Zeke Nnaji,DEN,43,29,14,13.5,12.5,0.4,0.2,0.3,63.6,0.0,0.0,50.0,0.4,94.4,0.1,16.7,0.0,5.6,0.0,0.0,0.0,5.6
517,Ziaire Williams,MEM,36,21,15,14.7,16.5,0.0,0.0,0.0,0.0,0.0,0.0,0.0,0.0,0.0,0.0,0.0,0.0,0.0,0.0,0.0,0.0,0.0
518,Zion Williamson,NOP,29,17,12,33.0,66.0,4.1,1.0,1.8,58.8,0.6,0.9,61.5,2.7,66.4,1.6,38.7,0.3,8.4,0.3,6.7,0.4,10.9
