,PLAYER,TEAM,GP,W,L,MIN,PTS,Drive PTS,Drive FG%,C&S PTS,C&S FG%,Pull Up PTS,Pull Up FG%,Paint Touch PTS,Paint Touch FG%,Post Touch PTS,Post Touch FG%,Elbow Touch PTS,Elbow Touch FG%,eFG%
0,A.J. Lawson,DAL,13,5,8,4.8,2.6,0.0,0.0,1.6,46.7,0.0,0.0,0.3,100.0,0.0,0.0,0.0,0.0,63.5
1,AJ Green,MIL,29,23,6,9.8,4.8,0.1,100.0,3.3,47.1,1.1,39.4,0.3,75.0,0.0,0.0,0.0,0.0,63.7
2,AJ Griffin,ATL,59,28,31,19.9,8.9,2.1,50.0,3.3,36.9,2.9,51.0,0.6,75.0,0.0,100.0,0.4,73.3,56.6
3,Aaron Gordon,DEN,52,38,14,30.0,16.9,2.5,57.9,1.9,34.3,1.7,38.6,8.1,75.2,1.7,51.7,0.9,59.3,62.7
4,Aaron Holiday,ATL,52,28,24,14.0,4.1,1.3,40.9,1.4,42.4,0.9,39.6,0.2,41.7,0.0,0.0,0.0,25.0,50.0
5,Aaron Nesmith,IND,57,24,33,24.4,9.6,1.9,41.9,3.9,34.7,0.9,36.2,0.9,59.5,0.0,0.0,0.4,83.3,50.9
6,Aaron Wiggins,OKC,51,26,25,19.0,6.9,1.5,48.4,1.9,38.4,0.3,33.3,1.8,67.2,0.0,50.0,0.2,36.4,58.5
7,Admiral Schofield,ORL,30,12,18,12.0,4.2,0.8,60.0,1.9,36.5,0.0,0.0,0.8,61.1,0.0,0.0,0.3,66.7,58.0
8,Al Horford,BOS,50,35,15,30.8,9.6,0.7,62.5,6.5,42.9,0.3,50.0,1.5,55.4,0.4,50.0,0.4,52.9,62.8
9,Alec Burks,DET,49,12,37,22.0,12.9,3.1,50.0,3.2,43.4,5.0,43.2,0.2,44.4,0.2,57.1,0.2,44.4,55.5
10,Aleksej Pokusevski,OKC,31,15,16,21.9,8.8,1.1,34.2,3.8,38.5,0.4,27.8,2.5,54.5,0.0,0.0,1.0,65.2,51.9
11,Alex Caruso,CHI,53,22,31,24.1,5.6,0.7,35.5,2.6,39.7,0.2,16.7,0.7,57.7,0.0,0.0,0.2,40.0,54.2
12,Alex Len,SAC,14,9,5,3.4,0.9,0.0,0.0,0.0,0.0,0.1,100.0,0.6,100.0,0.0,0.0,0.4,40.0,50.0
13,Alize Johnson,SAS,4,1,3,7.4,1.8,0.5,100.0,0.0,0.0,0.0,0.0,0.0,0.0,0.0,0.0,0.0,0.0,50.0
14,Alondes Williams,BKN,1,1,0,5.3,0.0,0.0,0.0,0.0,0.0,0.0,0.0,0.0,0.0,0.0,0.0,0.0,0.0,0.0
15,Alperen Sengun,HOU,57,10,47,28.2,14.8,2.9,55.9,0.9,34.5,0.4,40.0,5.5,58.7,2.2,54.6,2.9,52.8,56.4
16,Amir Coffey,LAC,43,21,22,13.7,3.8,1.6,41.4,0.7,31.4,0.5,28.6,0.1,50.0,0.0,0.0,0.0,0.0,41.8
17,Andre Drummond,CHI,51,22,29,13.1,6.3,0.2,40.0,0.0,0.0,0.0,100.0,4.5,61.7,0.2,55.6,1.1,55.0,61.1
18,Andre Iguodala,GSW,2,0,2,12.3,1.0,0.0,0.0,0.0,0.0,0.0,0.0,1.0,100.0,0.0,0.0,0.0,0.0,100.0
19,Andrew Nembhard,IND,57,25,32,26.9,7.9,2.1,40.8,2.8,34.0,2.0,34.2,0.3,56.3,0.0,0.0,0.2,60.0,48.8
20,Andrew Wiggins,GSW,36,18,18,32.3,17.1,1.6,34.3,7.1,43.9,2.4,33.9,3.3,63.5,1.0,59.3,0.6,56.3,56.0
21,Anfernee Simons,POR,57,27,30,35.3,21.1,5.8,53.1,6.1,40.2,7.1,39.1,0.5,68.2,0.0,0.0,0.3,69.2,55.0
22,Anthony Davis,LAL,39,18,21,33.3,26.1,2.4,52.2,2.2,30.4,2.3,42.3,13.4,70.3,3.8,48.6,3.6,52.8,57.2
23,Anthony Edwards,MIN,65,33,32,36.3,24.6,9.2,52.8,3.5,42.1,7.2,35.0,0.8,71.9,0.4,50.0,0.3,69.2,52.7
24,Anthony Gill,WAS,42,17,25,10.0,3.1,0.5,46.2,0.3,25.0,0.0,14.3,1.5,83.3,0.0,0.0,0.3,75.0,62.5
25,Anthony Lamb,GSW,48,27,21,19.9,6.9,1.0,69.2,3.7,38.2,0.3,27.8,1.0,61.1,0.0,0.0,0.2,62.5,59.1
26,Austin Reaves,LAL,46,22,24,27.5,10.8,3.0,55.8,3.1,38.9,1.9,44.7,0.6,57.9,0.0,0.0,0.3,55.6,59.7
27,Austin Rivers,MIN,49,24,25,20.4,5.2,1.9,56.5,2.4,38.1,0.2,15.0,0.1,50.0,0.0,0.0,0.1,100.0,54.9
28,Ayo Dosunmu,CHI,61,28,33,27.8,9.2,2.9,60.9,2.4,32.2,0.7,38.6,0.7,63.3,0.0,0.0,0.2,85.7,54.5
29,Bam Adebayo,MIA,59,30,29,35.0,21.2,4.3,50.8,2.2,44.4,2.9,43.4,7.1,61.0,1.6,50.6,4.9,58.5,53.6
30,Ben Simmons,BKN,42,24,18,26.3,6.9,1.7,52.5,0.1,40.0,0.2,23.5,3.4,71.1,0.5,50.0,0.8,51.6,56.6
31,Bennedict Mathurin,IND,64,28,36,28.0,16.9,5.9,44.5,2.5,30.7,2.6,33.5,1.8,62.0,0.0,0.0,1.1,66.7,48.3
32,Bismack Biyombo,PHX,46,25,21,14.0,3.8,0.0,0.0,0.1,33.3,0.0,50.0,3.0,60.6,0.3,31.6,0.9,51.4,57.2
33,Blake Griffin,BOS,27,17,10,14.1,4.7,0.2,33.3,2.1,43.2,0.0,0.0,1.7,72.4,0.3,60.0,0.7,72.7,60.1
34,Blake Wesley,SAS,18,4,14,14.9,5.1,1.2,29.6,1.8,52.4,0.8,24.1,0.2,25.0,0.0,0.0,0.2,50.0,46.0
35,Boban Marjanovic,HOU,22,1,21,4.4,3.4,0.1,0.0,0.1,33.3,0.3,37.5,2.0,90.0,1.5,60.9,0.7,85.7,68.3
36,Bobby Portis,MIL,51,34,17,26.1,14.0,1.7,57.8,4.5,39.8,1.7,38.6,4.0,60.9,2.0,50.5,0.9,68.8,54.5
37,Bogdan Bogdanovic,ATL,38,19,19,29.2,14.5,3.3,52.0,6.7,42.0,4.4,41.5,0.3,50.0,0.1,50.0,0.4,53.8,55.1
38,Bojan Bogdanovic,DET,58,15,43,32.0,21.5,6.1,55.3,6.0,46.5,5.5,43.7,0.7,47.1,0.5,33.3,0.7,58.1,57.1
39,Bol Bol,ORL,59,24,35,22.5,9.7,2.4,55.9,1.0,32.3,1.4,36.4,2.9,83.2,0.1,40.0,0.5,85.7,60.9
40,Bones Hyland,LAC,47,30,17,19.0,11.6,2.9,35.3,3.0,36.4,3.9,33.7,0.2,50.0,0.0,0.0,0.1,75.0,49.3
41,Bradley Beal,WAS,40,22,18,33.1,22.9,9.4,56.5,3.8,43.2,7.0,46.3,1.6,68.4,0.2,40.0,1.2,51.2,56.4
42,Brandon Boston Jr.,LAC,21,8,13,11.7,6.8,2.1,35.6,0.7,31.3,2.2,40.0,0.2,28.6,0.1,33.3,0.1,50.0,47.1
43,Brandon Clarke,MEM,56,32,24,19.5,10.0,0.8,53.6,0.9,49.0,0.3,61.5,6.0,70.4,0.1,25.0,2.4,65.2,65.8
44,Brandon Ingram,NOP,29,13,16,33.0,23.3,9.3,52.4,4.3,42.6,8.6,42.0,0.7,64.3,1.2,50.0,1.6,73.1,50.9
45,Braxton Key,DET,3,0,3,3.0,1.3,0.0,0.0,0.0,0.0,0.7,100.0,0.0,0.0,0.0,0.0,0.0,0.0,100.0
46,Brook Lopez,MIL,61,44,17,30.3,14.7,0.9,60.5,5.9,38.8,0.8,37.9,5.9,68.7,1.9,64.7,1.0,50.0,59.4
47,Bruce Brown,DEN,63,45,18,28.5,11.2,2.7,43.5,3.6,39.4,1.3,36.5,1.6,69.8,0.1,100.0,0.8,71.0,56.1
48,Bruno Fernando,ATL,33,10,23,11.2,3.9,0.1,16.7,0.0,0.0,0.1,50.0,3.1,58.6,0.1,66.7,0.5,41.2,52.1
49,Bryce McGowens,CHA,29,9,20,14.4,3.8,1.3,35.3,1.1,33.3,0.1,7.7,0.4,62.5,0.0,0.0,0.0,0.0,43.0
50,Bryn Forbes,MIN,25,9,16,10.7,3.6,1.0,38.1,1.2,29.4,1.1,37.5,0.1,100.0,0.0,0.0,0.0,0.0,44.6
51,Buddy Boeheim,DET,1,0,1,1.0,0.0,0.0,0.0,0.0,0.0,0.0,0.0,0.0,0.0,0.0,0.0,0.0,0.0,0.0
52,Buddy Hield,IND,64,28,36,32.0,17.4,2.5,47.7,8.0,42.0,4.5,43.4,0.6,72.0,0.0,0.0,0.2,71.4,59.7
53,CJ McCollum,NOP,57,27,30,35.1,21.1,6.5,49.2,4.9,36.5,8.5,42.7,0.4,55.6,0.0,0.0,0.6,56.0,51.0
54,Cade Cunningham,DET,12,3,9,33.3,19.9,9.8,46.9,2.4,30.3,8.0,41.5,0.8,60.0,0.3,100.0,0.3,66.7,45.3
55,Caleb Houstan,ORL,36,13,23,15.6,4.1,0.1,50.0,2.8,37.0,0.2,50.0,0.6,50.0,0.0,0.0,0.0,0.0,54.0
56,Caleb Martin,MIA,54,27,27,29.9,10.1,1.7,45.9,3.4,35.3,1.7,45.9,1.5,61.4,0.0,0.0,0.4,66.7,53.6
57,Cam Reddish,POR,28,11,17,23.6,10.0,3.0,52.4,3.1,34.1,1.1,32.4,0.8,73.3,0.0,0.0,0.5,60.0,53.9
58,Cam Thomas,BKN,46,26,20,17.2,11.0,4.6,45.7,1.3,46.7,3.8,38.3,0.3,83.3,0.0,0.0,0.4,60.0,49.6
59,Cameron Johnson,BKN,25,15,10,26.5,15.6,2.4,55.8,7.2,40.1,2.8,49.2,1.2,63.2,0.0,0.0,0.4,50.0,59.5
60,Cameron Payne,PHX,32,18,14,22.7,11.5,4.5,42.3,2.8,34.9,4.1,39.6,0.3,80.0,0.0,0.0,0.0,0.0,48.5
61,Caris LeVert,CLE,59,34,25,30.0,11.6,4.5,43.4,2.8,36.6,2.7,31.5,0.6,50.0,0.0,0.0,0.3,37.5,48.4
62,Carlik Jones,CHI,1,0,1,21.7,1.0,1.0,0.0,0.0,0.0,0.0,0.0,0.0,0.0,0.0,0.0,0.0,0.0,0.0
63,Cedi Osman,CLE,61,37,24,20.8,8.7,1.4,45.2,3.5,35.0,0.9,32.1,0.6,67.9,0.0,0.0,0.3,90.9,55.2
64,Charles Bassey,SAS,30,7,23,14.2,5.2,0.0,0.0,0.4,35.3,0.3,50.0,4.4,68.3,0.3,40.0,0.7,46.7,64.6
65,Chima Moneke,SAC,2,1,1,4.0,1.0,0.0,0.0,0.0,0.0,0.0,0.0,1.0,50.0,0.0,0.0,0.0,0.0,50.0
66,Chimezie Metu,SAC,49,30,19,11.2,4.9,0.3,50.0,0.5,28.1,0.0,16.7,3.2,70.0,0.2,44.4,0.6,57.9,62.1
67,Chris Boucher,TOR,58,29,29,20.5,9.7,0.5,40.0,2.6,33.8,0.4,40.0,4.4,61.7,0.0,0.0,0.4,56.3,55.3
68,Chris Duarte,IND,40,16,24,19.1,7.9,2.1,43.8,2.1,32.2,2.4,31.0,0.5,72.7,0.0,0.0,0.2,33.3,45.0
69,Chris Paul,PHX,43,23,20,32.1,13.5,4.3,51.8,2.2,50.0,7.7,40.7,0.1,50.0,0.1,33.3,0.0,0.0,49.5
70,Chris Silva,DAL,1,1,0,3.0,2.0,0.0,0.0,0.0,0.0,0.0,0.0,0.0,0.0,2.0,100.0,0.0,0.0,100.0
71,Christian Braun,DEN,59,42,17,14.8,4.3,0.9,48.9,1.1,36.2,0.4,33.3,0.6,65.2,0.0,0.0,0.2,80.0,56.5
72,Christian Koloko,TOR,46,21,25,14.4,3.4,0.0,0.0,0.2,18.8,0.0,0.0,2.8,56.2,0.0,0.0,0.4,33.3,48.8
73,Christian Wood,DAL,52,28,24,27.0,17.4,3.2,56.7,5.3,41.4,0.8,25.3,4.4,67.4,1.6,60.7,1.5,63.4,59.1
74,Chuma Okeke,ORL,20,5,15,20.4,5.1,0.9,35.7,2.6,29.8,0.5,30.8,0.4,75.0,0.1,0.0,0.1,100.0,46.7
75,Clint Capela,ATL,47,26,21,26.8,12.0,0.1,28.6,0.0,0.0,0.0,0.0,10.6,64.6,0.3,37.5,1.3,68.3,62.8
76,Coby White,CHI,55,25,30,22.5,8.9,2.0,49.5,4.3,37.1,1.4,34.8,0.1,75.0,0.0,0.0,0.0,100.0,52.4
77,Cody Martin,CHA,7,2,5,19.1,5.0,1.9,45.5,1.6,40.0,0.3,10.0,0.6,66.7,0.0,0.0,0.0,0.0,43.1
78,Cody Zeller,MIA,5,1,4,14.4,5.4,0.2,0.0,0.4,50.0,0.0,0.0,2.8,77.8,0.0,0.0,1.2,50.0,64.3
79,Cole Anthony,ORL,44,21,23,25.0,12.2,5.1,51.6,2.3,32.4,3.2,43.8,0.8,72.2,0.0,0.0,0.3,100.0,50.5
80,Cole Swider,LAL,6,1,5,6.7,1.5,0.0,0.0,1.5,50.0,0.0,0.0,0.0,0.0,0.0,0.0,0.0,0.0,50.0
81,Collin Sexton,UTA,47,24,23,24.0,14.3,7.0,53.6,1.9,38.5,2.4,46.0,1.1,56.3,0.0,0.0,0.2,40.0,55.9
82,Corey Kispert,WAS,54,26,28,26.9,9.3,1.1,54.8,5.4,41.9,0.4,30.8,0.8,61.3,0.0,0.0,0.4,53.3,61.4
83,Cory Joseph,DET,44,10,34,16.2,4.7,1.7,47.5,1.3,32.8,1.5,35.0,0.1,40.0,0.0,0.0,0.0,33.3,46.1
84,D'Angelo Russell,LAL,58,30,28,32.4,17.6,4.3,53.3,4.8,40.0,6.5,43.1,0.6,56.0,0.1,40.0,0.4,66.7,56.4
85,Daishen Nix,HOU,45,11,34,16.2,4.2,1.3,41.5,1.5,27.8,1.0,37.5,0.2,100.0,0.0,0.0,0.1,100.0,45.4
86,Dalano Banton,TOR,27,14,13,9.3,4.4,0.5,21.1,1.2,31.4,0.4,17.2,1.0,76.5,0.0,0.0,0.1,66.7,46.9
87,Dalen Terry,CHI,25,12,13,5.1,1.8,0.5,50.0,0.4,25.0,0.3,60.0,0.2,50.0,0.0,0.0,0.0,0.0,50.0
88,Damian Jones,UTA,25,7,18,8.7,2.8,0.0,0.0,0.1,20.0,0.0,0.0,2.4,66.7,0.1,0.0,0.2,25.0,59.1
89,Damian Lillard,POR,50,24,26,36.3,32.3,11.3,58.5,4.8,39.3,10.7,40.9,0.3,57.1,0.1,50.0,0.3,66.7,57.6
90,Damion Lee,PHX,64,35,29,21.6,8.6,1.9,44.5,4.7,45.5,0.9,33.3,0.3,61.5,0.0,0.0,0.2,85.7,56.5
91,Daniel Gafford,WAS,60,28,32,19.3,8.6,0.6,80.0,0.1,28.6,0.1,75.0,6.3,80.1,0.3,46.2,1.3,71.4,75.1
92,Daniel Theis,IND,7,1,6,15.5,7.0,0.6,100.0,1.4,23.5,0.0,0.0,3.1,50.0,0.0,0.0,1.7,55.6,50.0
93,Danny Green,CLE,6,2,4,11.9,3.2,0.0,0.0,2.5,35.7,0.5,25.0,0.0,0.0,0.0,0.0,0.0,0.0,47.4
94,Danuel House Jr.,PHI,39,25,14,14.5,4.3,0.7,57.9,1.0,26.5,1.2,44.7,0.5,90.0,0.0,0.0,0.2,75.0,55.2
95,Dario Saric,OKC,44,19,25,14.5,6.5,1.0,36.1,2.6,39.8,0.3,31.8,1.7,61.4,0.5,46.7,0.4,75.0,54.2
96,Darius Bazley,PHX,37,17,20,15.2,5.4,1.2,39.4,1.5,40.8,0.1,20.0,1.5,55.0,0.1,0.0,0.6,50.0,50.6
97,Darius Days,HOU,4,0,4,6.2,3.8,0.0,0.0,2.3,30.0,0.0,0.0,0.0,0.0,0.0,0.0,0.0,0.0,54.2
98,Darius Garland,CLE,55,29,26,35.2,22.0,8.8,50.5,3.6,46.2,7.8,43.1,0.3,77.8,0.0,100.0,0.4,61.5,55.1
99,David Duke Jr.,BKN,17,7,10,8.6,2.9,1.6,52.0,0.0,0.0,0.0,0.0,0.2,33.3,0.0,0.0,0.0,0.0,44.0
100,David Roddy,MEM,50,31,19,16.8,6.0,1.4,47.6,2.2,28.7,0.5,44.0,0.9,71.4,0.1,100.0,0.2,36.4,49.3
101,Davion Mitchell,SAC,61,36,25,18.0,5.6,1.6,52.9,1.8,35.0,1.3,34.7,0.3,71.4,0.0,0.0,0.1,33.3,53.3
102,Davis Bertans,DAL,34,17,17,10.6,4.1,0.1,66.7,2.9,36.3,0.5,75.0,0.1,66.7,0.0,0.0,0.1,100.0,59.0
103,Davon Reed,LAL,39,25,14,8.6,2.2,0.4,21.4,1.0,31.7,0.6,32.1,0.1,50.0,0.0,0.0,0.0,0.0,42.8
104,Day'Ron Sharpe,BKN,35,16,19,10.6,3.9,0.1,20.0,0.5,60.0,0.1,100.0,2.5,57.4,0.1,12.5,0.6,66.7,55.5
105,De'Aaron Fox,SAC,56,35,21,34.1,25.5,12.2,59.0,2.6,36.5,8.4,42.5,0.7,84.2,0.1,66.7,0.3,63.6,55.9
106,De'Andre Hunter,ATL,53,30,23,31.8,15.6,3.8,41.8,4.9,38.3,4.0,50.0,1.1,60.0,0.5,71.4,0.9,57.1,52.8
107,De'Anthony Melton,PHI,59,38,21,28.3,10.3,1.7,44.9,5.1,41.8,1.7,34.9,0.5,52.0,0.0,0.0,0.3,80.0,54.6
108,DeAndre Jordan,DEN,35,22,13,14.3,4.8,0.1,100.0,0.1,100.0,0.0,0.0,4.3,80.7,0.1,66.7,0.2,37.5,77.8
109,DeMar DeRozan,CHI,57,27,30,36.1,25.1,9.4,59.1,2.2,37.5,10.1,48.2,0.4,45.0,2.2,63.3,1.1,48.8,52.6
110,Dean Wade,CLE,35,23,12,20.8,5.1,0.7,30.0,3.2,36.5,0.1,28.6,0.6,90.9,0.0,0.0,0.1,100.0,55.9
111,Deandre Ayton,PHX,55,27,28,30.3,18.5,0.2,28.6,3.5,43.3,1.1,45.3,11.5,64.6,3.1,53.5,4.3,56.7,59.6
112,Dejounte Murray,ATL,58,30,28,36.4,21.2,6.8,47.9,4.3,36.5,9.0,47.7,0.9,59.5,0.1,33.3,0.2,35.3,53.0
113,Delon Wright,WAS,33,21,12,23.2,6.8,2.0,41.7,1.6,32.1,1.4,42.9,0.6,69.2,0.0,0.0,0.2,100.0,55.4
114,Deni Avdija,WAS,60,29,31,26.4,9.0,2.7,52.6,2.4,30.2,0.3,17.9,1.6,46.9,0.0,100.0,0.5,63.6,49.0
115,Dennis Schroder,LAL,51,26,25,30.3,12.3,5.0,45.8,3.2,36.6,2.6,40.6,0.2,50.0,0.0,0.0,0.1,50.0,47.9
116,Dennis Smith Jr.,CHA,43,14,29,25.2,8.5,3.8,48.5,1.2,26.1,1.3,27.3,0.8,66.7,0.0,50.0,0.3,66.7,44.6
117,Deonte Burton,SAC,2,1,1,3.3,0.0,0.0,0.0,0.0,0.0,0.0,0.0,0.0,0.0,0.0,0.0,0.0,0.0,0.0
118,Dereon Seabron,NOP,5,2,3,2.3,0.8,0.0,0.0,0.0,0.0,0.0,0.0,0.4,100.0,0.0,0.0,0.0,0.0,40.0
119,Derrick Jones Jr.,CHI,48,19,29,14.4,4.9,0.4,66.7,1.1,34.0,0.0,50.0,2.0,57.1,0.0,100.0,0.6,55.6,54.8
120,Derrick Rose,NYK,27,12,15,12.5,5.6,2.3,43.8,1.0,23.7,2.1,41.4,0.4,55.6,0.0,0.0,0.1,40.0,44.3
121,Derrick White,BOS,64,45,19,27.6,11.9,3.5,54.0,4.3,37.9,1.8,43.1,0.7,54.8,0.0,0.0,0.3,50.0,55.4
122,Desmond Bane,MEM,40,25,15,31.0,21.3,5.6,49.4,4.6,40.5,6.3,43.4,1.0,64.0,0.0,0.0,0.9,65.2,56.2
123,Devin Booker,PHX,37,24,13,34.1,27.0,8.5,52.7,3.7,45.9,11.3,43.0,1.4,62.9,0.9,70.0,0.8,61.1,53.3
124,Devin Vassell,SAS,30,9,21,31.0,19.4,3.9,41.1,7.7,44.9,5.7,40.2,0.6,58.3,0.0,0.0,0.8,64.3,53.6
125,Devon Dotson,WAS,6,1,5,8.9,0.5,0.0,0.0,0.5,33.3,0.0,0.0,0.0,0.0,0.0,0.0,0.0,0.0,15.0
126,Devonte' Graham,SAS,61,29,32,17.0,6.4,0.8,33.3,2.7,34.4,2.1,37.3,0.1,100.0,0.0,0.0,0.1,100.0,50.5
127,Dewayne Dedmon,PHI,30,17,13,11.7,5.7,0.4,100.0,1.1,30.0,0.5,63.6,2.6,57.9,0.3,36.4,1.5,63.0,53.9
128,Dillon Brooks,MEM,57,35,22,30.3,14.4,4.6,44.6,4.0,33.3,4.1,34.9,0.8,55.9,0.1,60.0,0.3,50.0,45.6
129,Domantas Sabonis,SAC,60,36,24,34.5,18.9,2.1,64.7,2.4,43.1,0.3,47.1,8.6,68.1,2.1,57.8,5.2,68.1,63.4
130,Dominick Barlow,SAS,12,1,11,9.6,3.1,0.2,100.0,0.3,33.3,0.2,100.0,1.7,54.5,0.0,0.0,0.5,75.0,53.8
131,Donovan Mitchell,CLE,54,34,20,35.5,27.5,9.3,60.0,4.1,37.1,10.7,43.1,0.9,66.7,0.0,0.0,0.8,73.9,57.2
132,Donte DiVincenzo,GSW,53,31,22,26.0,9.0,0.9,46.5,5.9,45.3,0.6,25.0,0.8,60.0,0.0,0.0,0.2,71.4,58.5
133,Dorian Finney-Smith,BKN,49,22,27,31.6,8.8,0.9,35.6,5.2,35.0,0.2,18.2,1.6,72.3,0.0,0.0,0.2,100.0,52.2
134,Doug McDermott,SAS,54,16,38,20.4,9.7,1.4,40.3,4.6,40.2,1.7,42.5,0.9,67.6,0.0,100.0,0.3,70.0,57.0
135,Draymond Green,GSW,55,30,25,31.4,8.2,1.2,55.1,1.9,32.1,0.1,37.5,1.8,56.1,0.1,50.0,1.2,64.4,57.2
136,Drew Eubanks,POR,61,27,34,19.7,6.0,0.3,56.3,0.4,50.0,0.2,40.0,3.5,74.0,0.2,55.6,1.3,63.2,68.5
137,Dru Smith,BKN,9,4,5,11.2,2.8,1.1,50.0,1.0,33.3,0.4,25.0,0.2,100.0,0.0,0.0,0.2,100.0,48.1
138,Duane Washington Jr.,NYK,31,17,14,12.7,7.9,2.6,38.8,2.1,31.4,3.4,39.3,0.0,0.0,0.0,0.0,0.0,0.0,44.5
139,Duncan Robinson,MIA,32,14,18,17.3,6.4,0.7,57.9,3.3,31.6,1.8,38.2,0.4,57.1,0.0,0.0,0.2,66.7,49.2
140,Dwight Powell,DAL,59,32,27,19.8,6.8,0.2,50.0,0.0,0.0,0.0,50.0,5.6,75.1,0.1,66.7,0.9,66.7,72.0
141,Dyson Daniels,NOP,42,22,20,19.2,4.3,1.1,43.1,1.2,33.3,0.4,28.6,0.7,72.2,0.0,0.0,0.0,100.0,51.0
142,Edmond Sumner,BKN,46,28,18,14.5,7.4,2.4,41.6,1.6,35.7,0.7,40.0,0.7,76.5,0.0,0.0,0.2,80.0,51.6
143,Eric Gordon,LAC,54,14,40,29.3,12.6,5.2,49.8,3.7,33.3,1.8,34.3,0.6,76.5,0.0,100.0,0.1,42.9,52.4
144,Eugene Omoruyi,DET,23,9,14,11.8,4.9,0.5,44.4,1.1,29.0,0.0,0.0,2.0,57.1,0.0,0.0,0.2,33.3,51.1
145,Evan Fournier,NYK,23,13,10,18.0,6.8,1.2,35.5,2.7,35.6,2.4,31.9,0.2,66.7,0.0,0.0,0.0,0.0,46.0
146,Evan Mobley,CLE,63,37,26,34.2,15.9,2.1,43.7,1.2,24.6,1.3,40.8,7.7,72.9,1.2,37.7,2.6,59.8,56.1
147,Facundo Campazzo,DAL,8,2,6,6.5,1.3,0.0,0.0,0.8,33.3,0.4,20.0,0.0,0.0,0.0,0.0,0.0,0.0,34.6
148,Frank Jackson,UTA,1,0,1,5.1,0.0,0.0,0.0,0.0,0.0,0.0,0.0,0.0,0.0,0.0,0.0,0.0,0.0,0.0
149,Frank Kaminsky,HOU,31,11,20,6.7,2.5,0.3,50.0,1.1,41.4,0.1,25.0,0.6,53.8,0.2,66.7,0.1,100.0,59.4
150,Frank Ntilikina,DAL,38,18,20,12.2,2.4,0.6,40.9,0.9,26.0,0.4,42.1,0.1,33.3,0.0,0.0,0.0,0.0,40.3
151,Franz Wagner,ORL,63,26,37,32.8,18.7,7.4,49.0,3.5,42.9,2.7,33.5,1.9,63.5,0.3,37.5,0.5,44.0,54.6
152,Fred VanVleet,TOR,52,25,27,37.0,19.3,5.0,42.3,4.5,33.8,7.2,37.4,0.2,66.7,0.0,0.0,0.1,100.0,47.9
153,Furkan Korkmaz,PHI,25,17,8,10.2,3.8,1.2,45.8,1.1,33.3,0.8,38.1,0.5,80.0,0.0,0.0,0.2,50.0,48.7
154,Gabe Vincent,MIA,50,26,24,26.4,9.5,2.5,46.4,3.5,32.6,3.1,39.3,0.3,66.7,0.0,100.0,0.1,100.0,48.7
155,Garrett Temple,NOP,19,11,8,7.0,2.2,0.2,25.0,1.3,44.4,0.2,14.3,0.1,50.0,0.0,0.0,0.0,0.0,52.7
156,Garrison Mathews,ATL,47,13,34,12.9,4.6,0.2,14.3,3.0,35.1,0.5,32.0,0.1,75.0,0.0,0.0,0.0,0.0,51.5
157,Gary Harris,ORL,35,15,20,24.8,8.4,1.2,50.0,4.6,44.6,1.1,35.9,0.5,70.0,0.0,0.0,0.1,50.0,61.4
158,Gary Payton II,GSW,15,8,7,17.0,4.1,0.0,0.0,1.8,52.9,0.0,0.0,1.3,62.5,0.1,100.0,0.1,25.0,69.5
159,Gary Trent Jr.,TOR,55,26,29,33.2,18.2,3.7,49.4,6.0,39.0,5.1,38.1,0.7,65.4,0.0,0.0,0.5,73.3,52.3
160,George Hill,IND,37,24,13,18.7,4.9,1.1,58.6,1.8,37.3,0.8,40.0,0.3,55.6,0.0,0.0,0.1,100.0,54.4
161,Georges Niang,PHI,59,38,21,19.3,8.3,1.4,55.6,5.9,41.3,0.4,33.3,0.5,80.0,0.0,0.0,0.0,0.0,59.3
162,Giannis Antetokounmpo,MIL,50,38,12,32.3,31.3,11.1,59.5,1.5,31.5,3.8,33.1,5.4,80.4,2.1,43.7,2.3,51.9,56.1
163,Goga Bitadze,ORL,23,8,15,9.4,3.4,0.0,0.0,0.6,27.8,0.1,100.0,2.0,60.0,0.1,33.3,0.4,50.0,57.0
164,Goran Dragic,CHI,50,22,28,15.5,6.5,1.7,43.5,2.3,41.5,1.8,35.3,0.2,80.0,0.1,0.0,0.1,75.0,50.2
165,Gordon Hayward,CHA,39,15,24,31.4,14.7,4.2,48.9,3.4,36.8,4.2,43.0,1.6,63.6,0.2,50.0,1.0,61.5,51.8
166,Gorgui Dieng,SAS,21,2,19,9.6,3.1,0.2,66.7,1.8,35.1,0.3,21.4,0.9,72.7,0.0,0.0,0.1,33.3,48.4
167,Grant Williams,BOS,62,44,18,27.2,8.3,1.5,50.7,3.4,38.8,1.2,40.3,1.2,59.6,0.0,20.0,0.2,50.0,57.6
168,Grayson Allen,MIL,58,43,15,27.6,10.5,2.7,45.5,4.8,42.5,1.5,33.7,0.4,80.0,0.0,0.0,0.2,83.3,57.3
169,Greg Brown III,POR,16,10,6,5.8,1.8,0.7,50.0,0.2,14.3,0.0,0.0,0.3,50.0,0.0,0.0,0.1,100.0,41.1
170,Hamidou Diallo,DET,53,12,41,17.4,9.1,2.4,43.5,0.4,30.8,1.1,43.3,2.3,71.8,0.0,0.0,1.3,74.4,58.0
171,Harrison Barnes,SAC,62,37,25,32.8,15.0,5.0,46.7,4.2,37.6,1.3,39.2,2.0,72.2,0.7,78.6,0.6,78.6,55.8
172,Haywood Highsmith,MIA,45,23,22,19.0,4.6,0.4,50.0,2.4,35.6,0.3,33.3,1.0,52.4,0.0,0.0,0.2,42.9,52.1
173,Herbert Jones,NOP,48,20,28,28.8,9.3,2.2,44.6,2.1,26.5,0.1,20.0,1.6,57.4,0.1,0.0,0.4,50.0,48.9
174,Immanuel Quickley,NYK,64,38,26,27.6,13.0,4.5,55.9,3.3,38.6,4.0,38.1,0.3,70.0,0.0,0.0,0.1,66.7,53.6
175,Isaac Okoro,CLE,65,39,26,21.1,6.3,1.2,47.5,2.2,34.3,0.1,33.3,0.9,72.7,0.0,100.0,0.2,66.7,57.4
176,Isaiah Hartenstein,NYK,65,38,27,19.6,5.1,0.1,57.1,0.8,33.3,0.1,37.5,3.6,56.5,0.1,80.0,0.7,39.6,53.9
177,Isaiah Jackson,IND,46,17,29,15.3,6.7,0.1,25.0,0.2,25.0,0.2,50.0,4.7,58.8,0.2,42.9,0.9,45.0,56.6
178,Isaiah Joe,OKC,55,26,29,17.0,9.2,0.3,38.5,5.6,46.2,2.0,45.8,0.3,60.0,0.0,0.0,0.2,83.3,65.4
179,Isaiah Livers,DET,39,9,30,21.0,5.5,0.4,33.3,3.5,35.2,0.8,41.9,0.3,100.0,0.1,100.0,0.2,100.0,54.5
180,Isaiah Mobley,CLE,8,5,3,3.3,1.1,0.0,0.0,0.4,50.0,0.0,0.0,0.3,100.0,0.3,100.0,0.0,0.0,56.3
181,Isaiah Roby,SAS,41,9,32,11.3,4.1,0.9,41.7,1.1,31.9,0.5,29.6,0.7,59.1,0.1,100.0,0.3,57.1,49.0
182,Isaiah Stewart,DET,49,12,37,28.3,11.4,1.2,50.0,4.4,36.1,0.0,16.7,3.8,56.3,0.3,31.6,1.2,64.5,52.8
183,Isaiah Todd,WAS,4,2,2,3.1,0.5,0.0,0.0,0.0,0.0,0.0,0.0,0.0,0.0,0.0,0.0,0.0,0.0,25.0
184,Ish Smith,DEN,32,21,11,9.9,2.8,1.3,46.7,0.2,50.0,1.6,38.8,0.1,50.0,0.0,0.0,0.0,0.0,44.0
185,Ish Wainright,PHX,46,25,21,15.1,4.2,0.5,53.8,2.5,34.2,0.3,30.8,0.5,52.4,0.0,0.0,0.0,0.0,51.2
186,Ivica Zubac,LAC,60,32,28,29.4,10.2,0.3,58.8,0.0,11.1,0.0,0.0,8.1,64.3,1.5,59.3,2.0,59.7,61.9
187,JD Davison,BOS,6,5,1,2.3,0.7,0.0,0.0,0.3,25.0,0.0,0.0,0.0,0.0,0.0,0.0,0.3,100.0,25.0
188,JT Thor,CHA,52,15,37,11.7,2.5,0.6,48.1,0.9,25.4,0.2,20.0,0.7,53.8,0.0,0.0,0.0,14.3,41.6
189,Ja Morant,MEM,53,34,19,32.5,27.1,14.8,47.9,1.8,33.7,6.8,39.0,1.4,65.4,0.0,0.0,0.2,45.5,50.2
190,JaMychal Green,GSW,44,24,20,14.2,6.3,0.0,20.0,2.2,36.6,0.0,0.0,3.0,64.9,0.1,100.0,0.5,62.5,59.8
191,JaVale McGee,DAL,36,17,19,8.1,4.1,0.8,70.6,0.1,33.3,0.1,25.0,2.8,59.7,0.2,30.0,0.7,66.7,60.8
192,Jabari Smith Jr.,HOU,59,12,47,30.0,11.8,2.1,43.1,4.1,29.2,2.1,32.9,2.3,63.4,0.5,45.5,0.9,51.2,45.2
193,Jabari Walker,POR,42,20,22,8.9,2.7,0.2,37.5,0.5,25.0,0.0,0.0,1.2,57.9,0.0,33.3,0.4,70.0,46.4
194,Jack White,DEN,15,12,3,3.2,1.3,0.4,66.7,0.6,37.5,0.0,0.0,0.3,50.0,0.0,0.0,0.0,0.0,53.1
195,Jaden Hardy,DAL,32,16,16,11.6,6.4,2.4,51.8,1.7,37.5,1.0,30.2,0.1,100.0,0.0,0.0,0.0,0.0,50.0
196,Jaden Ivey,DET,57,15,42,30.1,15.4,5.3,45.1,2.5,35.3,3.9,36.9,1.1,52.1,0.0,0.0,0.5,70.6,47.9
197,Jaden McDaniels,MIN,62,32,30,30.7,11.5,2.3,45.5,3.7,38.7,1.2,46.1,2.3,73.5,0.1,30.0,0.4,64.3,59.0
198,Jaden Springer,PHI,7,7,0,3.7,2.4,0.4,33.3,0.3,100.0,0.0,0.0,1.1,80.0,0.0,0.0,0.0,0.0,58.3
199,Jae Crowder,MIL,4,4,0,19.2,6.0,0.3,0.0,4.5,60.0,1.0,40.0,0.0,0.0,0.0,0.0,0.0,0.0,68.8
200,Jae'Sean Tate,HOU,23,3,20,21.4,8.5,3.4,48.5,1.0,27.6,0.3,27.3,1.8,54.3,0.7,63.6,0.2,50.0,49.4
201,Jake LaRavia,MEM,32,21,11,12.1,3.1,0.5,50.0,2.0,36.8,0.2,22.2,0.2,42.9,0.1,100.0,0.2,100.0,51.7
202,Jakob Poeltl,TOR,53,16,37,26.3,12.6,1.5,66.0,0.9,44.4,0.6,53.6,7.2,66.5,1.4,60.4,3.2,59.8,64.6
203,Jalen Brunson,NYK,61,36,25,35.2,23.9,11.8,50.1,2.5,44.8,8.6,45.1,0.2,55.6,0.6,53.8,0.1,50.0,54.2
204,Jalen Duren,DET,51,14,37,25.2,8.5,0.1,50.0,0.0,25.0,0.1,37.5,6.9,65.5,0.4,36.0,0.9,67.9,64.0
205,Jalen Green,HOU,56,11,45,33.6,21.7,8.1,42.1,3.8,35.8,6.5,35.3,0.9,73.3,0.0,0.0,0.2,40.0,48.2
206,Jalen Johnson,ATL,58,30,28,14.5,5.2,1.0,54.1,1.2,28.4,0.2,27.8,1.0,58.3,0.0,0.0,0.3,47.1,53.0
207,Jalen McDaniels,PHI,64,20,44,25.3,9.9,2.2,38.6,3.2,33.5,0.7,33.9,1.9,67.5,0.0,0.0,0.3,47.1,51.0
208,Jalen Smith,IND,53,26,27,18.2,9.1,0.6,41.9,2.4,26.2,0.4,38.1,3.7,68.6,0.2,30.8,0.9,68.8,51.8
209,Jalen Suggs,ORL,39,16,23,23.2,9.4,2.3,50.7,1.9,31.7,2.6,36.5,1.0,52.4,0.1,50.0,0.2,33.3,48.1
210,Jalen Williams,OKC,59,27,32,29.4,12.9,4.5,51.6,2.3,32.2,1.6,40.2,2.1,71.4,0.0,0.0,0.8,78.6,55.9
211,Jamal Cain,MIA,14,8,6,13.3,4.7,0.4,42.9,0.6,23.1,0.0,0.0,3.0,66.7,0.0,0.0,0.0,0.0,54.0
212,Jamal Murray,DEN,50,36,14,32.6,20.2,5.6,48.8,3.1,37.7,8.7,42.2,1.0,68.8,0.5,50.0,0.8,64.0,53.2
213,Jamaree Bouyea,WAS,4,2,2,16.3,3.8,2.5,80.0,0.8,33.3,0.8,33.3,0.0,0.0,0.0,0.0,0.0,0.0,53.8
214,James Bouknight,CHA,26,5,21,13.6,4.3,1.2,50.0,0.9,20.5,1.2,33.3,0.1,25.0,0.0,0.0,0.1,100.0,39.3
215,James Harden,PHI,46,30,16,36.7,21.7,7.7,47.7,2.7,46.6,8.3,40.0,0.3,33.3,0.3,87.5,0.2,75.0,55.4
216,James Johnson,IND,12,5,7,8.2,2.2,0.8,36.4,0.5,25.0,0.4,40.0,0.3,50.0,0.0,0.0,0.0,0.0,42.6
217,James Wiseman,DET,26,9,17,14.8,7.8,0.2,40.0,0.7,40.0,0.1,11.1,4.7,70.9,0.6,53.3,1.2,75.0,62.3
218,Jared Butler,OKC,1,1,0,3.6,0.0,0.0,0.0,0.0,0.0,0.0,0.0,0.0,0.0,0.0,0.0,0.0,0.0,0.0
219,Jared Rhoden,DET,1,0,1,12.0,2.0,0.0,0.0,0.0,0.0,2.0,50.0,0.0,0.0,0.0,0.0,0.0,0.0,33.3
220,Jaren Jackson Jr.,MEM,45,28,17,27.4,16.7,4.6,51.5,4.2,34.0,0.4,25.8,4.6,71.4,1.9,56.7,0.8,55.2,55.4
221,Jarred Vanderbilt,LAL,60,30,30,24.2,8.2,0.6,42.3,1.1,31.4,0.1,21.4,4.5,68.6,0.0,0.0,1.1,59.1,58.8
222,Jarrett Allen,CLE,58,36,22,33.3,14.7,0.3,46.2,0.7,32.3,0.1,50.0,11.4,68.9,0.7,51.7,3.1,61.7,65.3
223,Jarrett Culver,ATL,10,5,5,13.7,4.4,1.0,40.0,0.3,8.3,0.6,37.5,1.2,57.1,0.0,0.0,0.0,0.0,40.7
224,Jason Preston,LAC,13,3,10,9.4,3.2,0.8,35.7,0.9,28.6,1.0,37.5,0.2,100.0,0.0,0.0,0.2,100.0,50.0
225,Javonte Green,CHI,28,11,17,16.0,5.9,0.6,33.3,1.3,36.4,0.2,40.0,2.4,83.3,0.0,0.0,0.5,70.0,64.9
226,Jaxson Hayes,NOP,37,16,21,13.6,5.1,0.4,36.4,0.3,14.3,0.0,0.0,2.5,71.7,0.0,0.0,0.7,90.0,56.4
227,Jaylen Brown,BOS,52,36,16,35.9,26.5,8.7,57.9,5.4,33.8,6.3,42.2,2.2,62.2,0.4,56.3,1.2,61.4,54.9
228,Jaylen Nowell,MIN,62,31,31,19.5,10.9,3.9,51.5,2.1,31.0,3.0,42.2,0.8,61.1,0.0,0.0,0.4,83.3,50.1
229,Jaylin Williams,OKC,31,13,18,17.2,5.5,0.5,50.0,3.2,41.6,0.1,50.0,1.4,37.5,0.0,0.0,0.6,43.8,52.4
230,Jayson Tatum,BOS,60,43,17,37.3,30.2,7.9,49.7,6.2,42.3,5.6,30.5,2.9,67.3,1.3,60.5,2.4,62.8,53.7
231,Jeff Dowtin Jr.,TOR,18,12,6,8.9,2.4,0.9,50.0,0.3,22.2,0.6,33.3,0.3,50.0,0.0,0.0,0.2,100.0,47.7
232,Jeff Green,DEN,40,26,14,19.6,8.0,1.4,54.3,1.4,26.8,0.4,25.8,1.9,63.3,0.7,35.7,0.8,63.6,52.4
233,Jerami Grant,POR,58,26,32,35.7,20.7,4.6,48.6,6.6,39.5,2.6,40.6,1.9,76.7,1.2,50.0,0.4,52.6,55.5
234,Jeremiah Robinson-Earl,OKC,33,11,22,20.0,7.4,0.5,100.0,2.9,32.7,0.2,66.7,2.2,47.6,0.0,0.0,0.4,54.5,52.7
235,Jeremy Sochan,SAS,50,13,37,26.2,10.6,3.1,40.0,1.8,27.5,1.1,39.1,3.5,68.1,0.3,35.0,0.6,73.7,48.0
236,Jericho Sims,NYK,49,29,20,15.8,3.5,0.0,100.0,0.1,66.7,0.0,0.0,3.2,79.6,0.0,0.0,0.2,62.5,76.9
237,Jevon Carter,MIL,62,45,17,22.6,7.6,0.9,38.5,3.1,42.7,3.2,41.8,0.2,62.5,0.0,0.0,0.1,40.0,54.5
238,Jimmy Butler,MIA,49,25,24,33.3,22.0,8.0,50.8,1.4,41.0,2.6,35.9,5.1,65.0,1.2,42.1,1.0,60.6,53.8
239,Jock Landale,PHX,55,29,26,14.3,6.6,0.1,66.7,1.2,27.3,0.0,10.0,4.3,64.6,1.2,59.5,0.9,57.6,54.3
240,Joe Harris,BKN,56,30,26,22.7,8.1,0.6,39.4,5.1,42.5,1.0,40.0,0.6,84.2,0.0,0.0,0.3,72.7,60.9
241,Joe Ingles,MIL,29,21,8,22.4,6.4,1.0,58.3,2.9,31.8,2.0,45.5,0.1,66.7,0.0,0.0,0.0,0.0,53.7
242,Joe Wieskamp,TOR,3,1,2,7.9,3.0,0.0,0.0,3.0,50.0,0.0,0.0,0.0,0.0,0.0,0.0,0.0,0.0,56.3
243,Joel Embiid,PHI,49,31,18,35.1,33.0,5.6,53.8,4.8,47.4,6.3,41.7,5.7,65.5,4.8,47.8,6.7,54.7,55.9
244,John Butler Jr.,POR,9,2,7,3.4,0.2,0.0,0.0,0.0,0.0,0.0,0.0,0.2,100.0,0.0,0.0,0.0,0.0,20.0
245,John Collins,ATL,53,28,25,30.8,13.0,2.0,58.8,3.3,32.2,0.6,38.1,3.9,77.0,1.9,50.0,1.3,68.3,54.9
246,John Konchar,MEM,54,33,21,21.7,5.6,0.3,16.1,2.7,36.3,0.4,34.8,1.0,72.7,0.0,0.0,0.2,57.1,53.2
247,John Wall,LAC,34,15,19,22.2,11.4,3.8,43.2,2.8,35.6,1.7,27.4,0.2,75.0,0.2,57.1,0.0,0.0,45.7
248,Johnny Davis,WAS,13,6,7,4.7,1.2,0.5,28.6,0.2,33.3,0.5,27.3,0.3,100.0,0.0,0.0,0.0,0.0,36.1
249,Johnny Juzang,UTA,2,0,2,9.9,2.5,1.0,100.0,1.5,20.0,1.0,100.0,0.0,0.0,0.0,0.0,0.0,0.0,35.7
250,Jonas Valanciunas,NOP,61,29,32,24.9,14.2,0.4,38.1,2.9,38.8,0.2,21.7,7.3,67.4,2.9,53.5,1.9,56.5,56.6
251,Jonathan Isaac,ORL,11,8,3,11.3,5.0,0.0,0.0,2.5,44.0,0.2,16.7,1.9,47.1,0.4,50.0,0.2,0.0,47.2
252,Jonathan Kuminga,GSW,52,30,22,20.2,9.1,2.1,51.7,2.3,36.8,0.7,41.0,1.7,64.4,0.6,36.7,0.7,61.9,55.6
253,Jordan Clarkson,UTA,60,30,30,32.6,20.9,8.8,52.3,4.2,33.9,6.0,39.9,1.2,61.1,0.1,42.9,0.6,61.9,52.1
254,Jordan Goodwin,WAS,43,17,26,17.9,6.1,2.3,51.8,1.4,40.4,1.5,38.4,0.7,53.8,0.0,100.0,0.1,40.0,51.6
255,Jordan Hall,SAS,9,1,8,9.2,3.1,0.6,50.0,0.6,14.3,1.1,44.4,0.0,0.0,0.0,0.0,0.0,0.0,37.5
256,Jordan McLaughlin,MIN,28,15,13,15.4,3.6,1.4,56.7,0.8,21.9,0.8,36.0,0.3,100.0,0.0,0.0,0.1,100.0,47.4
257,Jordan Nwora,IND,44,29,15,16.3,6.5,1.3,31.5,2.9,40.4,0.8,26.3,0.5,58.8,0.0,0.0,0.3,100.0,49.6
258,Jordan Poole,GSW,63,33,30,30.8,20.9,5.4,50.0,4.6,34.6,5.6,34.3,0.7,52.9,0.0,0.0,0.8,71.0,51.0
259,Jordan Schakel,WAS,2,0,2,3.1,1.5,0.0,0.0,0.0,0.0,1.5,100.0,0.0,0.0,0.0,0.0,0.0,0.0,75.0
260,Jose Alvarado,NOP,61,30,31,21.5,9.0,3.4,46.2,3.6,33.6,1.0,32.9,0.3,70.0,0.0,0.0,0.2,100.0,49.6
261,Josh Christopher,HOU,44,7,37,10.8,4.9,2.3,47.9,0.5,24.2,1.3,39.1,0.2,71.4,0.0,0.0,0.1,60.0,49.5
262,Josh Giddey,OKC,58,24,34,30.7,16.2,6.2,47.0,2.8,34.1,1.9,38.6,2.7,61.9,0.0,0.0,0.8,63.6,51.5
263,Josh Green,DAL,44,22,22,24.8,9.1,2.7,59.5,3.5,42.9,0.4,43.8,0.5,69.2,0.0,0.0,0.6,83.3,64.8
264,Josh Hart,NYK,59,33,26,32.6,9.8,2.0,51.6,2.3,37.4,0.6,29.8,1.2,65.9,0.0,100.0,0.2,54.5,57.4
265,Josh Minott,MIN,11,5,6,6.2,3.2,0.2,16.7,0.3,33.3,0.0,0.0,1.5,87.5,0.0,0.0,0.2,100.0,53.7
266,Josh Okogie,PHX,54,28,26,16.3,6.9,1.6,42.1,2.1,36.4,0.7,30.6,1.0,50.0,0.0,0.0,0.1,50.0,50.0
267,Josh Richardson,NOP,47,13,34,24.2,11.3,2.5,49.0,4.7,36.9,3.3,44.8,0.7,69.6,0.0,0.0,0.1,40.0,53.3
268,Joshua Primo,SAS,4,3,1,23.3,7.0,2.8,50.0,1.5,22.2,2.3,44.4,0.5,0.0,0.0,0.0,0.0,0.0,40.4
269,Jrue Holiday,MIL,51,39,12,32.8,19.8,7.0,53.8,2.5,42.6,7.6,39.8,1.6,65.0,0.5,40.9,0.3,50.0,54.7
270,Juan Toscano-Anderson,UTA,35,14,21,12.4,2.5,0.3,35.7,0.5,29.2,0.0,0.0,0.8,57.1,0.0,0.0,0.2,50.0,48.7
271,Juancho Hernangomez,TOR,42,20,22,14.6,2.9,0.0,33.3,1.2,26.2,0.0,0.0,1.0,68.0,0.1,66.7,0.1,25.0,49.6
272,Julian Champagnie,SAS,2,2,0,3.3,0.0,0.0,0.0,0.0,0.0,0.0,0.0,0.0,0.0,0.0,0.0,0.0,0.0,0.0
273,Julius Randle,NYK,65,38,27,35.8,25.3,5.3,51.4,6.0,36.5,6.5,41.0,3.5,69.7,2.0,52.4,1.5,51.5,54.5
274,Justin Champagnie,TOR,3,2,1,3.6,2.0,0.7,100.0,0.0,0.0,0.0,0.0,1.3,100.0,0.0,0.0,0.0,0.0,100.0
275,Justin Holiday,DAL,32,14,18,15.2,4.6,0.1,66.7,3.1,37.1,0.7,26.5,0.2,50.0,0.0,0.0,0.1,16.7,51.8
276,Justin Jackson,BOS,23,15,8,4.7,0.9,0.1,33.3,0.5,22.2,0.1,20.0,0.1,100.0,0.0,0.0,0.1,100.0,35.2
277,Justise Winslow,POR,29,15,14,26.8,6.8,1.2,34.1,1.5,29.4,0.6,32.1,2.4,55.0,0.1,0.0,0.4,40.0,44.4
278,Jusuf Nurkic,POR,45,23,22,27.3,13.8,0.8,63.6,2.7,39.0,0.2,30.0,5.3,60.9,2.8,45.9,1.9,56.1,56.8
279,KZ Okpala,SAC,35,19,16,7.1,1.3,0.2,33.3,0.6,33.3,0.1,50.0,0.3,75.0,0.0,0.0,0.0,0.0,51.3
280,Kai Jones,CHA,31,8,23,9.2,2.7,0.5,38.5,0.3,23.1,0.1,28.6,1.1,62.5,0.1,100.0,0.0,0.0,55.3
281,Karl-Anthony Towns,MIN,21,10,11,33.8,20.8,5.7,55.6,5.9,36.3,1.4,38.7,2.7,75.0,1.4,54.5,1.8,92.3,56.8
282,Kawhi Leonard,LAC,38,23,15,33.1,23.0,6.7,59.3,4.3,44.2,8.7,47.9,1.4,60.6,1.6,55.6,1.6,52.0,56.6
283,Keegan Murray,SAC,60,36,24,29.9,12.1,1.3,46.3,7.2,41.6,1.2,43.5,1.8,58.0,0.1,25.0,0.3,60.0,57.9
284,Keita Bates-Diop,SAS,48,12,36,21.3,8.3,1.9,42.9,1.7,35.9,0.4,34.6,2.4,69.1,0.3,55.6,0.4,53.8,52.9
285,Keldon Johnson,SAS,54,14,40,32.7,21.9,9.3,49.2,5.4,33.7,2.0,29.2,1.4,59.2,0.4,30.8,0.8,51.9,50.9
286,Kelly Olynyk,UTA,52,24,28,28.2,12.0,2.2,46.3,4.0,40.3,0.9,42.0,2.3,64.9,0.3,50.0,0.8,70.4,58.3
287,Kelly Oubre Jr.,CHA,40,13,27,32.3,20.1,5.6,45.3,5.5,31.8,3.5,38.7,1.8,48.3,0.0,0.0,0.8,39.1,49.0
288,Kemba Walker,DAL,9,5,4,16.0,8.0,3.8,60.0,0.2,12.5,3.7,41.9,0.0,0.0,0.0,0.0,0.0,0.0,48.2
289,Kendall Brown,IND,6,1,5,6.7,1.5,0.0,0.0,0.0,0.0,0.3,100.0,0.3,100.0,0.0,0.0,0.0,0.0,57.1
290,Kendrick Nunn,WAS,54,27,27,14.3,7.0,1.6,42.0,2.2,35.7,2.1,37.1,0.5,72.2,0.0,0.0,0.1,100.0,50.6
291,Kennedy Chandler,MEM,27,17,10,8.5,2.3,0.7,33.3,0.2,20.0,0.4,38.5,0.4,55.6,0.0,0.0,0.1,100.0,41.2
292,Kenneth Lofton Jr.,MEM,11,7,4,3.5,1.7,0.5,66.7,0.0,0.0,0.2,20.0,0.9,100.0,0.0,0.0,0.4,40.0,38.1
293,Kenrich Williams,OKC,53,26,27,22.8,8.0,0.8,42.6,2.9,42.3,1.0,39.1,2.8,67.9,0.1,40.0,0.7,69.2,59.0
294,Kentavious Caldwell-Pope,DEN,61,44,17,31.4,11.4,1.1,52.2,5.5,47.4,2.3,43.2,0.8,51.2,0.0,0.0,0.7,66.7,59.3
295,Kenyon Martin Jr.,HOU,62,13,49,26.7,12.0,1.4,54.8,2.6,32.5,0.0,0.0,4.0,67.9,0.0,0.0,1.2,63.0,61.2
296,Keon Ellis,SAC,9,4,5,4.0,2.1,0.2,50.0,0.7,50.0,1.0,75.0,0.0,0.0,0.0,0.0,0.0,0.0,85.0
297,Keon Johnson,POR,33,13,20,9.6,4.1,1.2,40.5,1.3,33.3,1.0,29.3,0.2,28.6,0.0,0.0,0.0,0.0,45.6
298,Kessler Edwards,SAC,16,6,10,5.9,0.9,0.1,25.0,0.4,14.3,0.0,0.0,0.3,40.0,0.0,0.0,0.0,0.0,25.0
299,Kevin Durant,PHX,41,28,13,35.6,29.3,8.8,63.5,4.8,45.9,12.0,54.9,1.5,83.9,1.8,57.4,2.3,60.9,61.2
300,Kevin Huerter,SAC,59,34,25,30.0,14.7,2.4,53.1,5.3,38.1,4.0,42.9,1.7,79.3,0.0,0.0,0.5,68.4,59.6
301,Kevin Knox II,POR,48,10,38,12.9,5.1,0.8,56.5,2.6,39.0,0.4,29.0,0.6,81.3,0.0,0.0,0.1,100.0,58.1
302,Kevin Love,MIA,46,25,21,20.4,8.4,0.4,50.0,4.4,33.8,1.1,36.5,1.2,52.6,0.5,40.0,0.1,14.3,50.6
303,Kevin Porter Jr.,HOU,41,10,31,33.8,19.0,6.8,43.0,2.8,40.4,6.5,37.2,1.3,78.8,0.0,0.0,0.3,46.2,50.6
304,Kevon Harris,ORL,27,10,17,12.4,3.6,0.6,29.4,1.0,42.9,0.2,22.2,1.0,58.8,0.0,0.0,0.1,66.7,48.7
305,Kevon Looney,GSW,63,33,30,23.5,7.0,0.3,50.0,0.3,47.8,0.0,0.0,4.6,69.8,0.1,57.1,1.0,64.3,66.2
306,Khem Birch,SAS,20,9,11,8.1,2.2,0.0,0.0,0.3,28.6,0.0,0.0,1.2,58.8,0.1,25.0,0.7,60.0,60.9
307,Khris Middleton,MIL,20,17,3,21.5,13.6,3.2,45.5,2.5,29.3,4.8,38.3,1.1,71.4,1.0,58.3,0.4,80.0,48.7
308,Killian Hayes,DET,58,14,44,27.0,9.6,3.4,39.0,2.8,33.3,4.2,38.5,0.2,30.8,0.0,0.0,0.2,50.0,43.4
309,Kira Lewis Jr.,NOP,17,7,10,10.6,5.6,1.1,30.4,1.9,50.0,1.1,53.3,0.3,100.0,0.0,0.0,0.1,100.0,60.4
310,Klay Thompson,GSW,51,28,23,32.9,22.2,2.3,43.9,10.6,40.8,6.3,39.6,1.4,54.2,0.2,71.4,0.8,48.6,54.5
311,Kris Dunn,UTA,4,2,2,22.3,12.0,5.8,57.9,2.3,27.3,0.0,0.0,1.0,100.0,0.0,0.0,0.0,0.0,56.3
312,Kristaps Porzingis,WAS,52,23,29,32.7,22.8,2.6,48.4,6.8,40.3,2.9,41.1,5.2,68.2,3.5,59.4,2.7,51.1,55.8
313,Kyle Anderson,MIN,52,27,25,26.4,8.7,3.8,51.3,1.6,43.5,0.9,40.0,1.0,50.0,0.0,33.3,0.3,53.3,54.8
314,Kyle Kuzma,WAS,57,28,29,35.1,21.5,6.4,49.7,5.7,34.1,3.7,32.2,2.0,64.6,0.4,47.4,0.6,44.4,51.5
315,Kyle Lowry,MIA,44,22,22,33.3,12.0,3.1,51.1,4.0,33.5,3.3,37.3,0.4,50.0,0.0,0.0,0.0,50.0,50.1
316,Kyrie Irving,DAL,48,28,20,37.0,27.0,8.9,59.5,4.9,38.8,10.6,46.2,1.4,68.1,0.1,40.0,1.0,75.0,57.2
317,LaMelo Ball,CHA,36,13,23,35.2,23.3,6.4,40.9,6.7,40.0,7.8,36.7,1.0,56.3,0.0,0.0,0.1,25.0,51.0
318,Lamar Stevens,CLE,45,27,18,17.4,5.1,0.9,43.2,1.4,31.3,0.5,36.4,0.8,57.7,0.0,0.0,0.2,71.4,50.8
319,Landry Shamet,PHX,30,14,16,21.4,9.5,1.2,29.3,4.4,39.3,2.2,30.0,0.4,100.0,0.0,0.0,0.3,60.0,50.6
320,Larry Nance Jr.,NOP,50,24,26,22.3,7.7,0.1,37.5,1.1,38.6,0.2,33.3,4.5,68.5,0.2,55.6,1.4,66.7,64.1
321,Lauri Markkanen,UTA,58,29,29,34.3,25.2,4.2,52.3,8.5,41.7,2.1,41.3,5.1,69.9,0.8,41.9,2.0,67.9,60.0
322,LeBron James,LAL,47,24,23,36.1,29.5,6.8,55.0,4.9,34.7,5.0,32.0,4.2,70.9,2.0,50.6,2.4,71.4,54.9
323,Leandro Bolmaro,UTA,14,8,6,4.9,0.4,0.4,25.0,0.0,0.0,0.3,40.0,0.0,0.0,0.0,0.0,0.0,0.0,15.0
324,Lindy Waters III,OKC,26,11,15,11.4,4.5,0.1,100.0,3.2,37.3,0.7,43.8,0.2,100.0,0.0,0.0,0.1,0.0,56.8
325,Lonnie Walker IV,LAL,47,20,27,25.6,12.9,3.1,50.5,4.7,39.4,1.8,34.6,0.6,60.9,0.0,0.0,0.3,66.7,53.8
326,Luguentz Dort,OKC,56,26,30,30.2,14.2,4.5,41.5,4.9,35.8,1.4,36.0,1.5,50.0,0.0,0.0,0.2,27.3,48.5
327,Luka Doncic,DAL,54,30,24,36.5,33.4,14.8,63.6,1.3,39.0,12.0,40.2,1.2,75.8,3.4,55.1,0.5,60.0,57.1
328,Luka Garza,MIN,23,13,10,9.1,6.9,0.9,72.7,1.9,36.6,0.2,66.7,3.0,63.9,0.7,55.6,0.1,14.3,59.3
329,Luke Kennard,MEM,41,24,17,20.8,7.6,1.2,45.5,4.4,46.9,1.8,41.3,0.1,50.0,0.0,0.0,0.2,66.7,59.5
330,Luke Kornet,BOS,54,35,19,11.4,3.7,0.0,0.0,0.1,22.2,0.1,66.7,3.1,75.5,0.0,33.3,0.3,66.7,70.9
331,Malachi Flynn,TOR,43,21,22,13.7,4.8,1.1,39.1,2.2,41.0,1.2,27.6,0.1,66.7,0.0,0.0,0.0,100.0,47.5
332,Malaki Branham,SAS,48,10,38,22.5,9.3,2.9,54.5,3.0,32.9,2.7,45.3,0.4,75.0,0.0,0.0,0.3,55.6,50.9
333,Malcolm Brogdon,BOS,54,38,16,25.4,14.6,5.5,49.1,3.4,45.6,4.3,45.5,0.6,70.6,0.0,0.0,0.4,90.0,58.4
334,Malcolm Hill,CHI,4,3,1,2.0,1.3,0.0,0.0,0.8,33.3,0.0,0.0,0.0,0.0,0.0,0.0,0.0,0.0,62.5
335,Malik Beasley,LAL,63,32,31,26.7,13.3,1.6,47.9,6.7,36.1,4.1,39.1,0.3,50.0,0.0,0.0,0.2,63.6,52.3
336,Malik Monk,SAC,59,36,23,22.7,13.7,4.4,54.6,3.7,36.4,2.4,33.5,0.9,65.8,0.0,0.0,0.2,41.7,53.3
337,Mamadi Diakite,CLE,16,12,4,6.2,1.6,0.4,75.0,0.6,21.4,0.2,25.0,0.3,100.0,0.0,0.0,0.1,33.3,50.0
338,MarJon Beauchamp,MIL,41,28,13,14.0,5.3,0.8,51.9,2.1,31.2,1.0,32.7,0.4,40.0,0.0,0.0,0.1,66.7,48.3
339,Marcus Morris Sr.,LAC,56,29,27,28.5,12.0,2.0,48.1,4.9,36.6,4.0,44.3,0.6,68.4,1.4,51.6,0.8,55.6,52.0
340,Marcus Smart,BOS,47,34,13,32.4,11.4,3.0,51.3,4.4,34.8,1.5,32.9,0.7,56.0,0.5,55.0,0.2,100.0,51.4
341,Mark Williams,CHA,34,13,21,17.4,8.4,0.1,50.0,0.2,44.4,0.1,100.0,6.3,68.2,0.6,36.8,1.2,60.0,63.7
342,Markelle Fultz,ORL,43,22,21,29.4,13.3,5.6,49.3,1.1,34.0,3.0,42.5,1.6,62.3,0.2,55.6,0.2,57.1,52.4
343,Markieff Morris,DAL,29,16,13,10.3,3.4,0.2,60.0,2.3,39.7,0.4,40.0,0.4,55.6,0.1,0.0,0.1,0.0,52.4
344,Marko Simonovic,CHI,2,0,2,1.8,0.0,0.0,0.0,0.0,0.0,0.0,0.0,0.0,0.0,0.0,0.0,0.0,0.0,0.0
345,Marvin Bagley III,DET,28,6,22,21.5,11.3,1.8,43.9,1.6,36.0,0.6,32.0,4.9,70.1,1.1,45.2,1.5,63.3,55.4
346,Mason Plumlee,LAC,63,17,46,27.8,11.8,1.4,66.0,0.1,42.9,0.3,56.3,6.7,69.7,0.9,55.3,1.5,57.6,67.6
347,Matisse Thybulle,POR,56,34,22,14.4,3.5,0.2,38.5,1.8,38.4,0.2,44.4,0.7,50.0,0.0,0.0,0.0,0.0,56.4
348,Matt Ryan,MIN,32,14,18,9.5,3.8,0.1,20.0,2.8,38.0,0.4,25.0,0.2,75.0,0.0,0.0,0.0,0.0,52.3
349,Matthew Dellavedova,SAC,26,15,11,6.2,1.4,0.5,35.7,0.6,31.3,0.3,30.0,0.1,50.0,0.0,0.0,0.0,0.0,44.6
350,Max Christie,LAL,37,15,22,13.7,3.5,0.4,38.5,1.9,40.0,0.6,47.6,0.1,33.3,0.0,0.0,0.1,50.0,54.3
351,Max Strus,MIA,62,31,31,29.7,12.2,1.6,43.8,6.5,34.6,1.3,30.6,1.3,76.1,0.0,0.0,0.4,78.6,51.8
352,Maxi Kleber,DAL,24,14,10,25.3,6.5,0.5,66.7,3.5,38.9,0.1,25.0,2.0,72.4,0.1,100.0,0.2,33.3,62.2
353,McKinley Wright IV,DAL,20,11,9,10.3,2.9,1.6,60.0,0.5,33.3,0.6,35.7,0.0,0.0,0.0,0.0,0.0,0.0,51.0
354,Meyers Leonard,MIL,4,4,0,6.7,2.8,0.0,0.0,2.3,37.5,0.0,0.0,0.5,0.0,0.0,0.0,0.0,0.0,56.3
355,Mfiondu Kabengele,BOS,2,1,1,7.0,1.0,0.0,0.0,0.0,0.0,0.0,0.0,1.0,100.0,0.0,0.0,0.0,0.0,50.0
356,Micah Potter,UTA,3,2,1,4.8,1.3,0.0,0.0,0.0,0.0,0.0,0.0,1.3,100.0,0.0,0.0,0.7,100.0,100.0
357,Michael Foster Jr.,PHI,1,1,0,1.0,0.0,0.0,0.0,0.0,0.0,0.0,0.0,0.0,0.0,0.0,0.0,0.0,0.0,0.0
358,Michael Porter Jr.,DEN,47,34,13,29.2,17.2,2.1,59.2,7.9,45.8,3.2,36.5,2.2,70.8,0.2,66.7,1.2,61.8,59.8
359,Mikal Bridges,BKN,64,32,32,36.1,18.2,5.2,48.0,5.5,39.6,4.4,43.6,1.6,58.2,0.4,66.7,0.9,59.6,54.1
360,Mike Conley,MIN,50,25,25,29.8,10.5,3.4,45.6,2.8,44.9,3.4,31.5,0.2,66.7,0.0,0.0,0.2,75.0,51.0
361,Mike Muscala,BOS,49,23,26,14.8,6.3,0.2,50.0,4.3,39.9,0.5,58.8,1.1,60.6,0.0,50.0,0.4,50.0,57.7
362,Miles McBride,NYK,50,29,21,12.0,3.2,0.4,29.6,1.7,31.9,0.5,23.8,0.2,71.4,0.0,0.0,0.2,83.3,42.7
363,Mitchell Robinson,NYK,43,26,17,27.2,7.5,0.0,0.0,0.0,0.0,0.0,0.0,7.1,71.4,0.2,33.3,0.0,25.0,70.7
364,Mo Bamba,LAL,46,22,24,16.5,7.0,0.2,33.3,3.3,40.9,0.1,11.1,2.9,66.7,0.2,20.0,0.4,61.5,59.3
365,Monte Morris,WAS,51,25,26,28.1,10.4,3.1,52.7,2.7,41.2,3.9,47.3,0.1,33.3,0.0,0.0,0.1,100.0,56.5
366,Montrezl Harrell,PHI,51,32,19,12.3,5.5,0.3,41.7,0.1,28.6,0.0,16.7,3.2,63.5,0.7,60.0,0.8,57.1,60.2
367,Moritz Wagner,ORL,43,21,22,20.6,11.0,1.7,53.5,3.1,33.3,0.0,0.0,3.7,63.8,0.3,57.1,1.7,61.7,55.8
368,Moses Brown,LAC,34,16,18,8.5,4.6,0.1,100.0,0.0,0.0,0.0,0.0,3.7,63.5,0.2,66.7,0.9,86.7,63.5
369,Moses Moody,GSW,49,26,23,13.3,4.5,1.0,61.5,2.1,33.3,0.4,40.0,0.5,68.8,0.0,0.0,0.2,75.0,53.4
370,Moussa Diabate,LAC,18,8,10,9.5,2.9,0.3,50.0,0.3,66.7,0.0,0.0,1.8,51.7,0.0,0.0,0.1,25.0,53.8
371,Myles Turner,IND,54,25,29,30.0,18.1,1.9,62.7,5.2,40.6,0.8,39.1,7.2,66.7,1.8,55.1,2.6,55.9,61.7
372,Naji Marshall,NOP,59,29,30,24.7,9.5,3.6,46.4,2.9,33.5,0.8,32.8,0.7,52.8,0.1,100.0,0.3,77.8,49.0
373,Nassir Little,POR,42,20,22,17.2,6.3,1.5,50.0,2.6,38.3,1.6,48.3,0.4,53.8,0.0,0.0,0.2,66.7,57.9
374,Nathan Knight,MIN,34,16,18,8.1,3.8,1.1,66.7,0.6,38.9,0.1,25.0,1.0,54.5,0.1,33.3,0.3,80.0,62.7
375,Naz Reid,MIN,57,27,30,18.1,10.7,2.2,62.7,3.1,34.5,0.2,17.4,2.6,69.4,0.5,46.2,1.3,58.0,59.6
376,Neemias Queta,SAC,4,1,3,6.1,3.0,0.0,0.0,0.0,0.0,0.0,0.0,2.5,71.4,0.0,0.0,0.5,100.0,75.0
377,Nerlens Noel,DET,14,2,12,10.8,2.3,0.1,0.0,0.8,41.7,0.1,25.0,0.8,29.4,0.0,0.0,0.1,10.0,41.7
378,Nic Claxton,BKN,59,31,28,29.3,12.3,1.6,55.6,0.0,25.0,0.1,66.7,8.2,77.0,0.1,20.0,1.5,60.6,70.6
379,Nick Richards,CHA,50,15,35,17.5,7.8,0.2,50.0,0.1,42.9,0.0,0.0,5.3,60.7,0.3,30.0,1.2,58.3,60.8
380,Nickeil Alexander-Walker,MIN,42,20,22,14.7,6.3,1.9,46.9,2.0,41.2,1.7,44.4,0.2,80.0,0.0,0.0,0.1,33.3,58.3
381,Nicolas Batum,LAC,62,33,29,22.2,6.3,0.1,50.0,4.5,38.1,0.3,46.7,0.7,62.5,0.0,0.0,0.2,100.0,58.3
382,Nikola Jokic,DEN,56,42,14,33.6,24.5,2.9,68.2,3.7,49.1,1.3,52.4,8.6,70.7,5.1,64.9,5.4,69.5,66.1
383,Nikola Jovic,MIA,15,7,8,13.6,5.5,0.0,0.0,2.0,26.8,0.0,0.0,1.5,66.7,0.0,0.0,1.2,85.7,46.4
384,Nikola Vucevic,CHI,63,28,35,33.8,17.7,1.3,60.0,6.9,39.3,0.7,31.8,6.0,71.4,2.8,53.3,2.3,63.8,57.2
385,Noah Vonleh,BOS,23,17,6,7.5,1.1,0.3,50.0,0.1,33.3,0.1,33.3,0.7,57.1,0.0,0.0,0.0,0.0,47.9
386,Norman Powell,LAC,54,27,27,25.8,16.6,5.4,53.6,4.6,42.8,3.1,39.1,0.5,57.1,0.0,0.0,0.1,20.0,56.1
387,O.G. Anunoby,TOR,50,24,26,35.8,16.6,3.5,39.9,5.3,38.2,1.6,32.2,2.4,63.4,0.6,42.3,0.6,70.0,52.6
388,Obi Toppin,NYK,50,28,22,14.7,6.1,0.5,38.5,3.2,35.3,0.3,22.7,1.4,53.6,0.0,25.0,0.3,62.5,50.7
389,Ochai Agbaji,UTA,41,23,18,16.0,5.2,0.7,50.0,2.9,37.9,0.2,37.5,0.7,72.2,0.0,0.0,0.2,75.0,58.6
390,Onyeka Okongwu,ATL,61,32,29,23.8,9.2,0.4,47.8,0.9,47.2,0.1,33.3,6.3,70.7,0.4,61.1,2.1,57.0,63.3
391,Orlando Robinson,MIA,29,17,12,13.7,3.9,0.1,100.0,0.0,0.0,0.0,0.0,2.8,57.1,0.1,33.3,0.7,47.4,53.5
392,Oshae Brissett,IND,49,21,28,16.0,5.5,1.3,37.0,2.3,33.3,0.2,25.0,0.9,60.0,0.0,0.0,0.3,54.5,47.7
393,Otto Porter Jr.,TOR,8,4,4,18.3,5.5,0.0,0.0,2.3,37.5,0.5,33.3,2.0,100.0,0.5,100.0,0.0,0.0,60.0
394,Ousmane Dieng,OKC,20,9,11,15.3,4.4,0.6,35.7,2.0,29.5,0.0,0.0,1.0,75.0,0.0,0.0,0.6,100.0,50.0
395,P.J. Tucker,PHI,60,38,22,26.0,3.6,0.0,33.3,2.4,43.4,0.1,14.3,0.8,44.7,0.0,0.0,0.1,57.1,55.9
396,P.J. Washington,CHA,60,18,42,32.9,15.3,3.1,44.6,5.2,34.4,2.0,37.2,2.4,63.8,0.7,45.0,1.6,55.1,52.1
397,PJ Dozier,SAC,6,6,0,1.8,0.8,0.0,0.0,0.0,0.0,0.5,50.0,0.0,0.0,0.0,0.0,0.3,100.0,62.5
398,Paolo Banchero,ORL,57,24,33,33.7,19.9,6.4,44.3,1.9,27.7,4.5,34.7,2.3,63.0,0.9,38.5,0.8,46.7,45.7
399,Pascal Siakam,TOR,54,26,28,37.5,25.0,8.6,46.1,3.4,32.6,5.7,42.0,3.3,66.1,2.0,57.1,1.0,52.2,51.3
400,Pat Connaughton,MIL,44,31,13,25.0,8.3,1.0,48.6,5.6,33.9,0.5,50.0,0.8,53.1,0.0,0.0,0.1,75.0,52.3
401,Patrick Baldwin Jr.,GSW,21,9,12,8.7,5.2,0.6,50.0,4.0,41.8,0.3,22.2,0.2,40.0,0.0,0.0,0.0,0.0,59.7
402,Patrick Beverley,CHI,50,24,26,27.0,6.2,1.7,51.7,2.9,32.0,0.9,48.7,0.3,58.3,0.0,0.0,0.2,62.5,51.1
403,Patrick Williams,CHI,63,28,35,28.8,10.1,1.4,41.7,4.0,40.9,1.5,38.3,1.8,66.2,0.2,38.5,0.4,44.0,54.2
404,Patty Mills,BKN,37,18,19,13.1,5.6,0.8,61.9,2.7,35.9,1.5,40.7,0.1,50.0,0.0,0.0,0.1,33.3,53.1
405,Paul George,LAC,49,27,22,34.2,23.3,5.9,52.8,5.2,40.2,7.8,39.4,1.2,78.1,0.6,48.0,0.8,47.4,54.0
406,Paul Reed,PHI,49,30,19,9.9,3.3,0.2,44.4,0.2,30.8,0.0,25.0,2.3,64.9,0.0,0.0,0.4,61.1,58.7
407,Payton Pritchard,BOS,44,30,14,12.4,4.7,0.6,33.3,2.3,38.2,0.9,28.8,0.5,90.9,0.0,0.0,0.1,75.0,50.0
408,Peyton Watson,DEN,14,9,5,3.2,1.6,0.7,71.4,0.4,50.0,0.1,33.3,0.0,0.0,0.0,0.0,0.1,100.0,57.9
409,Precious Achiuwa,TOR,40,22,18,22.7,9.9,2.0,45.5,1.6,26.5,0.3,20.0,3.6,66.0,0.1,40.0,0.9,45.5,51.1
410,Quentin Grimes,NYK,54,32,22,29.5,10.0,1.6,52.5,5.2,37.0,0.6,25.5,0.6,73.7,0.0,0.0,0.4,66.7,56.6
411,Quenton Jackson,WAS,3,2,1,2.6,1.7,0.0,0.0,1.0,50.0,0.0,0.0,0.0,0.0,0.0,0.0,0.0,0.0,83.3
412,R.J. Hampton,DET,29,7,22,13.7,5.2,1.9,50.0,1.4,34.1,0.8,27.3,0.4,80.0,0.0,0.0,0.1,66.7,49.6
413,RJ Barrett,NYK,58,33,25,33.9,19.4,8.0,45.9,5.0,34.6,1.2,24.2,1.7,66.2,0.5,35.5,1.0,60.0,48.6
414,Raul Neto,CLE,41,27,14,10.2,3.1,1.3,60.5,0.7,33.3,0.5,52.9,0.2,80.0,0.0,0.0,0.0,100.0,58.4
415,Reggie Bullock,DAL,62,32,30,30.5,7.1,0.2,35.7,5.7,38.6,0.2,21.4,0.5,100.0,0.0,0.0,0.2,83.3,56.3
416,Reggie Jackson,DEN,57,32,25,25.2,10.5,3.8,47.1,3.7,39.7,2.6,35.1,0.2,35.3,0.0,0.0,0.2,57.1,48.2
417,Richaun Holmes,SAC,35,18,17,8.7,3.2,0.2,50.0,0.6,69.2,0.0,0.0,1.7,64.3,0.2,75.0,1.0,76.2,70.3
418,Ricky Rubio,CLE,17,11,6,16.1,5.1,1.2,34.8,1.9,31.4,1.8,36.8,0.0,0.0,0.0,0.0,0.0,0.0,39.3
419,Robert Covington,LAC,38,15,23,16.4,5.7,0.8,47.6,3.0,34.9,0.2,27.3,1.1,58.8,0.0,0.0,0.0,0.0,52.2
420,Robert Williams III,BOS,28,18,10,24.2,8.4,0.1,0.0,0.2,60.0,0.0,0.0,7.3,76.6,0.1,66.7,0.4,50.0,75.0
421,Robin Lopez,CLE,32,23,9,7.7,2.8,0.2,50.0,0.3,75.0,0.1,100.0,1.3,66.7,0.5,53.3,0.6,50.0,67.2
422,Rodney McGruder,DET,23,3,20,11.5,3.3,0.1,9.1,1.8,35.0,0.5,33.3,0.4,83.3,0.0,0.0,0.1,100.0,50.0
423,Romeo Langford,SAS,31,10,21,20.3,7.3,2.9,46.3,1.3,33.3,1.2,46.2,1.5,73.3,0.0,0.0,0.3,50.0,52.0
424,Ron Harper Jr.,TOR,4,2,2,3.5,2.5,0.5,50.0,1.5,66.7,0.0,0.0,0.5,100.0,0.0,0.0,0.0,0.0,71.4
425,Royce O'Neale,BKN,60,32,28,32.8,8.9,1.2,32.1,5.6,39.5,1.1,35.4,0.4,50.0,0.0,0.0,0.1,50.0,52.6
426,Rudy Gay,UTA,48,25,23,14.5,4.9,1.0,47.2,1.5,26.3,1.2,38.6,0.8,48.1,0.4,47.6,0.4,85.7,42.4
427,Rudy Gobert,MIN,53,25,28,30.4,13.6,0.7,55.6,0.1,30.0,0.0,0.0,10.7,69.9,0.8,72.7,2.4,61.8,67.7
428,Rui Hachimura,LAL,46,25,21,24.4,11.9,2.4,45.0,3.0,35.5,2.7,47.4,2.0,61.5,0.9,48.4,0.5,50.0,51.9
429,Russell Westbrook,LAC,57,25,32,28.9,16.0,6.5,49.1,2.4,31.9,2.9,32.1,1.4,60.0,0.5,50.0,0.3,35.3,46.9
430,Ryan Arcidiacono,POR,14,8,6,5.0,0.9,0.0,0.0,0.9,44.4,0.0,0.0,0.0,0.0,0.0,0.0,0.0,0.0,42.9
431,Ryan Rollins,GSW,12,5,7,5.2,1.9,0.3,20.0,0.8,37.5,0.0,0.0,0.2,50.0,0.0,0.0,0.0,0.0,42.5
432,Saben Lee,PHX,21,13,8,14.1,5.5,2.5,48.5,0.9,50.0,0.4,26.7,0.2,50.0,0.0,0.0,0.0,0.0,48.2
433,Saddiq Bey,ATL,57,15,42,28.5,14.3,4.2,45.3,4.6,38.0,2.2,30.4,0.9,52.6,0.7,48.3,0.4,53.3,49.7
434,Sam Hauser,BOS,62,43,19,15.5,6.2,0.3,61.5,4.7,42.9,0.4,31.0,0.5,69.6,0.0,0.0,0.1,50.0,63.2
435,Sandro Mamukelashvili,SAS,24,17,7,9.0,2.4,0.4,60.0,0.9,21.2,0.0,0.0,0.8,56.3,0.0,0.0,0.0,0.0,38.8
436,Santi Aldama,MEM,59,35,24,21.9,9.2,1.2,51.8,3.7,36.9,0.4,33.3,2.1,65.4,0.2,45.5,0.5,63.2,56.6
437,Scottie Barnes,TOR,61,29,32,35.3,15.4,3.9,46.9,2.3,30.2,1.8,30.3,3.9,57.3,1.2,47.7,1.0,49.0,48.5
438,Scotty Pippen Jr.,LAL,6,1,5,5.3,2.3,1.2,50.0,0.0,0.0,0.5,20.0,0.0,0.0,0.0,0.0,0.0,0.0,37.5
439,Serge Ibaka,MIL,16,11,5,11.6,4.1,0.5,57.1,1.1,30.0,0.3,40.0,1.9,66.7,0.0,0.0,0.3,50.0,53.7
440,Seth Curry,BKN,45,28,17,21.9,10.1,1.6,55.4,3.9,40.0,4.2,50.6,0.1,66.7,0.0,0.0,0.0,33.3,57.3
441,Shaedon Sharpe,POR,62,28,34,20.4,7.9,1.3,52.1,2.4,40.5,1.6,33.3,1.6,74.6,0.0,0.0,0.3,60.0,53.8
442,Shai Gilgeous-Alexander,OKC,54,25,29,35.5,31.0,17.0,50.7,0.9,36.0,9.1,46.3,1.4,71.2,1.3,57.9,0.9,74.1,52.8
443,Shake Milton,PHI,58,40,18,20.4,8.7,3.2,44.9,1.9,40.6,1.3,37.0,0.8,73.1,0.0,0.0,0.2,75.0,54.9
444,Simone Fontecchio,UTA,35,19,16,10.6,4.1,0.7,57.1,2.0,31.5,0.7,29.0,0.2,18.2,0.1,0.0,0.1,66.7,44.2
445,Spencer Dinwiddie,BKN,62,31,31,34.1,17.5,7.0,49.2,3.8,43.1,5.4,37.9,0.1,50.0,0.4,69.2,0.1,66.7,54.3
446,Stanley Johnson,SAS,29,5,24,15.8,5.9,1.6,51.6,1.8,47.4,0.8,45.5,0.4,41.7,0.1,100.0,0.2,50.0,60.3
447,Stanley Umude,DET,1,0,1,2.1,2.0,2.0,0.0,0.0,0.0,0.0,0.0,0.0,0.0,0.0,0.0,0.0,0.0,0.0
448,Stephen Curry,GSW,37,19,18,34.9,29.8,6.6,59.1,6.4,38.5,11.2,45.9,1.2,80.0,0.0,0.0,0.7,91.7,61.9
449,Sterling Brown,LAL,4,2,2,6.1,0.0,0.0,0.0,0.0,0.0,0.0,0.0,0.0,0.0,0.0,0.0,0.0,0.0,0.0
450,Steven Adams,MEM,42,28,14,27.0,8.6,0.8,57.7,0.1,33.3,0.0,0.0,6.0,59.6,0.8,68.8,1.4,57.8,59.7
451,Svi Mykhailiuk,CHA,16,10,6,5.5,2.3,0.1,0.0,0.8,36.4,0.8,57.1,0.1,100.0,0.0,0.0,0.0,0.0,57.1
452,T.J. McConnell,IND,61,26,35,19.7,7.7,5.0,52.4,0.6,35.1,2.0,51.9,0.2,62.5,0.0,0.0,0.0,20.0,54.8
453,T.J. Warren,PHX,29,18,11,17.9,8.8,1.8,40.4,2.1,43.1,2.7,47.0,1.3,65.4,0.1,40.0,0.5,63.6,54.5
454,Taj Gibson,WAS,39,18,21,10.1,3.5,0.1,66.7,0.6,30.0,0.3,62.5,2.0,66.7,0.2,30.8,0.7,50.0,55.3
455,Talen Horton-Tucker,UTA,50,25,25,17.4,7.9,4.5,50.9,1.3,25.6,1.7,35.4,0.3,35.3,0.0,0.0,0.1,66.7,45.8
456,Tari Eason,HOU,62,13,49,19.9,8.9,1.8,36.6,2.0,35.3,0.2,20.0,2.7,59.4,0.1,50.0,0.4,36.8,49.1
457,Taurean Prince,MIN,39,23,16,21.3,8.6,2.0,55.4,3.6,40.9,1.2,41.2,0.6,90.9,0.0,0.0,0.1,50.0,58.5
458,Terance Mann,LAC,65,33,32,23.4,9.0,2.4,51.7,2.1,38.8,1.6,45.2,1.5,71.0,0.1,100.0,0.3,66.7,59.8
459,Terence Davis,SAC,49,29,20,13.7,7.0,0.9,45.5,2.9,35.8,1.5,39.1,0.6,76.5,0.0,0.0,0.0,100.0,55.5
460,Terrence Ross,PHX,45,17,28,22.4,8.1,1.8,52.2,3.7,38.3,2.9,45.0,0.0,100.0,0.0,0.0,0.1,40.0,53.4
461,Terry Rozier,CHA,54,16,38,35.7,21.4,6.9,43.9,4.3,35.8,7.1,36.5,0.5,36.4,0.0,0.0,0.3,28.6,48.5
462,Terry Taylor,CHI,28,10,18,8.3,2.6,0.8,52.6,0.4,23.5,0.1,20.0,0.9,70.6,0.0,0.0,0.1,50.0,50.7
463,Thaddeus Young,TOR,51,22,29,15.3,4.7,0.5,60.0,0.4,18.9,0.1,33.3,2.7,73.6,0.6,53.8,0.3,34.8,57.0
464,Thanasis Antetokounmpo,MIL,28,20,8,4.0,0.6,0.1,20.0,0.0,0.0,0.0,0.0,0.3,42.9,0.1,100.0,0.0,0.0,27.3
465,Theo Maledon,CHA,36,10,26,16.1,5.6,2.5,43.9,1.4,48.6,1.1,32.7,0.2,100.0,0.0,0.0,0.0,0.0,48.1
466,Theo Pinson,DAL,33,16,17,7.2,1.9,0.2,42.9,1.2,35.1,0.2,50.0,0.1,25.0,0.0,0.0,0.1,50.0,46.6
467,Thomas Bryant,DEN,49,28,21,19.9,10.9,0.3,75.0,2.3,47.9,0.1,33.3,6.2,70.2,0.5,50.0,1.9,61.9,66.9
468,Tim Hardaway Jr.,DAL,58,33,25,30.0,13.9,1.7,34.7,7.1,37.7,3.0,36.2,0.6,68.4,0.0,50.0,0.3,63.6,50.2
469,Tobias Harris,PHI,58,37,21,33.7,15.2,3.6,50.3,4.9,37.3,2.0,44.1,1.8,79.0,1.2,50.0,0.5,50.0,57.5
470,Tony Bradley,CHI,11,4,7,2.9,1.7,0.0,0.0,0.8,50.0,0.0,0.0,0.2,50.0,0.0,0.0,0.0,0.0,68.2
471,Torrey Craig,PHX,61,34,27,25.6,7.6,0.8,39.2,3.9,40.8,0.2,15.8,2.2,63.5,0.0,0.0,0.5,50.0,55.0
472,Trae Young,ATL,56,30,26,35.2,27.0,11.3,46.4,1.4,34.2,9.6,37.8,0.6,86.7,0.0,0.0,0.2,71.4,48.4
473,Tre Jones,SAS,52,15,37,29.1,12.4,6.1,42.3,1.8,29.9,2.8,34.4,0.3,70.0,0.0,0.0,0.2,83.3,45.8
474,Tre Mann,OKC,57,26,31,18.0,7.8,2.4,41.1,1.6,33.0,3.5,36.6,0.3,44.4,0.0,0.0,0.1,60.0,46.8
475,Trendon Watford,POR,47,22,25,17.0,5.7,2.3,66.7,1.1,42.9,0.3,44.4,1.1,63.9,0.2,57.1,0.6,63.2,61.8
476,Trent Forrest,ATL,18,6,12,13.3,2.8,1.9,48.6,0.0,0.0,0.8,53.8,0.4,80.0,0.0,0.0,0.2,100.0,48.0
477,Trevelin Queen,IND,7,2,5,10.0,3.0,0.3,33.3,0.4,20.0,0.4,9.1,0.9,50.0,0.0,0.0,0.0,0.0,27.6
478,Trevor Hudgins,HOU,5,0,5,5.7,1.8,0.0,0.0,1.2,66.7,0.0,0.0,0.0,0.0,0.0,0.0,0.0,0.0,33.3
479,Trevor Keels,NYK,2,2,0,1.9,1.5,0.0,0.0,1.5,33.3,0.0,0.0,0.0,0.0,0.0,0.0,0.0,0.0,50.0
480,Trey Lyles,SAC,56,34,22,16.3,7.5,1.6,58.5,3.2,37.8,0.3,26.3,1.6,63.0,0.1,40.0,0.1,25.0,58.2
481,Trey Murphy III,NOP,61,28,33,29.3,12.7,1.9,49.4,6.1,38.5,0.7,30.8,1.7,79.3,0.0,0.0,0.5,68.8,58.7
482,Troy Brown Jr.,LAL,58,27,31,24.2,7.1,0.8,45.5,3.5,37.1,0.8,37.7,1.1,56.4,0.0,0.0,0.3,35.7,54.2
483,Ty Jerome,GSW,42,20,22,18.5,7.1,3.2,51.4,1.6,36.7,2.0,45.6,0.3,100.0,0.0,0.0,0.1,75.0,56.2
484,TyTy Washington Jr.,HOU,27,3,24,14.5,4.9,2.2,51.9,1.2,22.0,2.0,35.7,0.1,50.0,0.0,0.0,0.1,33.3,41.2
485,Tyler Dorsey,DAL,3,2,1,2.8,3.0,0.0,0.0,1.0,50.0,2.0,100.0,0.0,0.0,0.0,0.0,0.7,100.0,90.0
486,Tyler Herro,MIA,50,26,24,35.3,20.4,6.7,51.1,4.6,38.3,8.1,38.0,0.7,62.5,0.0,100.0,0.3,63.6,52.2
487,Tyrese Haliburton,IND,51,26,25,33.6,20.1,7.4,52.3,2.2,40.7,8.3,41.4,0.3,58.3,0.0,0.0,0.2,66.7,57.8
488,Tyrese Martin,ATL,13,8,5,3.5,1.2,0.2,0.0,0.0,0.0,0.4,50.0,0.0,0.0,0.0,0.0,0.2,100.0,40.6
489,Tyrese Maxey,PHI,43,27,16,32.7,19.9,7.1,48.0,4.5,41.3,5.4,40.1,0.2,44.4,0.0,0.0,0.2,66.7,53.3
490,Tyus Jones,MEM,62,38,24,22.6,9.6,3.3,48.1,3.1,37.4,3.5,42.7,0.0,33.3,0.0,0.0,0.0,100.0,51.5
491,Udoka Azubuike,UTA,26,14,12,5.9,1.9,0.0,0.0,0.0,0.0,0.0,0.0,1.7,88.0,0.1,100.0,0.2,50.0,82.8
492,Udonis Haslem,MIA,6,3,3,7.9,0.5,0.0,0.0,0.3,14.3,0.0,0.0,0.0,0.0,0.0,0.0,0.2,0.0,8.3
493,Usman Garuba,HOU,55,12,43,13.5,3.2,0.1,33.3,0.9,51.5,0.0,0.0,1.7,52.5,0.0,0.0,0.3,42.9,58.7
494,Vernon Carey Jr.,WAS,11,8,3,2.6,0.5,0.0,0.0,0.0,0.0,0.0,0.0,0.5,50.0,0.2,100.0,0.0,0.0,25.0
495,Victor Oladipo,MIA,31,18,13,27.3,10.3,3.4,47.8,2.6,29.7,3.2,37.2,0.3,44.4,0.0,0.0,0.1,0.0,46.6
496,Vince Williams Jr.,MEM,11,6,5,4.7,0.9,0.0,0.0,0.5,20.0,0.0,0.0,0.4,66.7,0.0,0.0,0.0,0.0,35.7
497,Vit Krejci,ATL,22,11,11,5.6,1.3,0.2,33.3,0.4,21.4,0.4,50.0,0.1,100.0,0.0,0.0,0.0,0.0,46.6
498,Vlatko Cancar,DEN,48,33,15,16.5,5.8,0.4,32.0,2.6,41.2,0.2,30.8,1.5,74.4,0.3,45.5,0.5,72.7,60.0
499,Walker Kessler,UTA,61,29,32,21.9,8.3,0.1,66.7,0.1,66.7,0.0,0.0,6.7,74.3,0.1,66.7,1.1,61.2,71.5
500,Wendell Carter Jr.,ORL,44,19,25,29.6,15.0,2.5,60.9,4.3,35.2,1.0,43.1,5.9,68.7,0.7,64.7,1.5,56.6,57.5
501,Wendell Moore Jr.,MIN,24,13,11,5.8,1.5,0.4,100.0,0.1,7.1,0.1,25.0,0.3,66.7,0.0,0.0,0.2,100.0,43.2
502,Wenyen Gabriel,LAL,50,24,26,15.0,6.0,0.3,75.0,0.6,28.6,0.1,50.0,3.7,68.1,0.1,75.0,0.9,61.8,63.3
503,Wesley Matthews,MIL,39,29,10,15.6,3.2,0.4,30.0,2.1,31.8,0.4,40.0,0.3,45.5,0.0,0.0,0.1,0.0,46.2
504,Will Barton,TOR,42,19,23,18.9,7.3,1.6,35.6,2.6,42.0,2.2,33.6,0.3,83.3,0.0,0.0,0.1,20.0,47.2
505,Willy Hernangomez,NOP,32,17,15,13.1,7.5,0.5,57.1,0.3,21.4,0.0,0.0,4.6,58.5,0.4,23.1,1.2,58.3,52.6
506,Xavier Tillman,MEM,43,27,16,16.4,5.7,0.4,56.3,0.5,36.0,0.3,58.3,3.1,61.8,0.0,33.3,1.3,56.5,60.6
507,Yuta Watanabe,BKN,44,23,21,17.7,6.5,0.6,44.0,3.6,49.5,0.1,21.4,0.8,66.7,0.0,0.0,0.1,60.0,65.7
508,Zach Collins,SAS,51,15,36,21.9,10.4,1.0,56.8,2.8,37.8,0.1,21.4,4.1,66.2,2.1,54.9,2.1,67.1,57.0
509,Zach LaVine,CHI,59,27,32,35.9,24.3,7.4,52.9,4.7,44.3,7.0,37.3,1.2,79.1,0.1,20.0,0.3,50.0,55.2
510,Zeke Nnaji,DEN,43,29,14,13.5,5.2,0.0,50.0,1.0,30.4,0.0,0.0,3.2,67.4,0.4,63.6,0.5,72.7,61.5
511,Ziaire Williams,MEM,31,19,12,16.0,5.4,0.7,45.0,1.4,20.5,1.2,45.7,1.5,76.9,0.0,0.0,0.2,33.3,47.2
512,Zion Williamson,NOP,29,17,12,33.0,26.0,12.5,58.3,0.6,37.5,0.5,31.8,5.2,72.3,2.7,58.8,1.8,73.3,61.5
