,PLAYER,TEAM,GP,W,L,MIN,Dist. Feet,Dist. Miles,Dist. Miles Off,Dist. Miles Def,Avg Speed,Avg Speed Off,Avg Speed Def
0,A.J. Lawson,DAL,13,5,8,4.8,2070.5,0.39,0.2,0.19,4.49,4.76,4.23
1,AJ Green,MIL,32,25,7,9.4,3886.1,0.74,0.41,0.33,4.36,4.73,3.94
2,AJ Griffin,ATL,65,30,35,19.4,8348.6,1.58,0.85,0.73,4.56,4.95,4.18
3,Aaron Gordon,DEN,61,42,19,30.1,11284.8,2.14,1.11,1.02,3.99,4.22,3.77
4,Aaron Holiday,ATL,56,29,27,13.7,5550.3,1.05,0.54,0.51,4.28,4.38,4.19
5,Aaron Nesmith,IND,64,28,36,24.8,10182.6,1.93,1.0,0.93,4.38,4.66,4.11
6,Aaron Wiggins,OKC,60,33,27,18.4,7912.1,1.5,0.8,0.7,4.56,4.94,4.2
7,Admiral Schofield,ORL,31,12,19,11.9,4812.6,0.91,0.49,0.42,4.3,4.55,4.06
8,Al Horford,BOS,57,40,17,30.9,11407.6,2.16,1.14,1.02,3.94,4.2,3.68
9,Alec Burks,DET,50,12,38,22.0,8408.5,1.59,0.84,0.76,4.04,4.26,3.83
10,Aleksej Pokusevski,OKC,31,15,16,21.9,8825.7,1.67,0.93,0.74,4.31,4.96,3.71
11,Alex Caruso,CHI,58,26,32,24.1,9932.4,1.88,0.98,0.9,4.36,4.72,4.03
12,Alex Len,SAC,18,12,6,3.2,1303.1,0.25,0.14,0.11,4.22,4.64,3.97
13,Alize Johnson,SAS,4,1,3,7.4,3226.5,0.61,0.34,0.27,4.52,5.03,4.03
14,Alondes Williams,BKN,1,1,0,5.3,2184.0,0.41,0.23,0.18,4.27,3.78,4.91
15,Alperen Sengun,HOU,66,14,52,28.6,10313.7,1.95,1.04,0.91,3.85,3.93,3.77
16,Amir Coffey,LAC,45,23,22,13.2,5043.0,0.96,0.5,0.46,4.03,4.11,3.94
17,Andre Drummond,CHI,59,27,32,12.7,4885.5,0.93,0.46,0.46,4.05,4.24,3.88
18,Andre Iguodala,GSW,7,2,5,13.5,5315.9,1.01,0.56,0.45,4.15,4.66,3.65
19,Andrew Nembhard,IND,66,30,36,27.2,11082.6,2.1,1.09,1.01,4.32,4.62,4.03
20,Andrew Wiggins,GSW,36,18,18,32.3,12314.7,2.33,1.22,1.12,4.07,4.38,3.77
21,Anfernee Simons,POR,62,27,35,35.0,13611.3,2.58,1.44,1.14,4.13,4.52,3.72
22,Anthony Davis,LAL,47,24,23,33.7,11879.8,2.25,1.2,1.05,3.77,4.03,3.5
23,Anthony Edwards,MIN,71,35,36,36.0,13501.0,2.56,1.36,1.2,3.97,4.31,3.65
24,Anthony Gill,WAS,50,18,32,9.8,3951.6,0.75,0.41,0.34,4.24,4.59,3.9
25,Anthony Lamb,GSW,53,29,24,20.0,8263.8,1.57,0.88,0.69,4.37,4.95,3.8
26,Austin Reaves,LAL,55,28,27,28.0,10899.3,2.06,1.12,0.95,4.14,4.47,3.8
27,Austin Rivers,MIN,52,25,27,19.5,7451.3,1.41,0.72,0.69,4.03,4.17,3.9
28,Ayo Dosunmu,CHI,69,33,36,26.9,11072.4,2.1,1.08,1.02,4.39,4.66,4.14
29,Bam Adebayo,MIA,69,37,32,35.2,13174.6,2.5,1.34,1.16,3.97,4.24,3.7
30,Ben Simmons,BKN,42,24,18,26.3,9716.2,1.84,0.97,0.87,3.93,4.32,3.58
31,Bennedict Mathurin,IND,69,31,38,27.8,11096.3,2.1,1.11,0.99,4.21,4.51,3.91
32,Bismack Biyombo,PHX,52,26,26,13.8,5317.9,1.01,0.53,0.47,4.09,4.25,3.92
33,Blake Griffin,BOS,34,21,13,14.3,5134.0,0.97,0.53,0.45,3.83,3.99,3.64
34,Blake Wesley,SAS,27,6,21,17.5,7526.2,1.43,0.79,0.64,4.55,4.98,4.11
35,Boban Marjanovic,HOU,25,4,21,4.7,1684.0,0.32,0.16,0.16,3.73,3.97,3.52
36,Bobby Portis,MIL,61,41,20,25.9,10461.4,1.98,1.08,0.91,4.29,4.6,3.98
37,Bogdan Bogdanovic,ATL,47,23,24,28.3,11257.9,2.13,1.18,0.96,4.21,4.71,3.72
38,Bojan Bogdanovic,DET,58,15,43,32.0,12375.1,2.34,1.29,1.06,4.1,4.47,3.74
39,Bol Bol,ORL,67,26,41,21.4,8351.8,1.58,0.82,0.76,4.15,4.32,3.98
40,Bones Hyland,LAC,47,30,17,19.0,7403.5,1.4,0.77,0.63,4.14,4.49,3.78
41,Bradley Beal,WAS,50,24,26,33.5,12923.5,2.45,1.39,1.05,4.1,4.47,3.7
42,Brandon Boston Jr.,LAC,21,8,13,11.8,4740.6,0.9,0.48,0.42,4.23,4.48,3.94
43,Brandon Clarke,MEM,56,32,24,19.5,8108.9,1.54,0.81,0.73,4.37,4.68,4.07
44,Brandon Ingram,NOP,35,16,19,33.1,12106.7,2.29,1.26,1.03,3.87,4.29,3.46
45,Braxton Key,DET,3,0,3,3.0,1299.0,0.25,0.11,0.13,4.19,4.91,3.77
46,Brook Lopez,MIL,70,51,19,30.6,11091.6,2.1,1.12,0.98,3.87,4.13,3.62
47,Bruce Brown,DEN,72,49,23,28.1,10714.5,2.03,1.1,0.93,4.04,4.37,3.71
48,Bruno Fernando,ATL,35,11,24,10.7,4097.7,0.78,0.43,0.35,4.06,4.39,3.68
49,Bryce McGowens,CHA,37,12,25,14.5,5855.1,1.11,0.58,0.52,4.24,4.53,3.95
50,Bryn Forbes,MIN,25,9,16,10.7,4362.0,0.83,0.44,0.39,4.31,4.75,3.87
51,Buddy Boeheim,DET,7,1,6,9.8,3891.7,0.74,0.39,0.35,4.17,4.24,4.11
52,Buddy Hield,IND,73,33,40,31.7,13364.5,2.53,1.38,1.15,4.48,5.01,3.98
53,CJ McCollum,NOP,65,31,34,35.1,13996.8,2.65,1.48,1.17,4.24,4.83,3.67
54,Cade Cunningham,DET,12,3,9,33.4,13146.8,2.49,1.39,1.1,4.18,4.67,3.67
55,Caleb Houstan,ORL,43,16,27,15.0,6199.0,1.17,0.63,0.54,4.36,4.66,4.06
56,Caleb Martin,MIA,63,34,29,29.6,12810.8,2.43,1.31,1.11,4.58,4.92,4.24
57,Cam Reddish,POR,37,14,23,24.9,9999.3,1.89,0.98,0.91,4.25,4.42,4.08
58,Cam Thomas,BKN,52,28,24,16.6,6492.8,1.23,0.68,0.55,4.19,4.58,3.8
59,Cameron Johnson,BKN,33,19,14,28.1,11130.7,2.11,1.14,0.96,4.2,4.57,3.83
60,Cameron Payne,PHX,40,21,19,21.2,8262.4,1.56,0.88,0.69,4.13,4.63,3.62
61,Caris LeVert,CLE,68,41,27,30.1,11638.6,2.2,1.2,1.0,4.08,4.33,3.82
62,Carlik Jones,CHI,1,0,1,21.7,8151.0,1.54,0.83,0.71,3.92,4.22,3.63
63,Cedi Osman,CLE,69,43,26,20.6,8018.2,1.52,0.81,0.71,4.09,4.25,3.93
64,Charles Bassey,SAS,35,9,26,14.5,5781.7,1.1,0.58,0.51,4.18,4.51,3.86
65,Chima Moneke,SAC,2,1,1,4.0,1658.0,0.31,0.16,0.15,4.23,4.64,3.88
66,Chimezie Metu,SAC,59,36,23,10.8,4371.8,0.83,0.42,0.41,4.25,4.56,3.96
67,Chris Boucher,TOR,67,33,34,20.0,8049.3,1.52,0.81,0.72,4.25,4.47,4.03
68,Chris Duarte,IND,45,19,26,19.8,8504.5,1.61,0.85,0.76,4.54,4.91,4.18
69,Chris Paul,PHX,51,26,25,32.0,10729.3,2.03,1.13,0.9,3.56,3.92,3.19
70,Chris Silva,DAL,1,1,0,3.0,1536.0,0.29,0.15,0.14,5.07,3.47,3.29
71,Christian Braun,DEN,67,45,22,14.5,5977.5,1.13,0.6,0.53,4.36,4.55,4.15
72,Christian Koloko,TOR,50,24,26,13.9,5705.9,1.08,0.56,0.52,4.34,4.55,4.14
73,Christian Wood,DAL,60,31,29,26.7,9724.9,1.84,0.98,0.86,3.86,3.99,3.73
74,Chuma Okeke,ORL,22,6,16,18.8,7618.3,1.44,0.76,0.68,4.3,4.43,4.18
75,Clint Capela,ATL,57,30,27,26.6,10091.3,1.91,0.99,0.92,4.03,4.22,3.84
76,Coby White,CHI,63,30,33,22.9,8739.8,1.66,0.85,0.8,4.05,4.28,3.83
77,Cody Martin,CHA,7,2,5,19.1,8315.4,1.57,0.84,0.73,4.57,4.86,4.28
78,Cody Zeller,MIA,10,4,6,13.0,5259.6,1.0,0.55,0.45,4.27,4.63,3.91
79,Cole Anthony,ORL,53,24,29,25.6,10671.1,2.02,1.09,0.93,4.41,4.77,4.04
80,Cole Swider,LAL,6,1,5,6.8,2957.3,0.56,0.32,0.24,4.61,4.96,3.95
81,Collin Sexton,UTA,47,24,23,24.0,9124.3,1.73,0.94,0.79,3.99,4.27,3.7
82,Corey Kispert,WAS,65,28,37,27.7,11302.3,2.14,1.2,0.94,4.33,4.75,3.89
83,Cory Joseph,DET,54,11,43,18.5,7639.0,1.45,0.78,0.67,4.36,4.66,4.06
84,D'Angelo Russell,LAL,65,34,31,32.5,12552.1,2.38,1.31,1.07,4.1,4.63,3.61
85,Daishen Nix,HOU,49,12,37,16.6,6332.8,1.2,0.65,0.55,4.01,4.24,3.78
86,Dalano Banton,TOR,27,14,13,9.3,4021.5,0.76,0.4,0.36,4.56,4.86,4.27
87,Dalen Terry,CHI,28,13,15,5.3,2211.9,0.42,0.22,0.2,4.42,4.72,4.2
88,Damian Jones,UTA,32,10,22,9.6,3774.2,0.71,0.36,0.35,4.17,4.44,3.91
89,Damian Lillard,POR,58,27,31,36.3,13547.9,2.57,1.46,1.11,3.96,4.46,3.45
90,Damion Lee,PHX,70,38,32,20.7,8610.0,1.63,0.9,0.73,4.37,4.74,3.98
91,Daniel Gafford,WAS,71,30,41,19.9,7837.2,1.48,0.79,0.69,4.18,4.31,4.04
92,Daniel Theis,IND,7,1,6,15.6,5761.1,1.09,0.57,0.52,3.94,4.11,3.77
93,Danny Green,CLE,9,5,4,9.8,4203.6,0.8,0.42,0.38,4.49,5.0,4.03
94,Danuel House Jr.,PHI,48,33,15,14.3,5858.9,1.11,0.58,0.53,4.32,4.51,4.11
95,Dario Saric,OKC,52,25,27,14.3,5737.1,1.09,0.59,0.5,4.25,4.55,3.94
96,Darius Bazley,PHX,40,18,22,14.5,5880.6,1.11,0.58,0.53,4.32,4.73,3.92
97,Darius Days,HOU,4,0,4,6.3,2579.0,0.49,0.25,0.24,4.37,4.3,4.44
98,Darius Garland,CLE,63,36,27,35.1,13730.9,2.6,1.44,1.16,4.14,4.54,3.73
99,David Duke Jr.,BKN,18,7,11,9.6,3880.7,0.73,0.39,0.34,4.22,4.44,4.0
100,David Roddy,MEM,60,38,22,17.1,6825.7,1.29,0.67,0.62,4.22,4.4,4.04
101,Davion Mitchell,SAC,71,42,29,17.9,7454.8,1.41,0.74,0.67,4.42,4.78,4.09
102,Davis Bertans,DAL,41,19,22,10.6,4329.0,0.82,0.46,0.36,4.3,4.78,3.82
103,Davon Reed,LAL,40,26,14,8.4,3443.1,0.65,0.36,0.29,4.31,4.64,3.95
104,Day'Ron Sharpe,BKN,38,16,22,11.3,4568.4,0.87,0.46,0.4,4.26,4.54,3.98
105,De'Aaron Fox,SAC,65,40,25,34.0,13416.6,2.54,1.36,1.18,4.17,4.64,3.73
106,De'Andre Hunter,ATL,63,34,29,31.9,12151.0,2.3,1.24,1.06,4.05,4.42,3.68
107,De'Anthony Melton,PHI,69,47,22,28.1,11103.2,2.1,1.12,0.98,4.21,4.39,4.02
108,DeAndre Jordan,DEN,35,22,13,14.3,4820.3,0.91,0.49,0.43,3.6,3.72,3.44
109,DeMar DeRozan,CHI,65,32,33,36.5,12835.9,2.43,1.32,1.11,3.8,4.22,3.41
110,Dean Wade,CLE,39,27,12,19.9,7763.5,1.47,0.78,0.69,4.12,4.24,4.0
111,Deandre Ayton,PHX,61,30,31,30.4,11021.7,2.09,1.12,0.97,3.85,4.1,3.6
112,Dejounte Murray,ATL,66,33,33,36.4,14175.9,2.68,1.47,1.22,4.14,4.56,3.73
113,Delon Wright,WAS,44,23,21,23.7,9436.8,1.79,0.98,0.81,4.17,4.39,3.95
114,Deni Avdija,WAS,71,31,40,26.1,10244.3,1.94,1.05,0.89,4.16,4.4,3.9
115,Dennis Schroder,LAL,60,32,28,30.0,11730.0,2.22,1.15,1.07,4.17,4.32,4.01
116,Dennis Smith Jr.,CHA,51,17,34,25.7,10318.1,1.95,1.03,0.92,4.24,4.56,3.93
117,Deonte Burton,SAC,2,1,1,3.3,1447.5,0.27,0.14,0.14,4.05,5.65,4.27
118,Dereon Seabron,NOP,5,2,3,2.3,947.2,0.18,0.09,0.09,4.15,5.21,3.31
119,Derrick Jones Jr.,CHI,54,23,31,13.7,5614.5,1.06,0.55,0.51,4.33,4.72,3.98
120,Derrick Rose,NYK,27,12,15,12.5,5102.2,0.97,0.53,0.44,4.33,4.75,3.92
121,Derrick White,BOS,73,50,23,28.2,10844.3,2.05,1.11,0.95,4.1,4.42,3.78
122,Desmond Bane,MEM,50,32,18,31.4,12481.5,2.36,1.29,1.07,4.21,4.69,3.74
123,Devin Booker,PHX,45,27,18,34.6,13013.5,2.46,1.38,1.09,3.99,4.43,3.55
124,Devin Vassell,SAS,37,12,25,31.2,13130.2,2.49,1.41,1.08,4.46,5.03,3.89
125,Devon Dotson,WAS,6,1,5,8.8,3769.8,0.71,0.38,0.33,4.45,4.71,4.2
126,Devonte' Graham,SAS,67,30,37,17.9,7048.0,1.33,0.74,0.6,4.16,4.57,3.74
127,Dewayne Dedmon,PHI,34,21,13,11.0,4132.1,0.78,0.43,0.35,3.97,4.22,3.74
128,Dillon Brooks,MEM,65,41,24,30.5,11639.5,2.2,1.1,1.11,4.04,4.11,3.98
129,Domantas Sabonis,SAC,70,42,28,34.8,13892.6,2.63,1.38,1.25,4.24,4.58,3.92
130,Dominick Barlow,SAS,19,2,17,12.1,5145.8,0.97,0.53,0.45,4.46,4.85,4.09
131,Donovan Mitchell,CLE,62,40,22,35.5,12510.6,2.37,1.31,1.06,3.73,4.07,3.38
132,Donte DiVincenzo,GSW,63,35,28,26.6,10725.0,2.03,1.11,0.93,4.28,4.72,3.85
133,Dorian Finney-Smith,BKN,58,26,32,31.0,11853.2,2.24,1.19,1.05,4.06,4.19,3.93
134,Doug McDermott,SAS,59,18,41,20.6,8904.8,1.69,0.97,0.72,4.54,5.22,3.86
135,Draymond Green,GSW,64,34,30,31.4,11517.0,2.18,1.16,1.02,3.9,4.29,3.53
136,Drew Eubanks,POR,70,30,40,19.5,7647.4,1.45,0.78,0.67,4.17,4.4,3.92
137,Dru Smith,BKN,10,4,6,12.4,4855.8,0.92,0.49,0.43,4.19,4.5,3.88
138,Duane Washington Jr.,NYK,31,17,14,12.7,5208.3,0.99,0.55,0.43,4.32,4.78,3.86
139,Duncan Robinson,MIA,35,16,19,16.5,6512.2,1.23,0.7,0.53,4.17,4.74,3.59
140,Dwight Powell,DAL,68,35,33,19.9,8047.2,1.52,0.82,0.7,4.32,4.51,4.12
141,Dylan Windler,CLE,2,2,0,4.0,1696.0,0.32,0.17,0.15,3.95,4.1,3.82
142,Dyson Daniels,NOP,50,26,24,18.6,7589.8,1.44,0.76,0.68,4.32,4.66,3.98
143,Edmond Sumner,BKN,48,28,20,14.4,5961.6,1.13,0.6,0.53,4.37,4.67,4.06
144,Eric Gordon,LAC,61,19,42,29.3,10045.0,1.9,1.03,0.87,3.63,3.86,3.4
145,Eugene Omoruyi,DET,33,10,23,14.7,5922.6,1.12,0.59,0.53,4.26,4.55,3.97
146,Evan Fournier,NYK,23,13,10,18.0,7313.8,1.39,0.74,0.64,4.32,4.61,4.02
147,Evan Mobley,CLE,72,44,28,34.3,13198.3,2.5,1.34,1.16,4.08,4.34,3.81
148,Facundo Campazzo,DAL,8,2,6,6.5,2680.9,0.51,0.28,0.23,4.34,4.68,3.8
149,Frank Jackson,UTA,1,0,1,5.0,1939.0,0.37,0.18,0.19,4.48,6.22,3.49
150,Frank Kaminsky,HOU,33,12,21,6.4,2416.7,0.46,0.25,0.21,3.95,4.25,3.65
151,Frank Ntilikina,DAL,43,19,24,11.5,4419.4,0.84,0.44,0.4,4.05,4.24,3.86
152,Franz Wagner,ORL,72,29,43,33.0,13891.3,2.63,1.43,1.2,4.46,4.95,4.0
153,Fred VanVleet,TOR,61,29,32,37.1,14666.1,2.78,1.56,1.22,4.19,4.67,3.69
154,Furkan Korkmaz,PHI,30,22,8,9.2,3745.8,0.71,0.39,0.32,4.27,4.63,3.89
155,Gabe Vincent,MIA,60,33,27,26.2,10304.0,1.95,1.07,0.88,4.17,4.55,3.77
156,Garrett Temple,NOP,21,13,8,7.0,2848.5,0.54,0.29,0.25,4.27,4.64,3.9
157,Garrison Mathews,ATL,50,14,36,12.8,5079.7,0.96,0.52,0.44,4.2,4.45,3.96
158,Gary Harris,ORL,42,18,24,25.0,9891.4,1.87,0.94,0.93,4.22,4.34,4.11
159,Gary Payton II,GSW,15,8,7,17.0,7143.1,1.35,0.67,0.68,4.42,4.37,4.47
160,Gary Trent Jr.,TOR,63,30,33,32.6,12190.9,2.31,1.21,1.1,3.96,4.16,3.75
161,George Hill,IND,41,26,15,18.7,7248.1,1.37,0.74,0.63,4.1,4.33,3.86
162,Georges Niang,PHI,69,47,22,19.2,7607.2,1.44,0.78,0.66,4.19,4.54,3.83
163,Giannis Antetokounmpo,MIL,57,43,14,32.4,12033.0,2.28,1.25,1.03,3.95,4.43,3.49
164,Goga Bitadze,ORL,29,9,20,10.4,4116.9,0.78,0.41,0.37,4.17,4.52,3.84
165,Goran Dragic,MIL,50,22,28,15.5,6278.4,1.19,0.65,0.54,4.28,4.8,3.77
166,Gordon Hayward,CHA,47,18,29,31.5,12764.4,2.42,1.33,1.09,4.3,4.79,3.82
167,Gorgui Dieng,SAS,26,2,24,10.4,3794.9,0.72,0.39,0.33,3.86,4.19,3.53
168,Grant Williams,BOS,70,48,22,26.6,9934.8,1.88,0.99,0.89,3.96,4.1,3.82
169,Grayson Allen,MIL,66,49,17,27.7,11365.8,2.15,1.15,1.0,4.38,4.7,4.06
170,Greg Brown III,POR,16,10,6,5.8,2229.7,0.42,0.22,0.21,4.01,4.11,3.91
171,Hamidou Diallo,DET,55,12,43,17.7,7246.6,1.37,0.75,0.63,4.33,4.74,3.92
172,Harrison Barnes,SAC,72,43,29,32.7,13274.4,2.51,1.33,1.18,4.3,4.72,3.91
173,Haywood Highsmith,MIA,49,26,23,18.0,7489.7,1.42,0.76,0.66,4.42,4.68,4.14
174,Herbert Jones,NOP,56,24,32,29.0,11560.6,2.19,1.14,1.05,4.24,4.52,3.97
175,Immanuel Quickley,NYK,73,42,31,28.3,11316.4,2.14,1.17,0.97,4.22,4.52,3.91
176,Isaac Okoro,CLE,74,46,28,21.8,8452.2,1.6,0.78,0.82,4.12,4.0,4.22
177,Isaiah Hartenstein,NYK,74,42,32,19.6,8284.1,1.57,0.85,0.72,4.44,4.78,4.1
178,Isaiah Jackson,IND,54,22,32,15.4,6270.3,1.19,0.63,0.56,4.28,4.7,3.9
179,Isaiah Joe,OKC,64,33,31,18.3,7544.2,1.43,0.77,0.66,4.35,4.77,3.97
180,Isaiah Livers,DET,45,10,35,22.4,9079.6,1.72,0.9,0.82,4.29,4.49,4.1
181,Isaiah Mobley,CLE,9,6,3,3.4,1285.9,0.24,0.13,0.12,4.01,4.15,3.53
182,Isaiah Roby,SAS,41,9,32,11.3,4772.9,0.9,0.5,0.41,4.45,5.02,3.87
183,Isaiah Stewart,DET,49,12,37,28.3,10830.6,2.05,1.09,0.96,4.07,4.31,3.83
184,Isaiah Todd,WAS,4,2,2,3.1,1326.0,0.25,0.14,0.11,4.34,4.53,4.09
185,Ish Smith,DEN,37,23,14,8.8,3527.2,0.67,0.38,0.28,4.23,4.78,3.67
186,Ish Wainright,PHX,53,28,25,15.3,6259.3,1.19,0.64,0.54,4.28,4.63,3.94
187,Ivica Zubac,LAC,67,37,30,29.0,10888.6,2.06,1.11,0.95,4.01,4.22,3.77
188,JD Davison,BOS,8,7,1,2.3,838.4,0.16,0.09,0.07,3.76,3.63,3.27
189,JT Thor,CHA,60,18,42,11.9,4961.3,0.94,0.51,0.43,4.44,4.83,4.04
190,Ja Morant,MEM,54,35,19,32.3,12400.9,2.35,1.27,1.08,4.04,4.43,3.67
191,JaMychal Green,GSW,54,28,26,14.2,5642.4,1.07,0.57,0.5,4.19,4.55,3.86
192,JaVale McGee,DAL,37,18,19,8.0,3076.5,0.58,0.31,0.27,4.1,4.26,3.93
193,Jabari Smith Jr.,HOU,70,17,53,30.7,11771.6,2.23,1.21,1.02,4.08,4.29,3.85
194,Jabari Walker,POR,46,20,26,8.7,3419.0,0.65,0.35,0.3,4.1,4.34,3.85
195,Jack White,DEN,16,12,4,3.2,1268.6,0.24,0.14,0.1,4.06,4.33,3.71
196,Jaden Hardy,DAL,39,18,21,14.2,5701.2,1.08,0.59,0.49,4.23,4.47,3.97
197,Jaden Ivey,DET,64,15,49,30.4,12114.9,2.29,1.26,1.04,4.24,4.61,3.85
198,Jaden McDaniels,MIN,71,36,35,30.9,12959.5,2.45,1.26,1.2,4.46,4.69,4.24
199,Jaden Springer,PHI,11,11,0,3.9,1593.5,0.3,0.16,0.14,4.19,4.19,4.18
200,Jae Crowder,MIL,11,9,2,18.7,7467.1,1.41,0.76,0.65,4.24,4.66,3.84
201,Jae'Sean Tate,HOU,31,7,24,21.9,8556.4,1.62,0.88,0.74,4.1,4.39,3.81
202,Jake LaRavia,MEM,33,22,11,11.9,4916.2,0.93,0.51,0.42,4.36,4.66,4.05
203,Jakob Poeltl,TOR,62,20,42,26.8,10964.3,2.08,1.12,0.96,4.36,4.7,4.02
204,Jalen Brunson,NYK,65,37,28,35.0,13766.3,2.61,1.5,1.11,4.18,4.61,3.71
205,Jalen Duren,DET,57,15,42,24.7,9715.4,1.84,0.96,0.88,4.17,4.28,4.06
206,Jalen Green,HOU,67,16,51,34.1,13625.6,2.58,1.47,1.11,4.23,4.66,3.77
207,Jalen Johnson,ATL,64,32,32,14.4,5920.5,1.12,0.6,0.52,4.32,4.66,3.99
208,Jalen McDaniels,PHI,71,26,45,24.3,10160.1,1.92,1.04,0.88,4.42,4.85,4.02
209,Jalen Smith,IND,61,30,31,18.4,7599.2,1.44,0.77,0.67,4.4,4.76,4.06
210,Jalen Suggs,ORL,45,17,28,23.7,9396.4,1.78,0.95,0.83,4.17,4.45,3.89
211,Jalen Williams,OKC,66,33,33,29.9,12681.3,2.4,1.3,1.1,4.51,5.05,4.0
212,Jamal Cain,MIA,15,8,7,12.4,5157.8,0.98,0.49,0.49,4.41,4.4,4.35
213,Jamal Murray,DEN,59,40,19,33.0,12962.6,2.46,1.36,1.1,4.17,4.63,3.72
214,Jamaree Bouyea,WAS,5,2,3,14.1,5701.4,1.08,0.58,0.5,4.29,4.52,4.05
215,James Bouknight,CHA,26,5,21,13.6,5481.9,1.04,0.58,0.46,4.3,4.78,3.83
216,James Harden,PHI,53,36,17,36.9,12338.1,2.34,1.28,1.05,3.55,3.85,3.24
217,James Johnson,IND,14,6,8,8.8,3337.4,0.63,0.33,0.3,3.96,4.53,3.55
218,James Wiseman,DET,36,10,26,18.3,7304.3,1.38,0.73,0.65,4.26,4.5,4.02
219,Jared Butler,OKC,2,1,1,9.6,3812.0,0.72,0.41,0.31,4.07,4.67,3.48
220,Jared Rhoden,DET,7,1,6,9.4,3932.3,0.74,0.4,0.35,4.38,4.67,4.09
221,Jaren Jackson Jr.,MEM,55,35,20,28.1,11133.1,2.11,1.09,1.02,4.18,4.45,3.92
222,Jarred Vanderbilt,LAL,69,36,33,24.4,10053.9,1.9,1.0,0.9,4.37,4.55,4.18
223,Jarrell Brantley,UTA,1,0,1,1.5,407.0,0.08,0.03,0.04,3.54,0.0,0.0
224,Jarrett Allen,CLE,63,40,23,33.1,12186.4,2.31,1.22,1.09,3.91,4.05,3.77
225,Jarrett Culver,ATL,10,5,5,13.7,5399.8,1.02,0.55,0.47,4.12,4.31,3.92
226,Jason Preston,LAC,13,3,10,9.4,3815.4,0.72,0.39,0.34,4.26,4.63,3.9
227,Javonte Green,CHI,30,12,18,15.5,6406.4,1.21,0.62,0.59,4.35,4.69,4.05
228,Jaxson Hayes,NOP,44,20,24,13.7,5276.3,1.0,0.52,0.47,4.09,4.33,3.86
229,Jay Huff,WAS,3,1,2,4.1,1626.3,0.31,0.15,0.16,4.02,3.81,4.2
230,Jaylen Brown,BOS,61,41,20,36.1,13646.4,2.58,1.38,1.2,4.02,4.33,3.71
231,Jaylen Nowell,MIN,64,33,31,19.3,7906.9,1.5,0.79,0.71,4.32,4.62,4.02
232,Jaylin Williams,OKC,40,20,20,17.7,6700.7,1.27,0.69,0.57,4.07,4.38,3.75
233,Jayson Tatum,BOS,68,48,20,37.4,13257.4,2.51,1.37,1.14,3.77,4.11,3.42
234,Jeff Dowtin Jr.,TOR,19,12,7,8.7,3484.3,0.66,0.35,0.31,4.2,4.45,3.94
235,Jeff Green,DEN,49,30,19,19.2,6949.7,1.32,0.7,0.61,3.84,4.03,3.65
236,Jerami Grant,POR,63,28,35,35.6,13548.7,2.57,1.38,1.19,4.03,4.26,3.8
237,Jeremiah Robinson-Earl,OKC,36,12,24,19.4,8266.9,1.57,0.84,0.73,4.54,5.06,4.05
238,Jeremy Sochan,SAS,55,15,40,26.1,10875.2,2.06,1.12,0.94,4.45,4.9,4.02
239,Jericho Sims,NYK,49,29,20,15.8,6302.7,1.19,0.65,0.55,4.25,4.47,3.99
240,Jevon Carter,MIL,72,52,20,22.3,9107.4,1.72,0.88,0.85,4.35,4.46,4.24
241,Jimmy Butler,MIA,59,32,27,33.4,12582.4,2.38,1.27,1.12,4.0,4.17,3.83
242,Jock Landale,PHX,63,32,31,14.0,5558.3,1.05,0.56,0.5,4.18,4.4,3.96
243,Joe Harris,BKN,65,34,31,21.5,8599.1,1.63,0.9,0.73,4.28,4.83,3.75
244,Joe Ingles,MIL,38,27,11,23.1,8849.8,1.68,0.88,0.79,4.06,4.32,3.81
245,Joe Wieskamp,TOR,5,3,2,5.9,2624.0,0.5,0.27,0.22,4.74,5.1,4.36
246,Joel Embiid,PHI,59,40,19,34.7,11609.3,2.2,1.15,1.05,3.56,3.7,3.43
247,John Butler Jr.,POR,10,3,7,3.2,1264.3,0.24,0.12,0.12,4.05,3.96,4.15
248,John Collins,ATL,63,32,31,30.1,11475.8,2.17,1.14,1.04,4.06,4.3,3.83
249,John Konchar,MEM,64,40,24,21.0,8947.4,1.69,0.87,0.82,4.49,4.65,4.33
250,John Wall,LAC,34,15,19,22.2,7839.1,1.48,0.8,0.69,3.7,3.99,3.4
251,Johnny Davis,WAS,19,7,12,7.7,3096.9,0.59,0.31,0.27,4.19,4.37,4.01
252,Johnny Juzang,UTA,10,4,6,10.6,4630.9,0.88,0.46,0.42,4.64,5.0,4.3
253,Jonas Valanciunas,NOP,69,33,36,24.7,9275.9,1.76,0.91,0.84,4.03,4.24,3.83
254,Jonathan Isaac,ORL,11,8,3,11.3,4712.1,0.89,0.48,0.41,4.42,4.66,4.17
255,Jonathan Kuminga,GSW,59,32,27,20.7,8598.9,1.63,0.87,0.76,4.39,4.74,4.06
256,Jordan Clarkson,UTA,61,30,31,32.6,13008.6,2.46,1.39,1.08,4.22,4.65,3.77
257,Jordan Goodwin,WAS,53,19,34,16.9,7180.2,1.36,0.74,0.62,4.48,4.8,4.13
258,Jordan Hall,SAS,9,1,8,9.2,3956.7,0.75,0.43,0.32,4.5,5.29,3.86
259,Jordan McLaughlin,MIN,36,18,18,15.9,6919.9,1.31,0.73,0.59,4.59,5.21,4.0
260,Jordan Nwora,IND,53,34,19,17.6,7223.0,1.37,0.74,0.63,4.36,4.66,4.06
261,Jordan Poole,GSW,73,37,36,30.4,11746.1,2.22,1.27,0.96,4.08,4.72,3.47
262,Jordan Schakel,WAS,2,0,2,3.1,1360.0,0.26,0.13,0.13,4.38,5.43,5.11
263,Jose Alvarado,NOP,61,30,31,21.5,9076.8,1.72,0.9,0.82,4.47,4.7,4.25
264,Josh Christopher,HOU,55,12,43,11.5,4629.9,0.88,0.48,0.4,4.25,4.55,3.97
265,Josh Giddey,OKC,67,31,36,30.8,12527.0,2.37,1.27,1.11,4.33,4.74,3.94
266,Josh Green,DAL,53,25,28,25.9,10910.3,2.07,1.1,0.97,4.46,4.59,4.32
267,Josh Hart,NYK,68,37,31,32.6,12684.9,2.4,1.29,1.12,4.11,4.34,3.87
268,Josh Minott,MIN,14,6,8,6.5,2899.2,0.55,0.29,0.26,4.66,5.2,4.16
269,Josh Okogie,PHX,62,31,31,17.6,7233.2,1.37,0.7,0.67,4.32,4.36,4.28
270,Josh Richardson,NOP,54,17,37,24.1,9891.5,1.87,1.04,0.84,4.33,4.82,3.85
271,Joshua Primo,SAS,4,3,1,23.3,9947.0,1.88,1.08,0.81,4.47,5.07,3.87
272,Jrue Holiday,MIL,60,45,15,32.9,12815.6,2.43,1.29,1.14,4.17,4.53,3.82
273,Juan Toscano-Anderson,UTA,42,17,25,11.9,4997.8,0.95,0.51,0.44,4.45,4.83,4.06
274,Juancho Hernangomez,TOR,42,20,22,14.6,6144.1,1.16,0.61,0.55,4.46,4.63,4.28
275,Julian Champagnie,SAS,8,4,4,12.5,5344.3,1.01,0.57,0.45,4.45,4.77,4.11
276,Julius Randle,NYK,74,42,32,35.9,13309.2,2.52,1.4,1.13,3.92,4.19,3.63
277,Justin Champagnie,TOR,3,2,1,3.6,1492.3,0.28,0.14,0.15,4.05,4.31,3.82
278,Justin Holiday,DAL,40,17,23,15.7,6406.6,1.21,0.66,0.56,4.28,4.67,3.91
279,Justin Jackson,BOS,23,15,8,4.7,1817.5,0.34,0.19,0.16,4.07,4.3,3.83
280,Justise Winslow,POR,29,15,14,26.8,10341.1,1.96,1.06,0.9,4.08,4.27,3.88
281,Jusuf Nurkic,POR,52,24,28,26.8,9723.1,1.84,0.99,0.85,3.87,4.12,3.62
282,KZ Okpala,SAC,35,19,16,7.1,3074.9,0.58,0.3,0.28,4.54,4.82,4.28
283,Kai Jones,CHA,38,10,28,10.1,4085.2,0.77,0.41,0.36,4.23,4.5,3.97
284,Karl-Anthony Towns,MIN,22,11,11,33.4,12532.6,2.37,1.21,1.17,3.99,4.18,3.81
285,Kawhi Leonard,LAC,44,28,16,33.8,13134.7,2.49,1.38,1.11,4.12,4.45,3.76
286,Keegan Murray,SAC,70,42,28,29.7,12156.7,2.3,1.22,1.08,4.36,4.76,3.97
287,Keita Bates-Diop,SAS,57,15,42,21.3,8815.6,1.67,0.9,0.77,4.4,4.79,4.01
288,Keldon Johnson,SAS,59,16,43,32.8,13002.4,2.46,1.36,1.1,4.21,4.69,3.73
289,Kelly Olynyk,UTA,60,28,32,28.3,10891.9,2.06,1.15,0.92,4.07,4.47,3.66
290,Kelly Oubre Jr.,CHA,47,16,31,32.7,12921.7,2.45,1.3,1.14,4.2,4.49,3.9
291,Kemba Walker,DAL,9,5,4,16.0,6018.7,1.14,0.64,0.5,4.01,4.4,3.6
292,Kendall Brown,IND,6,1,5,6.7,3001.2,0.57,0.29,0.28,4.59,4.81,4.4
293,Kendrick Nunn,WAS,62,28,34,13.3,5257.1,1.0,0.54,0.46,4.2,4.53,3.88
294,Kennedy Chandler,MEM,31,20,11,7.9,3114.3,0.59,0.32,0.27,4.13,4.37,3.87
295,Kenneth Lofton Jr.,MEM,17,12,5,5.0,1855.7,0.35,0.19,0.16,3.87,4.05,3.68
296,Kenrich Williams,OKC,53,26,27,22.8,9217.1,1.75,0.91,0.83,4.29,4.64,3.97
297,Kentavious Caldwell-Pope,DEN,70,48,22,31.7,11738.9,2.22,1.15,1.07,3.94,4.11,3.77
298,Kenyon Martin Jr.,HOU,73,18,55,27.6,9901.1,1.88,0.99,0.88,3.79,3.89,3.69
299,Keon Ellis,SAC,13,6,7,3.9,1596.9,0.3,0.15,0.15,4.27,4.43,4.12
300,Keon Johnson,POR,37,13,24,9.1,3689.2,0.7,0.37,0.33,4.21,4.39,3.99
301,Kessler Edwards,SAC,26,12,14,9.7,4001.7,0.76,0.4,0.36,4.35,4.66,4.06
302,Kevin Durant,PHX,42,29,13,35.7,12340.5,2.34,1.25,1.09,3.68,3.97,3.38
303,Kevin Huerter,SAC,66,39,27,29.6,12101.0,2.29,1.24,1.06,4.35,4.83,3.9
304,Kevin Knox II,POR,53,11,42,12.7,5165.5,0.98,0.53,0.45,4.28,4.67,3.88
305,Kevin Love,MIA,55,31,24,20.4,7332.7,1.39,0.75,0.64,3.83,3.99,3.65
306,Kevin Porter Jr.,HOU,51,15,36,34.1,13228.6,2.51,1.36,1.15,4.11,4.32,3.89
307,Kevon Harris,ORL,31,12,19,12.3,4925.9,0.93,0.48,0.45,4.19,4.27,4.13
308,Kevon Looney,GSW,73,37,36,23.7,8934.3,1.69,0.88,0.82,4.03,4.21,3.85
309,Khem Birch,SAS,20,9,11,8.1,3237.9,0.61,0.33,0.29,4.26,4.58,3.89
310,Khris Middleton,MIL,28,22,6,24.2,9316.1,1.76,0.95,0.81,4.08,4.51,3.67
311,Killian Hayes,DET,66,15,51,27.4,10585.4,2.0,1.09,0.92,4.13,4.46,3.79
312,Kira Lewis Jr.,NOP,22,9,13,10.1,4284.1,0.81,0.42,0.39,4.49,4.75,4.2
313,Klay Thompson,GSW,61,32,29,33.1,13026.7,2.47,1.35,1.12,4.18,4.68,3.7
314,Kris Dunn,UTA,12,6,6,22.9,9265.1,1.75,0.93,0.82,4.24,4.64,3.86
315,Kristaps Porzingis,WAS,62,25,37,32.6,11934.0,2.26,1.24,1.02,3.89,4.13,3.63
316,Kyle Anderson,MIN,61,31,30,27.9,10648.2,2.02,1.07,0.95,4.04,4.36,3.74
317,Kyle Kuzma,WAS,64,29,35,35.0,13517.3,2.56,1.42,1.14,4.09,4.44,3.73
318,Kyle Lowry,MIA,49,26,23,32.4,11319.1,2.14,1.18,0.97,3.7,3.99,3.4
319,Kyrie Irving,DAL,53,30,23,37.1,13669.1,2.59,1.39,1.19,3.92,4.28,3.57
320,LaMelo Ball,CHA,36,13,23,35.2,14639.6,2.77,1.52,1.26,4.41,4.94,3.91
321,Lamar Stevens,CLE,54,34,20,17.9,6997.0,1.33,0.68,0.64,4.13,4.21,4.05
322,Landry Shamet,PHX,32,14,18,21.6,9176.2,1.74,0.98,0.76,4.48,5.07,3.89
323,Larry Nance Jr.,NOP,55,27,28,21.6,8258.7,1.56,0.83,0.74,4.02,4.33,3.72
324,Lauri Markkanen,UTA,64,32,32,34.4,13297.8,2.52,1.39,1.13,4.08,4.44,3.71
325,LeBron James,LAL,47,24,23,36.1,12591.9,2.38,1.3,1.09,3.72,4.09,3.36
326,Leandro Bolmaro,UTA,14,8,6,4.9,2116.3,0.4,0.21,0.19,4.49,4.73,4.24
327,Lindell Wigginton,MIL,3,2,1,3.0,1233.7,0.23,0.12,0.11,4.2,5.18,3.36
328,Lindy Waters III,OKC,35,18,17,12.4,5217.7,0.99,0.53,0.46,4.45,4.93,4.0
329,Lonnie Walker IV,LAL,51,23,28,24.5,9246.9,1.75,0.9,0.85,4.06,4.23,3.9
330,Luguentz Dort,OKC,65,33,32,30.5,12135.8,2.3,1.2,1.1,4.23,4.57,3.92
331,Luka Doncic,DAL,58,31,27,36.4,12538.3,2.37,1.36,1.02,3.66,4.05,3.24
332,Luka Garza,MIN,26,14,12,9.0,3961.6,0.75,0.4,0.35,4.6,4.92,4.29
333,Luke Kennard,MEM,51,31,20,21.2,8364.4,1.58,0.85,0.73,4.17,4.53,3.81
334,Luke Kornet,BOS,60,38,22,11.6,4615.3,0.87,0.47,0.41,4.2,4.41,3.97
335,Malachi Flynn,TOR,47,24,23,13.1,5317.0,1.01,0.54,0.46,4.26,4.59,3.95
336,Malaki Branham,SAS,56,12,44,23.0,9578.8,1.81,1.0,0.82,4.42,4.89,3.95
337,Malcolm Brogdon,BOS,61,42,19,25.8,9697.0,1.84,1.02,0.82,3.97,4.4,3.54
338,Malcolm Hill,CHI,4,3,1,2.0,740.5,0.14,0.07,0.07,4.18,4.46,3.92
339,Malik Beasley,LAL,72,38,34,26.6,9918.1,1.88,1.04,0.84,3.94,4.24,3.62
340,Malik Monk,SAC,69,42,27,22.5,9185.5,1.74,0.95,0.79,4.28,4.85,3.77
341,Mamadi Diakite,CLE,18,13,5,6.7,2539.9,0.48,0.25,0.23,4.01,4.19,3.82
342,MarJon Beauchamp,MIL,43,29,14,13.6,5584.0,1.06,0.56,0.5,4.35,4.54,4.17
343,Marcus Morris Sr.,LAC,63,34,29,28.2,10085.5,1.91,1.02,0.89,3.8,4.02,3.59
344,Marcus Smart,BOS,55,39,16,32.5,11432.6,2.17,1.16,1.01,3.74,4.04,3.45
345,Mark Williams,CHA,37,15,22,17.7,6990.1,1.32,0.68,0.65,4.2,4.46,3.95
346,Markelle Fultz,ORL,52,25,27,30.1,12651.1,2.4,1.28,1.12,4.48,4.85,4.12
347,Markieff Morris,DAL,32,16,16,9.7,3559.5,0.67,0.36,0.32,3.89,3.98,3.77
348,Marko Simonovic,CHI,2,0,2,1.8,692.0,0.13,0.06,0.07,4.51,3.82,2.48
349,Marvin Bagley III,DET,35,6,29,23.3,9255.0,1.75,0.93,0.82,4.26,4.44,4.08
350,Mason Plumlee,LAC,70,22,48,26.9,10739.9,2.03,1.1,0.94,4.25,4.59,3.92
351,Matisse Thybulle,POR,65,37,28,16.1,6459.4,1.22,0.62,0.61,4.25,4.3,4.2
352,Matt Ryan,MIN,33,14,19,9.3,3805.2,0.72,0.38,0.34,4.31,4.74,3.9
353,Matthew Dellavedova,SAC,30,17,13,6.3,2647.4,0.5,0.27,0.23,4.42,5.02,3.85
354,Max Christie,LAL,38,16,22,13.3,5569.9,1.05,0.56,0.5,4.42,4.7,4.14
355,Max Strus,MIA,72,38,34,29.0,11923.9,2.26,1.29,0.97,4.35,4.9,3.79
356,Maxi Kleber,DAL,31,17,14,25.9,9629.2,1.82,0.98,0.84,3.91,4.07,3.73
357,McKinley Wright IV,DAL,24,13,11,11.6,4780.9,0.91,0.48,0.43,4.36,4.66,4.11
358,Meyers Leonard,MIL,6,5,1,8.5,3134.3,0.59,0.32,0.27,3.97,4.12,3.6
359,Mfiondu Kabengele,BOS,2,1,1,7.0,2422.0,0.46,0.26,0.2,3.56,3.92,3.19
360,Micah Potter,UTA,3,2,1,4.8,2103.3,0.4,0.22,0.18,4.68,4.42,4.15
361,Michael Foster Jr.,PHI,1,1,0,1.0,356.0,0.07,0.05,0.02,5.13,0.0,0.0
362,Michael Porter Jr.,DEN,56,38,18,29.0,10916.1,2.07,1.07,1.0,4.02,4.14,3.89
363,Mikal Bridges,BKN,73,36,37,36.0,14395.0,2.73,1.47,1.26,4.25,4.56,3.95
364,Mike Conley,MIN,59,29,30,30.1,11843.1,2.24,1.23,1.01,4.15,4.48,3.81
365,Mike Muscala,BOS,54,25,29,14.8,6211.6,1.18,0.65,0.53,4.42,4.98,3.88
366,Miles McBride,NYK,57,32,25,11.8,4882.6,0.92,0.49,0.43,4.34,4.52,4.17
367,Mitchell Robinson,NYK,52,30,22,27.2,10142.9,1.92,1.01,0.91,3.98,4.03,3.92
368,Mo Bamba,LAL,47,23,24,16.2,6052.5,1.15,0.62,0.53,3.99,4.2,3.76
369,Monte Morris,WAS,59,26,33,27.7,10736.9,2.03,1.14,0.89,4.12,4.5,3.71
370,Montrezl Harrell,PHI,52,33,19,12.1,4486.6,0.85,0.46,0.39,3.93,4.15,3.7
371,Moritz Wagner,ORL,50,23,27,20.3,8051.8,1.52,0.83,0.7,4.19,4.54,3.85
372,Moses Brown,BKN,34,16,18,8.5,3397.6,0.64,0.35,0.3,4.21,4.46,3.9
373,Moses Moody,GSW,56,30,26,12.9,5057.5,0.96,0.51,0.44,4.13,4.47,3.81
374,Moussa Diabate,LAC,18,8,10,9.5,4064.9,0.77,0.41,0.36,4.44,4.78,4.1
375,Myles Turner,IND,61,29,32,29.5,11201.3,2.12,1.12,1.0,4.04,4.36,3.73
376,Naji Marshall,NOP,67,33,34,24.5,9632.1,1.82,0.96,0.86,4.15,4.38,3.93
377,Nassir Little,POR,49,22,27,17.5,6939.8,1.31,0.71,0.6,4.19,4.43,3.93
378,Nathan Knight,MIN,36,17,19,7.9,3090.4,0.59,0.31,0.28,4.11,4.3,3.92
379,Naz Reid,MIN,65,30,35,18.3,7310.1,1.38,0.73,0.65,4.24,4.59,3.89
380,Neemias Queta,SAC,4,1,3,6.1,2631.0,0.5,0.25,0.24,4.44,4.58,4.3
381,Nerlens Noel,BKN,17,4,13,11.4,4443.7,0.84,0.44,0.4,4.07,4.4,3.75
382,Nic Claxton,BKN,67,35,32,29.5,11725.6,2.22,1.15,1.07,4.24,4.51,3.99
383,Nick Richards,CHA,58,18,40,18.2,7622.4,1.44,0.77,0.67,4.44,4.73,4.15
384,Nickeil Alexander-Walker,MIN,51,24,27,15.6,6644.0,1.26,0.69,0.57,4.49,4.87,4.1
385,Nicolas Batum,LAC,69,38,31,21.7,8623.3,1.63,0.84,0.8,4.17,4.23,4.1
386,Nikola Jokic,DEN,65,46,19,33.9,12190.1,2.31,1.25,1.05,3.83,4.2,3.46
387,Nikola Jovic,MIA,15,7,8,13.6,5507.7,1.04,0.57,0.47,4.3,4.76,3.89
388,Nikola Vucevic,CHI,71,33,38,34.1,12318.1,2.33,1.21,1.12,3.85,4.08,3.63
389,Noah Vonleh,BOS,23,17,6,7.5,2963.3,0.56,0.31,0.25,4.19,4.62,3.77
390,Norman Powell,LAC,54,27,27,25.8,10178.8,1.93,1.05,0.88,4.14,4.46,3.82
391,O.G. Anunoby,TOR,59,28,31,35.8,13555.3,2.57,1.32,1.24,4.02,4.16,3.88
392,Obi Toppin,NYK,59,32,27,14.3,6052.4,1.15,0.61,0.53,4.48,4.82,4.15
393,Ochai Agbaji,UTA,49,27,22,18.6,7561.9,1.43,0.77,0.66,4.29,4.65,3.93
394,Olivier Sarr,OKC,4,2,2,12.8,5422.8,1.03,0.56,0.47,4.45,4.94,3.99
395,Omer Yurtseven,MIA,5,3,2,6.8,2711.4,0.51,0.28,0.23,4.27,4.09,4.13
396,Onyeka Okongwu,ATL,71,36,35,23.4,9119.9,1.73,0.88,0.84,4.13,4.3,3.97
397,Orlando Robinson,MIA,29,17,12,13.7,5452.7,1.03,0.55,0.48,4.23,4.29,4.2
398,Oshae Brissett,IND,57,25,32,16.5,6747.3,1.28,0.69,0.59,4.32,4.7,3.96
399,Otto Porter Jr.,TOR,8,4,4,18.3,7313.4,1.39,0.74,0.65,4.24,4.52,3.96
400,Ousmane Dieng,OKC,29,16,13,15.5,6260.4,1.19,0.64,0.55,4.28,4.73,3.84
401,P.J. Tucker,PHI,67,45,22,25.8,9879.5,1.87,0.97,0.9,4.11,4.19,4.01
402,P.J. Washington,CHA,68,21,47,32.9,13067.0,2.47,1.35,1.12,4.24,4.71,3.78
403,PJ Dozier,SAC,10,8,2,2.3,989.3,0.19,0.1,0.09,4.43,4.83,4.05
404,Paolo Banchero,ORL,66,27,39,33.9,13256.9,2.51,1.37,1.14,4.15,4.58,3.74
405,Pascal Siakam,TOR,63,30,33,37.5,14351.2,2.72,1.49,1.23,4.06,4.48,3.64
406,Pat Connaughton,MIL,54,38,16,24.6,9874.4,1.87,1.0,0.87,4.28,4.66,3.91
407,Patrick Baldwin Jr.,GSW,26,10,16,8.1,3279.1,0.62,0.34,0.28,4.27,4.77,3.83
408,Patrick Beverley,CHI,58,29,29,27.3,10651.2,2.02,1.05,0.97,4.19,4.38,3.99
409,Patrick Williams,CHI,71,33,38,28.5,11365.8,2.15,1.12,1.03,4.26,4.57,3.97
410,Patty Mills,BKN,38,18,20,13.6,5499.2,1.04,0.56,0.48,4.34,4.67,4.0
411,Paul George,LAC,56,32,24,34.6,12950.1,2.45,1.35,1.1,3.97,4.32,3.6
412,Paul Reed,PHI,59,39,20,10.4,4330.6,0.82,0.44,0.38,4.4,4.66,4.14
413,Payton Pritchard,BOS,45,30,15,12.5,5122.1,0.97,0.52,0.45,4.33,4.58,4.05
414,Peyton Watson,DEN,15,10,5,3.1,1279.3,0.24,0.14,0.1,4.18,4.58,3.98
415,Precious Achiuwa,TOR,47,25,22,21.4,8410.6,1.59,0.84,0.75,4.16,4.33,3.98
416,Quentin Grimes,NYK,63,36,27,28.9,11000.9,2.08,1.12,0.96,4.04,4.16,3.9
417,Quenton Jackson,WAS,4,2,2,2.9,1227.0,0.23,0.13,0.1,4.31,4.55,4.03
418,R.J. Hampton,DET,38,8,30,15.1,6248.2,1.18,0.64,0.54,4.37,4.65,4.05
419,RJ Barrett,NYK,67,37,30,34.0,13517.0,2.56,1.4,1.16,4.21,4.51,3.9
420,Raul Neto,CLE,45,30,15,10.0,3856.2,0.73,0.39,0.34,4.08,4.19,3.93
421,Reggie Bullock,DAL,70,35,35,30.7,11548.5,2.19,1.15,1.03,4.0,4.05,3.94
422,Reggie Jackson,DEN,62,34,28,24.6,9290.2,1.76,0.97,0.79,4.02,4.34,3.68
423,Richaun Holmes,SAC,36,18,18,8.6,3339.9,0.63,0.32,0.31,4.09,4.28,3.91
424,Ricky Rubio,CLE,25,18,7,17.2,6919.6,1.31,0.72,0.59,4.24,4.59,3.88
425,Robert Covington,LAC,40,15,25,16.3,6133.8,1.16,0.62,0.54,3.93,4.24,3.62
426,Robert Williams III,BOS,29,19,10,24.1,9131.7,1.73,0.93,0.8,4.03,4.28,3.76
427,Robin Lopez,CLE,34,24,10,7.5,2839.8,0.54,0.3,0.24,4.01,4.2,3.79
428,Rodney McGruder,DET,32,4,28,16.4,6890.5,1.31,0.7,0.61,4.48,4.8,4.16
429,Romeo Langford,SAS,36,11,25,20.3,8484.9,1.61,0.83,0.77,4.45,4.67,4.22
430,Ron Harper Jr.,TOR,4,2,2,3.5,1382.0,0.26,0.14,0.12,3.88,5.04,3.6
431,Royce O'Neale,BKN,68,36,32,32.0,12369.6,2.34,1.28,1.06,4.12,4.59,3.67
432,Rudy Gay,UTA,56,29,27,14.6,5682.8,1.08,0.58,0.5,4.11,4.38,3.82
433,Rudy Gobert,MIN,62,29,33,30.7,12003.4,2.27,1.19,1.08,4.16,4.44,3.89
434,Rui Hachimura,LAL,55,31,24,23.7,9379.0,1.78,0.96,0.82,4.2,4.5,3.89
435,Russell Westbrook,LAC,64,30,34,28.9,10655.5,2.02,1.11,0.91,3.91,4.35,3.47
436,Ryan Arcidiacono,POR,17,9,8,6.3,2663.3,0.5,0.29,0.21,4.46,4.79,3.97
437,Ryan Rollins,GSW,12,5,7,5.2,2199.4,0.42,0.22,0.19,4.47,4.7,4.23
438,Saben Lee,PHX,22,14,8,13.7,5692.2,1.08,0.57,0.5,4.33,4.56,4.1
439,Saddiq Bey,ATL,67,19,48,27.9,10754.3,2.04,1.06,0.97,4.09,4.27,3.9
440,Sam Hauser,BOS,71,48,23,15.5,6648.4,1.26,0.7,0.56,4.54,4.98,4.09
441,Sam Merrill,CLE,2,2,0,4.2,1746.5,0.33,0.17,0.16,4.48,3.81,3.86
442,Sandro Mamukelashvili,SAS,34,20,14,12.6,5253.6,0.99,0.56,0.44,4.4,4.73,4.03
443,Santi Aldama,MEM,69,42,27,22.0,9119.0,1.73,0.91,0.82,4.39,4.65,4.14
444,Scottie Barnes,TOR,69,33,36,34.9,14022.4,2.66,1.43,1.23,4.25,4.58,3.93
445,Scotty Pippen Jr.,LAL,6,1,5,5.3,2216.3,0.42,0.22,0.2,4.32,4.71,3.96
446,Serge Ibaka,MIL,16,11,5,11.6,4277.7,0.81,0.45,0.36,3.9,4.03,3.69
447,Seth Curry,BKN,54,32,22,21.1,7893.3,1.49,0.81,0.69,3.96,4.25,3.66
448,Shaedon Sharpe,POR,71,31,40,20.6,8157.5,1.54,0.81,0.73,4.19,4.33,4.04
449,Shai Gilgeous-Alexander,OKC,61,31,30,35.6,13429.3,2.54,1.38,1.17,3.99,4.5,3.52
450,Shake Milton,PHI,68,49,19,20.2,7876.3,1.49,0.8,0.69,4.11,4.41,3.81
451,Simone Fontecchio,UTA,43,23,20,12.8,5395.5,1.02,0.57,0.45,4.42,4.91,3.92
452,Spencer Dinwiddie,BKN,70,35,35,34.4,12386.9,2.35,1.32,1.03,3.84,4.21,3.45
453,Stanley Johnson,SAS,29,5,24,15.8,6563.2,1.24,0.67,0.58,4.35,4.81,3.94
454,Stanley Umude,DET,1,0,1,2.1,932.0,0.18,0.08,0.09,4.66,6.81,3.54
455,Stephen Curry,GSW,47,23,24,35.0,13866.5,2.63,1.47,1.15,4.21,4.89,3.57
456,Sterling Brown,LAL,4,2,2,6.1,2630.8,0.5,0.26,0.24,4.45,4.38,4.54
457,Steven Adams,MEM,42,28,14,27.0,10210.8,1.93,1.01,0.92,4.02,4.19,3.85
458,Svi Mykhailiuk,CHA,23,12,11,7.2,2951.7,0.56,0.29,0.27,4.33,4.56,4.05
459,T.J. McConnell,IND,68,30,38,20.1,8788.0,1.66,0.89,0.78,4.61,5.02,4.21
460,T.J. Warren,PHX,35,20,15,16.0,6404.0,1.21,0.63,0.58,4.23,4.34,4.12
461,Taj Gibson,WAS,46,20,26,9.6,3672.6,0.7,0.37,0.32,4.02,4.12,3.91
462,Talen Horton-Tucker,UTA,58,29,29,18.8,7226.7,1.37,0.76,0.61,4.05,4.45,3.63
463,Tari Eason,HOU,73,18,55,20.9,8305.9,1.57,0.85,0.72,4.2,4.41,3.97
464,Taurean Prince,MIN,48,27,21,22.0,8569.2,1.62,0.86,0.77,4.1,4.4,3.81
465,Terance Mann,LAC,72,38,34,23.0,9290.7,1.76,0.93,0.83,4.26,4.42,4.1
466,Terence Davis,SAC,57,34,23,13.3,5544.5,1.05,0.55,0.5,4.42,4.79,4.06
467,Terrence Ross,PHX,53,20,33,21.5,8439.6,1.6,0.87,0.73,4.16,4.48,3.84
468,Terry Rozier,CHA,62,19,43,35.7,14462.1,2.74,1.52,1.22,4.33,4.79,3.87
469,Terry Taylor,CHI,28,10,18,8.3,3471.7,0.66,0.35,0.3,4.37,4.8,3.95
470,Thaddeus Young,TOR,54,23,31,14.7,5784.1,1.1,0.59,0.51,4.15,4.34,3.94
471,Thanasis Antetokounmpo,MIL,28,20,8,4.0,1626.1,0.31,0.17,0.14,4.22,4.3,4.14
472,Theo Maledon,CHA,36,10,26,16.1,6760.9,1.28,0.7,0.58,4.4,4.83,3.97
473,Theo Pinson,DAL,37,18,19,6.6,2660.1,0.5,0.27,0.24,4.16,4.4,3.92
474,Thomas Bryant,DEN,56,31,25,18.6,7126.9,1.35,0.72,0.63,4.1,4.4,3.8
475,Tim Hardaway Jr.,DAL,65,35,30,30.1,11164.7,2.11,1.16,0.96,3.93,4.18,3.67
476,Tobias Harris,PHI,67,45,22,33.1,12369.0,2.34,1.25,1.09,3.99,4.15,3.81
477,Tony Bradley,CHI,11,4,7,2.9,1232.5,0.23,0.12,0.12,4.35,4.68,4.07
478,Torrey Craig,PHX,69,37,32,25.4,10653.3,2.02,1.07,0.95,4.45,4.68,4.22
479,Trae Young,ATL,66,34,32,34.8,13100.4,2.48,1.37,1.11,3.98,4.45,3.53
480,Tre Jones,SAS,58,17,41,29.2,12322.3,2.33,1.28,1.06,4.48,4.92,4.04
481,Tre Mann,OKC,60,27,33,18.0,7281.9,1.38,0.74,0.64,4.29,4.64,3.95
482,Trendon Watford,POR,55,25,30,18.9,7203.0,1.36,0.75,0.62,4.02,4.32,3.71
483,Trent Forrest,ATL,19,7,12,12.7,5046.4,0.96,0.5,0.45,4.19,4.34,3.99
484,Trevelin Queen,IND,7,2,5,10.0,4149.6,0.79,0.43,0.36,4.4,5.01,3.83
485,Trevor Hudgins,HOU,5,0,5,5.7,2196.6,0.42,0.23,0.19,4.07,4.39,3.76
486,Trevor Keels,NYK,2,2,0,1.9,756.0,0.14,0.08,0.07,4.21,5.67,2.78
487,Trey Lyles,SAC,64,38,26,16.8,6938.8,1.31,0.69,0.62,4.34,4.69,4.01
488,Trey Murphy III,NOP,69,32,37,30.1,11874.5,2.25,1.16,1.09,4.2,4.41,4.01
489,Troy Brown Jr.,LAL,67,33,34,24.8,10035.8,1.9,1.0,0.91,4.33,4.57,4.09
490,Ty Jerome,GSW,44,21,23,18.5,7161.3,1.36,0.78,0.58,4.08,4.59,3.56
491,TyTy Washington Jr.,HOU,30,5,25,13.7,5159.7,0.98,0.53,0.44,3.98,4.29,3.66
492,Tyler Dorsey,DAL,3,2,1,2.8,909.3,0.17,0.09,0.08,3.35,3.97,2.72
493,Tyler Herro,MIA,60,33,27,35.3,14175.6,2.68,1.47,1.21,4.28,4.63,3.92
494,Tyrese Haliburton,IND,54,28,26,33.7,13582.9,2.57,1.44,1.14,4.28,4.91,3.68
495,Tyrese Martin,ATL,13,8,5,3.5,1437.5,0.27,0.15,0.12,4.21,4.48,3.93
496,Tyrese Maxey,PHI,53,36,17,33.2,13478.5,2.55,1.39,1.16,4.31,4.6,4.02
497,Tyus Jones,MEM,72,45,27,24.1,9806.0,1.86,1.0,0.85,4.31,4.69,3.94
498,Udoka Azubuike,UTA,28,15,13,6.6,2460.9,0.47,0.25,0.22,3.89,3.99,3.78
499,Udonis Haslem,MIA,6,3,3,7.9,2847.8,0.54,0.29,0.25,3.79,3.91,3.66
500,Usman Garuba,HOU,66,17,49,13.2,5061.4,0.96,0.5,0.46,4.04,4.13,3.94
501,Vernon Carey Jr.,WAS,11,8,3,2.6,1029.6,0.2,0.11,0.08,4.0,4.1,3.87
502,Victor Oladipo,MIA,38,22,16,26.7,10027.5,1.9,1.04,0.86,3.96,4.26,3.64
503,Vince Williams Jr.,MEM,11,6,5,4.7,1970.7,0.37,0.19,0.18,4.37,4.34,4.41
504,Vit Krejci,ATL,24,12,12,5.3,2082.7,0.39,0.21,0.18,4.1,4.34,3.77
505,Vlatko Cancar,DEN,52,35,17,15.5,5837.4,1.11,0.6,0.5,3.99,4.23,3.73
506,Walker Kessler,UTA,68,33,35,22.7,9188.6,1.74,0.94,0.8,4.27,4.52,4.01
507,Wendell Carter Jr.,ORL,50,22,28,30.1,10915.5,2.07,1.1,0.97,3.85,4.14,3.57
508,Wendell Moore Jr.,MIN,27,14,13,5.5,2449.9,0.46,0.25,0.21,4.66,5.13,4.22
509,Wenyen Gabriel,LAL,59,30,29,15.4,6245.9,1.18,0.65,0.54,4.32,4.76,3.9
510,Wesley Matthews,MIL,42,31,11,15.3,6250.3,1.18,0.64,0.54,4.28,4.62,3.94
511,Will Barton,TOR,50,23,27,18.0,7026.6,1.33,0.73,0.6,4.12,4.42,3.8
512,Willy Hernangomez,NOP,35,20,15,12.7,5120.9,0.97,0.52,0.45,4.25,4.49,4.0
513,Xavier Cooks,WAS,2,0,2,4.6,1979.5,0.37,0.18,0.19,4.29,5.54,4.39
514,Xavier Tillman,MEM,53,34,19,18.3,7377.8,1.4,0.73,0.67,4.29,4.55,4.04
515,Yuta Watanabe,BKN,49,24,25,17.0,6825.2,1.29,0.68,0.61,4.26,4.54,3.99
516,Zach Collins,SAS,58,18,40,22.6,8681.5,1.64,0.89,0.76,4.05,4.41,3.7
517,Zach LaVine,CHI,67,32,35,36.4,14054.5,2.66,1.43,1.23,4.11,4.53,3.71
518,Zeke Nnaji,DEN,45,31,14,13.4,5238.8,0.99,0.53,0.46,4.1,4.25,3.95
519,Ziaire Williams,MEM,36,21,15,14.7,5868.3,1.11,0.55,0.56,4.21,4.35,4.09
520,Zion Williamson,NOP,29,17,12,33.0,13026.6,2.47,1.34,1.12,4.19,4.67,3.74
