,Player,Team,GP,W,L,MIN,PTS,TOUCHES,Front CT Touches,Time Of Poss,Avg Sec Per Touch,Avg Drib Per Touch,PTS Per Touch,Elbow Touches,Post Ups,Paint Touches,PTS Per Elbow Touch,PTS Per Post Touch,PTS Per Paint Touch
0,A.J. Lawson,DAL,15,5,10,7.2,3.7,9.8,5.9,0.2,1.44,0.75,0.381,0.1,0.0,0.6,2.0,0.0,1.444
1,AJ Green,MIL,35,27,8,9.9,4.4,12.1,7.4,0.5,2.53,1.74,0.364,0.1,0.0,0.3,0.0,0.0,0.667
2,AJ Griffin,ATL,72,34,38,19.5,8.9,21.1,14.2,0.7,2.09,1.51,0.421,0.4,0.0,0.7,0.806,2.0,0.94
3,Aaron Gordon,DEN,68,45,23,30.2,16.3,42.5,23.9,2.1,2.95,2.1,0.384,1.8,2.2,6.7,0.479,0.707,1.179
4,Aaron Holiday,ATL,63,32,31,13.4,3.9,20.5,8.0,1.4,4.21,3.87,0.191,0.1,0.0,0.4,0.25,0.0,0.609
5,Aaron Nesmith,IND,73,30,43,24.9,10.1,36.1,20.8,1.0,1.68,0.81,0.28,0.4,0.0,1.1,0.759,0.0,0.792
6,Aaron Wiggins,OKC,70,37,33,18.5,6.8,20.9,13.0,0.7,1.9,1.25,0.327,0.5,0.0,2.1,0.421,1.0,0.9
7,Admiral Schofield,ORL,37,14,23,12.2,4.2,19.3,9.6,0.6,1.83,0.91,0.217,0.6,0.0,1.1,0.571,0.0,0.78
8,Al Horford,BOS,63,44,19,30.5,9.8,45.7,25.4,1.2,1.53,0.48,0.214,1.1,0.9,2.7,0.268,0.386,0.553
9,Alec Burks,DET,50,12,38,22.0,12.9,34.6,21.2,1.7,3.03,2.34,0.374,0.3,0.3,0.4,0.625,0.533,0.611
10,Aleksej Pokusevski,OKC,34,16,18,20.6,8.1,41.7,22.7,1.1,1.6,0.75,0.195,1.6,0.0,3.1,0.63,0.0,0.71
11,Alex Caruso,CHI,66,32,34,23.5,5.6,42.1,17.3,1.8,2.6,1.84,0.134,0.7,0.0,1.3,0.286,0.0,0.624
12,Alex Len,SAC,26,15,11,6.2,1.7,9.8,5.4,0.2,1.46,0.39,0.169,1.2,0.1,1.9,0.323,0.0,0.64
13,Alize Johnson,SAS,4,1,3,7.4,1.8,11.5,5.5,0.5,2.7,1.98,0.152,0.0,0.3,1.0,0.0,0.0,0.0
14,Alondes Williams,BKN,1,1,0,5.3,0.0,9.0,3.0,0.4,2.72,2.0,0.0,0.0,0.0,0.0,0.0,0.0,0.0
15,Alperen Sengun,HOU,75,18,57,28.9,14.8,56.0,38.5,2.3,2.42,1.25,0.264,5.1,4.3,6.9,0.517,0.532,0.759
16,Amir Coffey,LAC,50,26,24,12.5,3.4,13.6,10.1,0.6,2.5,1.66,0.253,0.1,0.0,0.2,0.429,0.0,0.333
17,Andre Drummond,CHI,67,32,35,12.7,6.0,17.2,10.5,0.4,1.42,0.48,0.346,1.6,0.4,4.4,0.636,0.8,0.956
18,Andre Iguodala,GSW,7,2,5,13.5,1.7,24.4,13.3,0.7,1.76,0.68,0.07,0.7,0.0,1.3,0.4,0.0,0.889
19,Andrew Nembhard,IND,75,32,43,27.6,9.5,49.3,23.7,3.0,3.65,3.32,0.192,0.4,0.1,0.6,0.452,0.0,0.532
20,Andrew Wiggins,GSW,36,18,18,32.3,17.1,46.2,31.6,1.8,2.28,1.48,0.371,0.7,1.7,3.3,0.808,0.581,0.992
21,Anfernee Simons,POR,62,27,35,35.0,21.1,67.4,32.3,5.4,4.78,4.18,0.312,0.3,0.0,0.6,0.95,0.0,0.842
22,Anthony Davis,LAL,56,31,25,34.0,25.9,68.5,38.2,2.5,2.16,0.91,0.378,5.3,5.2,10.6,0.746,0.697,1.188
23,Anthony Edwards,MIN,78,39,39,36.1,24.5,71.4,37.1,4.7,3.99,3.44,0.344,0.6,0.6,0.9,0.953,0.674,1.0
24,Anthony Gill,WAS,59,21,38,10.6,3.3,11.1,7.3,0.3,1.77,0.77,0.297,0.4,0.0,1.3,0.538,1.0,1.192
25,Anthony Lamb,GSW,61,35,26,19.2,6.6,32.6,17.5,1.0,1.81,0.95,0.202,0.6,0.3,1.8,0.395,0.0,0.579
26,Austin Reaves,LAL,64,35,29,28.8,13.0,41.9,21.8,2.5,3.59,3.1,0.311,0.5,0.0,0.9,0.4,0.0,0.709
27,Austin Rivers,MIN,52,25,27,19.5,4.9,22.8,13.3,1.1,3.0,2.37,0.215,0.1,0.0,0.1,1.0,0.0,0.571
28,Ayo Dosunmu,CHI,79,39,40,26.2,8.5,42.7,16.6,2.5,3.44,3.14,0.2,0.2,0.0,0.6,0.875,0.0,0.96
29,Bam Adebayo,MIA,75,40,35,34.6,20.4,61.9,36.2,2.9,2.85,1.59,0.33,6.8,2.7,7.7,0.684,0.631,0.874
30,Ben Simmons,BKN,42,24,18,26.3,6.9,61.4,21.5,3.5,3.42,2.35,0.113,2.3,1.1,4.0,0.344,0.444,0.846
31,Bennedict Mathurin,IND,78,33,45,28.5,16.7,42.0,28.6,1.7,2.49,1.69,0.398,1.1,0.1,1.7,0.869,0.273,1.052
32,Bismack Biyombo,PHX,61,33,28,14.3,4.3,23.1,13.4,0.6,1.57,0.47,0.187,2.4,0.9,5.0,0.385,0.5,0.674
33,Blake Griffin,BOS,41,27,14,13.9,4.1,20.5,12.4,0.6,1.68,0.65,0.202,1.1,0.3,2.2,0.587,0.571,0.753
34,Blake Wesley,SAS,34,8,26,18.0,4.9,36.2,12.9,2.9,4.84,4.46,0.135,0.3,0.0,0.8,0.444,0.0,0.462
35,Boban Marjanovic,HOU,31,7,24,5.5,3.3,7.3,4.8,0.3,2.08,0.85,0.453,0.7,1.5,1.7,0.773,0.935,1.245
36,Bobby Portis,MIL,70,47,23,26.0,14.1,49.5,25.0,1.5,1.76,0.74,0.285,1.3,3.0,4.2,0.606,0.611,0.887
37,Bogdan Bogdanovic,ATL,54,27,27,27.9,14.0,40.5,25.0,1.8,2.69,1.9,0.346,0.6,0.1,0.5,0.516,0.667,0.72
38,Bojan Bogdanovic,DET,58,15,43,32.0,21.5,46.6,33.0,2.3,2.97,2.15,0.462,0.8,1.0,0.8,0.955,0.483,0.816
39,Bol Bol,ORL,70,26,44,21.5,9.1,23.4,13.2,0.9,2.32,1.56,0.387,0.4,0.2,1.9,1.1,0.818,1.439
40,Bones Hyland,LAC,56,36,20,19.4,11.8,45.7,19.2,3.6,4.75,4.09,0.258,0.2,0.0,0.4,0.727,0.0,0.762
41,Bradley Beal,WAS,50,24,26,33.5,23.2,67.9,39.2,5.1,4.52,4.07,0.342,1.9,0.6,1.6,0.638,0.438,0.938
42,Brandon Boston Jr.,LAC,22,9,13,11.3,6.5,19.5,11.1,1.0,2.95,2.61,0.333,0.1,0.1,0.5,1.0,0.667,0.5
43,Brandon Clarke,MEM,56,32,24,19.5,10.0,28.5,17.8,0.7,1.52,0.65,0.35,4.3,0.2,5.4,0.554,0.444,1.095
44,Brandon Ingram,NOP,45,23,22,34.2,24.7,66.1,38.4,4.5,4.07,3.11,0.374,2.1,1.5,1.0,0.691,0.824,0.696
45,Braxton Key,DET,3,0,3,3.0,1.3,3.3,1.3,0.1,1.56,1.0,0.4,0.0,0.0,0.0,0.0,0.0,0.0
46,Brook Lopez,MIL,78,57,21,30.4,15.9,34.3,23.5,0.8,1.43,0.43,0.463,2.5,1.7,5.8,0.559,1.037,1.162
47,Bruce Brown,DEN,80,53,27,28.5,11.5,51.6,24.7,3.0,3.54,2.91,0.224,0.8,0.1,1.9,0.909,1.0,0.913
48,Bruno Fernando,ATL,39,13,26,10.4,3.9,18.4,10.8,0.4,1.41,0.49,0.213,1.3,0.2,3.4,0.34,0.667,0.863
49,Bryce McGowens,CHA,46,16,30,17.1,5.3,19.0,12.5,0.8,2.39,1.51,0.282,0.1,0.0,0.6,0.4,0.0,0.808
50,Bryn Forbes,MIN,25,9,16,10.7,3.6,11.9,8.9,0.4,2.06,1.31,0.3,0.0,0.0,0.1,0.0,0.0,1.0
51,Buddy Boeheim,DET,10,2,8,9.0,1.6,8.7,5.2,0.2,1.33,0.41,0.184,0.0,0.0,0.1,0.0,0.0,2.0
52,Buddy Hield,IND,80,35,45,31.0,16.8,58.7,34.0,2.0,2.03,1.33,0.286,0.4,0.0,0.9,0.8,0.0,0.941
53,CJ McCollum,NOP,75,38,37,35.3,20.9,75.1,32.7,5.5,4.37,3.88,0.278,0.8,0.1,0.6,0.6,0.0,0.644
54,Cade Cunningham,DET,12,3,9,33.3,19.9,78.3,24.8,7.0,5.37,4.99,0.255,0.3,0.4,0.9,1.0,0.6,0.909
55,Caleb Houstan,ORL,51,20,31,15.9,3.8,13.9,8.5,0.3,1.4,0.44,0.271,0.1,0.0,0.7,0.0,0.0,0.686
56,Caleb Martin,MIA,71,38,33,29.3,9.6,38.9,21.7,1.6,2.5,1.62,0.247,0.7,0.1,2.3,0.809,0.0,0.652
57,Cam Reddish,POR,40,14,26,24.7,9.7,28.5,17.8,1.5,3.1,2.17,0.34,0.6,0.0,0.7,0.783,0.0,1.138
58,Cam Thomas,BKN,57,30,27,16.6,10.6,28.9,13.4,2.4,4.88,4.34,0.366,0.4,0.0,0.2,1.0,0.0,1.231
59,Cameron Johnson,BKN,42,25,17,28.6,15.5,39.5,25.6,1.5,2.25,1.67,0.392,0.6,0.0,1.2,0.4,0.0,1.0
60,Cameron Payne,PHX,48,27,21,20.2,10.3,49.6,17.4,4.1,5.01,4.4,0.207,0.1,0.0,0.2,0.667,0.0,0.8
61,Caris LeVert,CLE,74,45,29,30.2,12.1,47.1,27.7,2.8,3.58,3.01,0.257,0.6,0.1,1.0,0.5,0.0,0.5
62,Carlik Jones,CHI,6,3,3,9.1,3.0,14.3,6.0,1.0,4.23,3.87,0.209,0.0,0.0,0.2,0.0,0.0,0.0
63,Cedi Osman,CLE,77,48,29,20.1,8.7,28.2,19.3,1.1,2.36,1.55,0.309,0.4,0.0,0.8,0.815,0.0,0.831
64,Chance Comanche,POR,1,0,1,20.8,7.0,24.0,9.0,0.8,1.94,0.46,0.292,3.0,0.0,3.0,1.333,0.0,0.667
65,Charles Bassey,SAS,35,9,26,14.5,5.7,24.9,14.2,0.6,1.49,0.42,0.228,1.9,0.4,4.7,0.424,0.769,0.976
66,Chima Moneke,SAC,2,1,1,4.0,1.0,6.5,5.0,0.1,1.12,0.54,0.154,0.5,0.0,1.5,0.0,0.0,0.667
67,Chimezie Metu,SAC,66,41,25,10.4,4.9,15.6,9.2,0.5,1.78,0.8,0.311,1.3,0.4,2.7,0.482,0.625,1.079
68,Chris Boucher,TOR,76,39,37,20.0,9.4,23.4,12.3,0.7,1.68,0.6,0.4,0.5,0.1,3.9,0.811,0.0,1.074
69,Chris Duarte,IND,46,19,27,19.5,7.9,29.1,18.9,1.1,2.2,1.54,0.27,0.3,0.0,0.5,0.833,0.0,0.87
70,Chris Paul,PHX,59,33,26,32.0,13.9,74.5,27.1,6.9,5.59,4.79,0.186,0.3,0.2,0.3,0.188,0.333,0.368
71,Chris Silva,DAL,1,1,0,3.0,2.0,4.0,1.0,0.1,2.21,1.0,0.5,0.0,1.0,0.0,0.0,2.0,0.0
72,Christian Braun,DEN,76,49,27,15.5,4.7,18.3,10.6,0.7,2.17,1.24,0.259,0.4,0.0,1.1,0.679,0.0,0.663
73,Christian Koloko,TOR,58,29,29,13.8,3.1,14.7,9.4,0.3,1.2,0.27,0.214,0.9,0.1,3.1,0.364,0.667,0.819
74,Christian Wood,DAL,67,33,34,25.9,16.6,46.0,26.0,1.7,2.27,1.04,0.361,2.2,1.9,4.2,0.641,0.729,1.014
75,Chuma Okeke,ORL,27,8,19,19.2,4.7,24.1,12.7,0.8,2.05,1.25,0.197,0.2,0.0,0.8,0.4,1.0,0.524
76,Clint Capela,ATL,65,35,30,26.6,12.0,37.0,18.0,0.8,1.3,0.27,0.324,2.5,0.5,10.1,0.553,0.686,1.026
77,Coby White,CHI,73,36,37,23.5,9.7,38.4,18.6,2.2,3.38,2.69,0.252,0.1,0.0,0.2,0.667,0.0,0.538
78,Cody Martin,CHA,7,2,5,19.1,5.0,21.4,13.3,0.9,2.56,1.66,0.233,0.1,0.0,1.1,0.0,0.0,0.5
79,Cody Zeller,MIA,15,6,9,14.4,6.5,23.0,14.6,0.7,1.77,0.64,0.284,2.6,0.1,4.2,0.667,0.0,0.746
80,Cole Anthony,ORL,60,28,32,25.9,13.0,52.9,18.9,4.1,4.71,4.1,0.246,0.4,0.0,1.0,0.68,0.0,0.793
81,Cole Swider,LAL,7,2,5,5.9,1.3,8.0,4.4,0.2,1.76,0.7,0.161,0.0,0.0,0.3,0.0,0.0,0.0
82,Collin Sexton,UTA,48,24,24,23.9,14.3,45.9,19.3,3.7,4.85,4.31,0.311,0.4,0.0,1.2,0.526,0.0,0.881
83,Corey Kispert,WAS,74,31,43,28.3,11.1,32.6,20.1,0.8,1.5,0.64,0.339,0.5,0.0,1.1,0.824,0.0,0.878
84,Cory Joseph,DET,62,12,50,19.8,6.9,40.5,15.5,3.3,4.9,4.96,0.17,0.2,0.0,0.3,0.2,0.0,0.6
85,D'Angelo Russell,LAL,71,39,32,32.5,17.8,79.2,34.1,5.4,4.09,3.43,0.225,0.5,0.1,0.7,0.838,0.8,0.769
86,Daishen Nix,HOU,57,15,42,16.0,4.0,36.0,14.6,2.7,4.49,4.32,0.11,0.1,0.0,0.2,1.0,0.0,0.692
87,Dalano Banton,TOR,31,17,14,9.0,4.6,20.6,9.5,1.3,3.77,2.86,0.223,0.1,0.0,0.7,1.0,0.0,1.304
88,Dalen Terry,CHI,37,18,19,5.8,2.2,8.4,4.2,0.4,2.73,2.17,0.268,0.1,0.0,0.4,0.0,0.0,0.308
89,Damian Jones,UTA,41,12,29,11.6,3.5,11.8,6.9,0.3,1.29,0.3,0.293,0.8,0.1,2.6,0.176,1.0,0.935
90,Damian Lillard,POR,58,27,31,36.3,32.2,88.1,37.4,7.6,5.16,4.57,0.365,0.4,0.1,0.6,0.625,1.0,0.556
91,Damion Lee,PHX,74,40,34,20.4,8.2,28.6,17.2,1.1,2.33,1.61,0.285,0.3,0.0,0.5,0.522,0.0,0.6
92,Daniel Gafford,WAS,78,32,46,20.6,9.0,29.2,16.3,0.7,1.51,0.35,0.309,2.1,0.4,5.4,0.623,0.629,1.19
93,Daniel Theis,IND,7,1,6,15.5,7.0,23.7,18.0,0.6,1.51,0.39,0.295,2.1,0.1,3.4,0.8,0.0,0.917
94,Danny Green,CLE,11,6,5,12.6,5.5,18.8,11.7,0.5,1.63,0.84,0.295,0.1,0.0,0.5,0.0,0.0,1.2
95,Danuel House Jr.,PHI,56,38,18,14.4,4.8,16.7,8.9,0.6,2.16,1.28,0.286,0.1,0.0,0.5,1.167,0.0,1.038
96,Dario Saric,OKC,57,26,31,14.1,6.4,23.7,13.9,0.7,1.72,0.83,0.268,0.9,0.5,2.0,0.593,0.667,0.85
97,Darius Bazley,PHX,43,19,24,14.3,5.2,23.2,11.3,0.8,2.04,1.17,0.224,0.9,0.2,1.9,0.622,0.5,0.738
98,Darius Days,HOU,4,0,4,6.2,3.8,10.8,5.5,0.2,1.19,0.14,0.349,0.0,0.0,0.0,0.0,0.0,0.0
99,Darius Garland,CLE,69,40,29,35.5,21.6,76.7,29.3,7.3,5.72,5.39,0.282,0.6,0.0,0.6,0.737,0.667,0.732
100,David Duke Jr.,BKN,23,10,13,9.9,3.7,13.9,6.8,0.8,3.6,3.03,0.266,0.0,0.0,0.5,0.0,0.0,0.818
101,David Roddy,MEM,70,44,26,18.0,6.7,20.9,13.0,0.7,2.0,1.13,0.319,0.4,0.1,0.9,0.667,1.25,1.154
102,Davion Mitchell,SAC,80,47,33,18.1,5.6,35.1,12.7,2.6,4.53,4.43,0.16,0.1,0.0,0.4,0.545,0.0,0.719
103,Davis Bertans,DAL,45,20,25,10.9,4.6,13.3,8.0,0.3,1.23,0.44,0.344,0.2,0.0,0.3,0.444,0.0,0.533
104,Davon Reed,LAL,43,29,14,8.0,2.1,14.6,7.1,0.7,2.8,2.06,0.142,0.1,0.1,0.3,0.0,0.0,0.286
105,Day'Ron Sharpe,BKN,48,22,26,11.5,4.7,18.8,11.4,0.5,1.72,0.69,0.252,1.5,0.4,4.2,0.527,0.368,0.797
106,De'Aaron Fox,SAC,73,44,29,33.4,25.0,78.2,24.5,6.6,5.04,4.67,0.32,0.3,0.1,0.7,0.609,0.667,1.0
107,De'Andre Hunter,ATL,67,35,32,31.7,15.4,38.0,23.7,1.4,2.23,1.39,0.404,0.9,0.5,1.2,0.883,0.917,0.913
108,De'Anthony Melton,PHI,77,50,27,27.9,10.1,47.6,23.9,2.1,2.64,1.87,0.213,0.6,0.0,1.2,0.5,0.0,0.426
109,DeAndre Jordan,DEN,39,23,16,15.0,5.1,19.7,11.3,0.4,1.33,0.24,0.259,2.4,0.2,4.0,0.074,0.571,1.135
110,DeMar DeRozan,CHI,73,36,37,36.2,24.5,59.4,36.0,4.6,4.63,3.74,0.413,1.6,2.7,0.6,0.737,0.784,0.721
111,Dean Wade,CLE,44,30,14,20.3,4.7,22.5,12.9,0.6,1.67,0.5,0.208,0.3,0.0,0.6,0.267,0.0,0.926
112,Deandre Ayton,PHX,67,36,31,30.4,18.0,51.9,27.9,1.4,1.64,0.47,0.346,5.3,4.0,11.1,0.804,0.713,1.008
113,Dejounte Murray,ATL,74,38,36,36.4,20.5,72.6,28.6,5.9,4.9,4.45,0.282,0.5,0.1,1.1,0.368,0.3,0.723
114,Delon Wright,WAS,50,26,24,24.4,7.4,47.5,18.7,4.0,4.99,4.48,0.155,0.3,0.0,1.2,0.588,0.0,0.576
115,Deni Avdija,WAS,76,33,43,26.6,9.2,44.8,21.6,2.1,2.81,2.06,0.205,0.7,0.1,1.9,0.648,0.25,0.651
116,Dennis Schroder,LAL,67,37,30,29.6,12.4,54.8,23.2,4.3,4.76,4.16,0.226,0.2,0.0,0.3,0.429,0.0,0.476
117,Dennis Smith Jr.,CHA,54,19,35,25.7,8.8,53.9,22.8,3.8,4.23,3.85,0.163,0.3,0.1,0.9,0.722,0.5,0.843
118,Deonte Burton,SAC,2,1,1,3.3,0.0,2.0,1.5,0.0,1.1,0.25,0.0,0.0,0.0,0.0,0.0,0.0,0.0
119,Dereon Seabron,NOP,5,2,3,2.3,0.8,2.8,1.6,0.2,3.24,2.57,0.286,0.0,0.0,0.2,0.0,0.0,2.0
120,Derrick Jones Jr.,CHI,63,28,35,13.9,4.9,17.9,9.5,0.4,1.29,0.4,0.273,0.7,0.0,2.2,0.829,0.667,0.912
121,Derrick Rose,NYK,27,12,15,12.5,5.6,26.9,10.7,1.9,4.25,3.86,0.21,0.2,0.0,0.4,0.667,0.0,1.0
122,Derrick White,BOS,82,57,25,28.3,12.4,47.6,20.3,3.2,4.05,3.43,0.26,0.5,0.0,1.1,0.533,0.0,0.708
123,Desmond Bane,MEM,58,38,20,31.7,21.5,63.8,34.6,3.1,2.93,2.12,0.337,0.8,0.0,0.9,1.067,0.0,0.98
124,Devin Booker,PHX,53,34,19,34.6,27.8,64.1,36.6,5.1,4.81,4.15,0.433,1.0,1.2,1.4,0.818,0.708,0.773
125,Devin Vassell,SAS,38,12,26,31.0,18.5,53.2,32.7,3.0,3.41,2.51,0.348,0.5,0.0,0.6,1.15,0.0,0.905
126,Devon Dotson,WAS,6,1,5,8.8,0.5,16.3,9.0,1.1,4.11,3.65,0.031,0.5,0.0,0.5,0.0,0.0,0.0
127,Devonte' Graham,SAS,73,31,42,18.3,7.4,34.9,16.6,2.1,3.54,2.87,0.212,0.2,0.0,0.2,0.462,0.0,0.667
128,Dewayne Dedmon,PHI,38,23,15,11.2,5.2,18.9,10.4,0.6,1.78,0.49,0.277,1.5,0.6,2.8,0.821,0.81,0.887
129,Dillon Brooks,MEM,73,46,27,30.3,14.3,41.2,26.7,1.8,2.67,1.78,0.348,0.4,0.2,0.8,0.774,0.667,0.828
130,Domantas Sabonis,SAC,79,47,32,34.6,19.1,83.5,48.1,3.4,2.43,1.4,0.229,8.5,4.4,9.6,0.607,0.47,0.864
131,Dominick Barlow,SAS,26,4,22,14.0,3.9,15.4,9.0,0.4,1.54,0.56,0.253,1.7,0.2,3.2,0.395,0.8,0.675
132,Donovan Mitchell,CLE,68,44,24,35.8,28.3,67.7,31.8,5.6,4.96,4.46,0.417,0.8,0.0,1.0,0.86,1.0,0.8
133,Donovan Williams,ATL,2,1,1,2.1,2.0,3.5,1.5,0.2,3.21,2.14,0.571,0.0,0.0,0.5,0.0,0.0,2.0
134,Donte DiVincenzo,GSW,71,41,30,26.3,9.2,48.3,23.3,2.2,2.68,2.11,0.191,0.7,0.0,1.6,0.383,0.0,0.637
135,Dorian Finney-Smith,BKN,66,31,35,30.4,8.3,37.7,22.2,1.0,1.56,0.67,0.222,0.6,0.0,2.0,0.385,0.0,0.786
136,Doug McDermott,SAS,63,19,44,20.5,10.2,28.2,20.4,0.8,1.66,0.79,0.361,0.3,0.0,1.0,1.059,2.0,1.082
137,Draymond Green,GSW,72,40,32,31.5,8.5,72.8,39.7,2.2,1.84,0.88,0.117,2.8,1.3,3.1,0.468,0.086,0.719
138,Drew Eubanks,POR,77,31,46,20.2,6.4,27.9,15.4,0.8,1.66,0.54,0.231,2.6,0.3,4.1,0.648,0.615,0.873
139,Dru Smith,BKN,15,7,8,10.6,2.9,18.7,6.6,1.3,4.3,4.25,0.157,0.2,0.0,0.4,1.333,0.0,0.333
140,Duane Washington Jr.,NYK,31,17,14,12.7,7.9,30.0,12.2,2.5,5.0,4.68,0.263,0.1,0.0,0.1,0.0,0.0,0.0
141,Duncan Robinson,MIA,42,19,23,16.4,6.4,23.0,16.1,0.7,1.73,0.82,0.277,0.2,0.0,0.4,1.0,0.0,1.25
142,Dwight Powell,DAL,76,37,39,19.2,6.7,25.1,14.3,0.7,1.6,0.55,0.266,2.1,0.1,5.8,0.369,0.857,0.941
143,Dylan Windler,CLE,3,3,0,3.5,1.7,6.3,5.0,0.1,1.13,0.21,0.263,0.0,0.0,0.0,0.0,0.0,0.0
144,Dyson Daniels,NOP,59,33,26,17.7,3.8,29.1,13.4,1.6,3.28,2.58,0.132,0.2,0.0,0.8,0.4,0.0,0.813
145,Edmond Sumner,BKN,53,33,20,13.9,7.1,23.4,11.0,1.5,3.96,3.45,0.305,0.3,0.0,0.6,0.714,0.0,1.061
146,Eric Gordon,LAC,69,25,44,28.5,12.4,38.6,23.4,2.2,3.47,2.88,0.321,0.2,0.0,0.4,0.625,2.0,1.28
147,Eugene Omoruyi,DET,40,10,30,16.1,7.0,20.4,13.2,0.5,1.56,0.76,0.342,0.7,0.1,2.6,0.679,1.2,0.931
148,Evan Fournier,NYK,27,15,12,17.0,6.1,22.3,16.0,0.9,2.43,1.77,0.274,0.1,0.0,0.2,0.0,0.0,0.8
149,Evan Mobley,CLE,79,48,31,34.4,16.2,59.9,31.2,1.9,1.93,0.74,0.27,4.4,2.0,8.5,0.612,0.599,0.948
150,Facundo Campazzo,DAL,8,2,6,6.5,1.3,14.9,7.4,0.9,3.57,3.26,0.084,0.0,0.0,0.1,0.0,0.0,0.0
151,Frank Jackson,UTA,1,0,1,5.1,0.0,10.0,2.0,0.6,3.46,3.2,0.0,0.0,0.0,1.0,0.0,0.0,0.0
152,Frank Kaminsky,HOU,36,13,23,6.5,2.5,13.4,8.3,0.4,1.72,0.68,0.185,0.2,0.2,0.7,0.25,1.0,0.769
153,Frank Ntilikina,DAL,47,20,27,12.9,2.9,17.8,8.1,0.9,3.09,2.56,0.162,0.1,0.0,0.2,0.5,0.0,0.5
154,Franz Wagner,ORL,80,33,47,32.6,18.6,52.9,32.0,3.2,3.62,2.99,0.351,0.7,0.4,1.9,0.786,0.679,0.954
155,Fred VanVleet,TOR,69,34,35,36.7,19.3,84.6,36.8,6.4,4.56,4.17,0.229,0.2,0.0,0.2,0.667,1.0,0.8
156,Furkan Korkmaz,PHI,37,24,13,9.6,3.8,14.2,9.2,0.7,2.95,2.32,0.267,0.2,0.0,0.4,1.143,0.0,1.231
157,Gabe Vincent,MIA,68,37,31,25.9,9.4,43.1,19.5,2.8,3.9,3.24,0.219,0.2,0.0,0.4,0.5,1.0,0.7
158,Gabe York,IND,3,1,2,18.6,8.0,20.7,16.7,0.6,1.66,1.16,0.387,0.3,0.0,0.3,0.0,0.0,2.0
159,Garrett Temple,NOP,25,16,9,6.5,2.0,8.3,5.1,0.3,1.89,1.17,0.24,0.1,0.0,0.2,0.667,0.0,0.333
160,Garrison Mathews,ATL,54,16,38,12.7,4.8,13.9,9.0,0.3,1.37,0.43,0.342,0.1,0.0,0.1,0.0,0.0,1.167
161,Gary Harris,ORL,48,22,26,24.7,8.3,21.5,16.1,0.7,2.02,1.44,0.385,0.1,0.0,0.6,1.2,0.0,0.778
162,Gary Payton II,GSW,22,13,9,16.7,4.6,23.1,13.0,0.6,1.54,0.65,0.199,0.6,0.1,2.3,0.143,1.0,0.72
163,Gary Trent Jr.,TOR,66,31,35,32.1,17.4,38.6,29.9,1.6,2.45,1.89,0.451,0.4,0.0,0.6,1.08,0.0,1.026
164,George Hill,IND,46,27,19,18.1,5.0,31.7,12.5,2.3,4.31,3.82,0.159,0.3,0.0,0.5,0.538,0.0,0.458
165,Georges Niang,PHI,78,51,27,19.4,8.2,28.8,15.4,0.6,1.34,0.45,0.284,0.1,0.0,0.3,0.4,0.0,1.296
166,Giannis Antetokounmpo,MIL,63,47,16,32.1,31.1,77.7,36.3,5.2,4.05,2.98,0.4,4.3,4.3,5.3,0.593,0.451,1.116
167,Goga Bitadze,ORL,38,13,25,12.0,4.4,18.2,11.8,0.5,1.64,0.59,0.242,0.9,0.3,3.4,0.486,0.385,0.822
168,Goran Dragic,MIL,57,26,31,15.0,6.4,33.2,13.1,2.4,4.26,3.71,0.191,0.2,0.1,0.2,0.667,0.6,0.833
169,Gordon Hayward,CHA,50,20,30,31.5,14.7,49.0,35.4,2.4,2.93,1.94,0.299,1.6,0.5,1.8,0.519,0.333,0.783
170,Gorgui Dieng,SAS,30,3,27,11.3,3.8,21.1,14.5,0.7,1.98,0.74,0.178,0.8,0.7,1.3,0.174,0.381,0.513
171,Grant Williams,BOS,79,55,24,25.9,8.1,29.7,16.3,0.9,1.81,0.76,0.273,0.6,0.1,1.6,0.4,0.444,0.696
172,Grayson Allen,MIL,72,53,19,27.4,10.4,35.0,23.2,1.4,2.37,1.43,0.297,0.3,0.0,1.0,0.545,0.0,0.551
173,Greg Brown III,POR,16,10,6,5.8,1.8,5.3,3.4,0.2,2.31,1.33,0.329,0.1,0.0,0.3,2.0,0.0,0.8
174,Hamidou Diallo,DET,55,12,43,17.7,9.2,27.8,13.7,1.1,2.34,1.67,0.33,1.1,0.1,2.0,1.15,0.0,1.204
175,Harrison Barnes,SAC,82,48,34,32.5,15.0,45.9,29.6,1.7,2.18,1.12,0.327,0.7,0.8,1.8,0.717,0.833,1.02
176,Haywood Highsmith,MIA,54,28,26,18.0,4.4,20.5,11.9,0.6,1.74,0.95,0.213,0.7,0.0,2.0,0.179,0.0,0.547
177,Herbert Jones,NOP,66,31,35,29.6,9.8,42.8,23.3,1.6,2.17,1.12,0.229,0.9,0.1,2.2,0.544,0.75,0.715
178,Immanuel Quickley,NYK,81,47,34,28.9,14.9,52.0,25.1,3.9,4.54,3.97,0.287,0.3,0.0,0.4,0.409,0.0,0.5
179,Isaac Okoro,CLE,76,48,28,21.7,6.4,19.8,12.8,0.6,1.9,1.0,0.325,0.4,0.0,1.1,0.5,2.0,0.884
180,Isaiah Hartenstein,NYK,82,47,35,19.9,5.0,29.8,14.3,0.7,1.41,0.28,0.166,1.9,0.2,5.0,0.357,0.688,0.689
181,Isaiah Jackson,IND,63,24,39,16.5,7.2,22.7,14.4,0.5,1.36,0.42,0.318,2.0,0.3,5.5,0.552,0.727,0.93
182,Isaiah Joe,OKC,73,36,37,19.1,9.5,25.2,15.8,0.8,2.01,1.33,0.376,0.4,0.0,0.4,0.517,0.0,0.806
183,Isaiah Livers,DET,51,10,41,23.1,6.7,26.0,16.3,0.8,1.93,0.91,0.257,0.3,0.1,0.5,0.765,1.333,0.778
184,Isaiah Mobley,CLE,12,8,4,7.0,2.6,11.7,6.3,0.5,2.33,0.92,0.221,0.1,0.7,0.8,0.0,0.5,1.333
185,Isaiah Roby,NYK,41,9,32,11.3,4.1,18.8,10.3,0.6,1.99,0.99,0.218,0.5,0.2,0.9,0.619,0.714,0.811
186,Isaiah Stewart,DET,49,12,37,28.3,11.4,39.2,22.2,1.1,1.7,0.71,0.291,1.5,0.8,4.7,0.784,0.421,0.805
187,Isaiah Todd,WAS,6,2,4,10.2,1.5,13.5,8.5,0.4,1.83,0.84,0.111,0.5,0.2,0.2,0.0,0.0,0.0
188,Ish Smith,DEN,43,25,18,9.3,2.5,21.7,8.0,1.8,5.12,5.01,0.116,0.1,0.0,0.2,0.0,0.0,0.4
189,Ish Wainright,PHX,60,33,27,15.3,4.2,15.7,10.2,0.4,1.51,0.72,0.266,0.1,0.0,0.7,0.0,0.0,0.732
190,Ivica Zubac,LAC,76,43,33,28.5,10.8,42.5,20.3,1.1,1.5,0.45,0.253,3.9,1.9,9.0,0.587,0.854,0.933
191,JD Davison,BOS,12,11,1,5.5,1.6,9.6,3.8,0.7,4.48,4.16,0.165,0.1,0.0,0.1,2.0,0.0,2.0
192,JT Thor,CHA,69,22,47,14.0,3.8,19.3,9.9,0.5,1.54,0.59,0.196,0.3,0.1,0.8,0.211,0.8,0.81
193,Ja Morant,MEM,61,40,21,31.9,26.2,77.0,25.8,7.6,5.88,5.12,0.34,0.5,0.1,1.4,0.621,0.0,0.977
194,JaMychal Green,GSW,57,30,27,14.0,6.4,22.1,14.0,0.5,1.3,0.34,0.29,1.0,0.6,2.9,0.589,0.219,1.006
195,JaVale McGee,DAL,42,20,22,8.4,4.4,11.7,6.3,0.3,1.47,0.46,0.379,1.1,0.4,3.1,0.717,0.824,0.932
196,Jabari Smith Jr.,HOU,79,21,58,31.0,12.8,46.4,23.6,1.5,1.95,1.02,0.275,1.2,0.9,2.6,0.685,0.703,1.02
197,Jabari Walker,POR,55,21,34,10.8,3.8,13.4,7.7,0.4,1.78,0.72,0.282,0.8,0.1,1.7,0.786,0.5,0.766
198,Jack White,DEN,17,13,4,3.9,1.2,5.7,3.1,0.2,1.62,0.68,0.216,0.1,0.0,0.8,0.0,0.0,0.462
199,Jacob Gilyard,MEM,1,0,1,40.8,3.0,77.0,18.0,6.5,5.09,5.01,0.039,0.0,0.0,0.0,0.0,0.0,0.0
200,Jaden Hardy,DAL,48,20,28,14.8,8.8,25.3,12.3,1.7,3.95,3.63,0.346,0.3,0.0,0.2,0.5,0.0,1.0
201,Jaden Ivey,DET,73,16,57,31.1,16.3,58.3,23.4,4.8,4.93,4.65,0.279,0.8,0.1,1.4,0.621,0.5,0.695
202,Jaden McDaniels,MIN,78,40,38,30.6,12.0,39.4,23.3,1.2,1.9,1.2,0.305,0.6,0.2,2.3,0.612,0.5,0.929
203,Jaden Springer,PHI,16,13,3,5.6,2.6,5.3,3.5,0.3,3.12,2.2,0.494,0.1,0.0,0.6,0.0,0.0,1.3
204,Jae Crowder,MIL,18,13,5,18.9,6.9,27.6,14.4,0.6,1.41,0.49,0.25,0.4,0.1,0.9,0.25,1.0,1.125
205,Jae'Sean Tate,HOU,31,7,24,21.9,9.1,40.9,21.6,2.4,3.52,2.58,0.223,0.6,1.2,2.3,0.4,0.649,0.7
206,Jake LaRavia,MEM,35,22,13,11.8,3.0,14.2,8.0,0.4,1.73,0.86,0.211,0.2,0.1,0.5,0.833,1.0,0.368
207,Jakob Poeltl,TOR,71,26,45,26.5,12.5,52.1,30.0,1.4,1.63,0.49,0.24,6.6,1.8,8.3,0.462,0.727,0.853
208,Jalen Brunson,NYK,68,40,28,35.0,24.0,84.3,29.2,8.5,6.04,5.65,0.285,0.2,0.9,0.3,0.385,0.629,0.522
209,Jalen Duren,DET,66,16,50,25.0,9.1,35.8,16.5,1.0,1.6,0.5,0.255,1.9,1.0,7.9,0.556,0.545,0.926
210,Jalen Green,HOU,76,20,56,34.2,22.1,65.9,34.1,4.9,4.41,3.94,0.336,0.4,0.0,0.9,0.621,0.0,0.929
211,Jalen Johnson,ATL,70,35,35,14.9,5.6,22.5,9.3,0.8,2.03,0.97,0.251,0.5,0.1,1.3,0.816,0.625,0.9
212,Jalen McDaniels,PHI,80,31,49,23.9,9.4,35.4,18.8,1.2,2.05,1.21,0.267,0.5,0.1,1.9,0.842,0.0,1.182
213,Jalen Smith,IND,68,31,37,18.8,9.4,29.9,18.0,0.7,1.42,0.46,0.316,1.3,0.5,4.1,0.756,0.541,0.947
214,Jalen Suggs,ORL,53,20,33,23.5,9.9,43.1,18.2,2.6,3.68,2.99,0.229,0.3,0.1,1.3,0.6,0.571,0.592
215,Jalen Williams,OKC,75,36,39,30.3,14.1,46.5,22.2,2.7,3.44,2.98,0.303,0.8,0.0,2.2,0.968,0.0,1.042
216,Jamal Cain,MIA,18,10,8,13.3,5.4,14.3,7.9,0.4,1.75,0.86,0.38,0.1,0.0,2.4,0.0,0.0,1.091
217,Jamal Murray,DEN,65,43,22,32.8,20.0,71.4,33.9,5.7,4.81,4.2,0.28,1.1,0.7,1.2,0.71,0.711,0.848
218,Jamaree Bouyea,WAS,5,2,3,14.1,3.0,23.6,9.6,1.7,4.37,3.7,0.127,0.0,0.0,0.0,0.0,0.0,0.0
219,James Bouknight,CHA,34,9,25,15.2,5.6,22.4,13.1,1.2,3.12,2.4,0.25,0.1,0.0,0.3,1.667,0.0,0.2
220,James Harden,PHI,58,39,19,36.8,21.0,93.5,34.0,8.6,5.5,4.77,0.224,0.3,0.4,0.7,0.45,0.76,0.462
221,James Johnson,IND,18,7,11,9.0,2.8,12.9,7.2,0.6,2.86,2.47,0.219,0.3,0.3,0.4,0.4,0.8,0.429
222,James Wiseman,DET,45,11,34,19.3,10.0,32.3,15.0,0.8,1.48,0.37,0.31,2.0,1.9,5.9,0.891,0.69,1.09
223,Jared Butler,OKC,6,3,3,12.8,6.2,25.0,13.3,1.6,3.85,3.28,0.247,0.2,0.0,0.3,0.0,0.0,0.0
224,Jared Rhoden,DET,14,2,12,14.1,3.2,17.1,10.1,0.5,1.81,0.84,0.188,0.1,0.1,1.0,1.0,0.0,0.571
225,Jaren Jackson Jr.,MEM,63,41,22,28.4,18.6,41.7,24.7,1.4,1.97,0.96,0.447,1.7,2.8,4.3,0.802,0.833,1.199
226,Jarred Vanderbilt,LAL,78,43,35,24.1,7.9,31.6,17.1,1.1,2.1,1.24,0.252,1.7,0.0,5.2,0.496,0.0,0.805
227,Jarrell Brantley,UTA,4,0,4,9.7,5.5,17.5,10.0,0.5,1.87,1.37,0.314,0.3,0.0,0.3,0.0,0.0,2.0
228,Jarrett Allen,CLE,68,44,24,32.6,14.3,42.6,25.2,1.1,1.52,0.32,0.334,5.3,1.0,11.2,0.54,0.567,0.996
229,Jarrett Culver,ATL,10,5,5,13.7,4.4,20.5,10.9,0.7,2.12,1.14,0.215,0.1,0.0,1.2,0.0,0.0,1.0
230,Jason Preston,LAC,14,4,10,8.8,2.9,22.1,7.1,1.7,4.66,4.31,0.132,0.1,0.0,0.1,2.0,0.0,1.0
231,Javonte Green,CHI,32,13,19,15.0,5.2,21.8,10.8,0.5,1.24,0.44,0.236,0.5,0.0,1.7,1.0,0.0,1.222
232,Jaxson Hayes,NOP,47,22,25,13.0,5.0,15.8,10.1,0.4,1.47,0.6,0.313,0.9,0.1,2.4,0.85,0.286,1.018
233,Jay Huff,WAS,7,2,5,13.6,7.3,17.9,12.6,0.4,1.5,0.42,0.408,2.0,0.3,2.9,0.429,0.0,0.7
234,Jay Scrubb,ORL,2,1,1,15.1,6.5,24.5,9.0,1.6,3.97,3.37,0.265,0.0,0.0,0.5,0.0,0.0,1.0
235,Jaylen Brown,BOS,67,46,21,35.9,26.6,64.0,34.8,3.7,3.49,2.8,0.416,1.5,0.7,2.4,0.718,0.689,0.886
236,Jaylen Nowell,MIN,65,34,31,19.3,10.8,33.2,18.6,1.8,3.27,2.93,0.326,0.2,0.0,0.7,1.438,0.0,1.085
237,Jaylin Williams,OKC,49,23,26,18.7,5.9,36.7,20.3,0.9,1.44,0.36,0.16,1.7,0.1,2.4,0.407,0.0,0.597
238,Jayson Tatum,BOS,74,52,22,36.9,30.1,74.9,39.2,4.8,3.87,2.85,0.401,2.5,1.3,3.0,0.888,0.969,0.982
239,Jeenathan Williams,POR,4,1,3,23.7,9.3,18.8,13.0,0.7,2.21,1.24,0.493,0.5,0.0,2.3,2.0,0.0,0.889
240,Jeff Dowtin Jr.,TOR,25,17,8,10.3,2.4,17.6,8.3,1.1,3.8,3.45,0.139,0.2,0.0,0.4,0.667,0.0,0.667
241,Jeff Green,DEN,56,33,23,19.5,7.8,25.7,17.1,0.8,1.95,0.85,0.304,1.1,1.2,1.9,0.603,0.456,0.981
242,Jerami Grant,POR,63,28,35,35.6,20.5,53.3,32.9,2.2,2.51,1.44,0.384,0.9,2.7,1.9,0.509,0.434,1.0
243,Jeremiah Robinson-Earl,OKC,43,16,27,18.9,6.8,28.0,15.2,0.6,1.2,0.4,0.243,0.7,0.1,2.9,0.567,0.0,0.675
244,Jeremy Sochan,SAS,55,15,40,26.1,11.1,44.3,21.9,2.2,2.92,2.24,0.25,1.2,1.1,3.4,0.716,0.29,1.021
245,Jericho Sims,NYK,52,31,21,15.6,3.4,19.6,8.0,0.4,1.27,0.33,0.175,0.5,0.0,3.6,0.519,0.0,0.865
246,Jevon Carter,MIL,81,57,24,22.4,8.0,38.5,15.1,2.7,4.2,3.7,0.209,0.3,0.0,0.5,0.182,0.0,0.227
247,Jimmy Butler,MIA,64,35,29,33.4,22.9,63.3,37.2,4.6,4.39,3.24,0.362,1.9,2.7,5.8,0.504,0.485,0.881
248,Jock Landale,PHX,69,35,34,14.2,6.6,23.6,15.4,0.6,1.5,0.48,0.28,2.3,1.3,5.0,0.494,0.769,0.876
249,Joe Harris,BKN,74,40,34,20.6,7.6,21.8,15.7,0.5,1.44,0.76,0.349,0.3,0.0,0.5,0.842,0.0,0.974
250,Joe Ingles,MIL,46,32,14,22.7,6.9,33.2,20.2,1.7,2.99,1.78,0.208,0.1,0.0,0.2,0.667,0.0,0.444
251,Joe Wieskamp,TOR,9,6,3,5.5,1.0,5.1,4.2,0.1,1.59,0.94,0.196,0.1,0.0,0.0,0.0,0.0,0.0
252,Joel Embiid,PHI,66,43,23,34.6,33.1,71.0,51.4,3.1,2.6,1.18,0.466,8.8,6.5,4.8,0.75,0.7,1.113
253,John Butler Jr.,POR,18,4,14,10.3,1.8,8.3,5.1,0.2,1.52,0.76,0.221,0.2,0.0,0.4,0.667,0.0,1.143
254,John Collins,ATL,71,37,34,30.0,13.1,42.7,21.5,1.2,1.64,0.51,0.307,1.3,2.4,3.4,0.821,0.706,1.134
255,John Konchar,MEM,72,45,27,20.7,5.1,30.1,14.5,0.9,1.77,0.84,0.168,0.4,0.0,1.1,0.481,0.0,0.901
256,John Wall,LAC,34,15,19,22.2,11.4,55.4,18.2,5.2,5.58,4.98,0.205,0.2,0.4,0.2,0.0,0.667,0.75
257,Johnny Davis,WAS,28,10,18,15.1,5.8,20.0,12.8,0.7,2.19,1.52,0.291,0.2,0.0,0.4,0.4,0.0,1.167
258,Johnny Juzang,UTA,18,6,12,12.9,4.8,16.3,10.2,0.6,2.3,1.58,0.296,0.1,0.0,0.4,1.0,0.0,0.5
259,Jonas Valanciunas,NOP,79,40,39,24.9,14.1,50.5,30.9,1.5,1.83,0.59,0.28,2.9,4.9,6.5,0.547,0.637,1.117
260,Jonathan Isaac,ORL,11,8,3,11.3,5.0,19.5,10.0,0.6,1.69,0.7,0.256,0.7,0.7,2.4,0.25,0.5,0.808
261,Jonathan Kuminga,GSW,67,38,29,20.8,9.9,34.1,19.8,1.4,2.4,1.46,0.291,1.2,1.2,2.3,0.846,0.373,0.85
262,Jordan Clarkson,UTA,61,30,31,32.6,20.8,56.1,31.7,3.9,4.17,3.52,0.371,0.7,0.2,1.4,0.829,0.571,0.871
263,Jordan Goodwin,WAS,62,22,40,17.8,6.6,37.9,15.1,2.7,4.24,3.87,0.173,0.3,0.0,1.1,0.35,2.0,0.75
264,Jordan Hall,SAS,9,1,8,9.2,3.1,17.8,8.9,1.1,3.64,2.98,0.175,0.0,0.0,0.3,0.0,0.0,0.0
265,Jordan McLaughlin,MIN,42,21,21,15.7,3.7,35.5,12.4,2.4,4.09,3.68,0.104,0.2,0.0,0.4,0.5,0.0,0.667
266,Jordan Nwora,IND,62,36,26,19.2,8.7,26.9,16.6,1.0,2.25,1.5,0.325,0.4,0.0,0.8,0.636,0.0,0.808
267,Jordan Poole,GSW,81,43,38,30.0,20.4,65.7,32.4,4.6,4.19,3.79,0.31,0.7,0.0,0.9,0.983,2.0,0.822
268,Jordan Schakel,WAS,2,0,2,3.1,1.5,5.0,2.5,0.3,3.06,3.0,0.3,0.0,0.0,0.0,0.0,0.0,0.0
269,Jose Alvarado,NOP,61,30,31,21.5,9.0,46.0,18.1,3.3,4.32,4.17,0.196,0.2,0.0,0.6,1.0,0.0,0.444
270,Josh Christopher,HOU,64,16,48,12.3,5.8,18.7,11.6,1.1,3.6,3.42,0.31,0.2,0.0,0.4,0.667,2.0,0.769
271,Josh Giddey,OKC,76,34,42,31.1,16.6,76.7,36.5,4.4,3.47,2.79,0.216,1.3,0.3,2.9,0.727,0.0,0.835
272,Josh Green,DAL,60,27,33,25.7,9.1,34.2,17.2,1.6,2.79,2.08,0.266,0.7,0.0,1.4,0.756,0.0,0.329
273,Josh Hart,NYK,76,42,34,32.3,9.8,43.7,22.0,2.0,2.72,2.1,0.224,0.7,0.0,1.9,0.294,0.667,0.624
274,Josh Minott,MIN,14,6,8,6.5,3.3,7.6,4.4,0.2,1.76,0.99,0.434,0.1,0.0,0.9,2.0,0.0,1.385
275,Josh Okogie,PHX,72,38,34,18.8,7.3,23.7,13.6,0.9,2.39,1.69,0.31,0.4,0.0,1.6,0.464,0.0,0.588
276,Josh Richardson,NOP,64,24,40,23.6,10.1,41.7,21.0,2.3,3.3,2.57,0.242,0.3,0.0,0.8,0.25,0.0,0.7
277,Joshua Primo,SAS,4,3,1,23.3,7.0,43.0,15.3,3.2,4.52,4.45,0.163,0.5,0.0,1.0,0.0,0.0,0.5
278,Jrue Holiday,MIL,67,50,17,32.6,19.3,73.1,25.3,6.1,5.01,4.55,0.263,0.9,0.9,2.4,0.417,0.597,0.675
279,Juan Toscano-Anderson,UTA,52,19,33,13.5,3.0,19.7,9.3,0.7,2.08,1.29,0.151,0.4,0.1,1.6,0.478,0.0,0.53
280,Juancho Hernangomez,TOR,42,20,22,14.6,2.9,17.0,9.2,0.4,1.41,0.51,0.171,0.4,0.1,1.1,0.2,0.667,0.854
281,Julian Champagnie,SAS,15,6,9,17.5,7.8,23.1,13.5,0.6,1.46,0.58,0.337,0.5,0.1,1.3,1.25,0.0,0.842
282,Julius Randle,NYK,77,44,33,35.5,25.1,69.4,43.5,3.5,3.0,1.91,0.362,2.1,3.6,3.1,0.695,0.581,1.021
283,Justin Champagnie,BOS,5,4,1,6.9,2.2,10.0,5.8,0.3,1.88,1.04,0.22,0.8,0.0,1.4,0.0,0.0,0.857
284,Justin Holiday,DAL,46,18,28,15.4,4.5,17.3,11.2,0.5,1.61,0.77,0.257,0.3,0.0,0.6,0.286,0.0,0.5
285,Justin Jackson,BOS,23,15,8,4.7,0.9,5.1,3.0,0.2,1.77,1.1,0.169,0.0,0.0,0.1,2.0,0.0,1.5
286,Justin Minaya,POR,3,0,3,20.4,3.3,24.3,13.7,0.7,1.65,0.96,0.137,0.7,0.0,1.3,0.0,0.0,0.5
287,Justise Winslow,POR,29,15,14,26.8,6.8,52.4,22.8,3.1,3.57,2.83,0.129,0.8,0.3,3.2,0.5,0.25,0.742
288,Jusuf Nurkic,POR,52,24,28,26.8,13.3,53.8,31.6,1.5,1.65,0.59,0.248,3.4,4.5,5.5,0.571,0.591,0.915
289,KZ Okpala,SAC,35,19,16,7.1,1.3,7.0,4.9,0.2,1.72,0.79,0.189,0.0,0.0,0.5,0.0,0.0,0.75
290,Kai Jones,CHA,46,13,33,11.9,3.4,13.7,7.2,0.4,1.82,0.8,0.248,0.2,0.1,1.8,0.889,1.333,0.859
291,Karl-Anthony Towns,MIN,28,14,14,33.2,20.7,60.7,42.5,2.2,2.22,0.81,0.341,2.0,4.0,2.3,0.855,0.405,1.063
292,Kawhi Leonard,LAC,52,33,19,33.6,23.8,57.2,36.3,3.9,4.12,3.31,0.417,2.4,2.8,2.1,0.651,0.51,0.741
293,Keegan Murray,SAC,80,47,33,29.8,12.2,34.9,24.2,1.0,1.66,0.8,0.349,0.5,0.2,2.1,0.722,0.615,0.875
294,Keita Bates-Diop,SAS,64,17,47,21.8,9.3,25.9,16.6,0.9,2.18,1.27,0.358,0.8,0.7,2.3,0.537,0.465,1.027
295,Keldon Johnson,SAS,61,16,45,32.8,22.0,57.7,33.9,2.8,2.96,2.08,0.382,0.9,0.8,1.5,0.818,0.49,0.989
296,Kelly Olynyk,UTA,68,28,40,28.6,12.5,56.1,28.4,2.0,2.14,0.91,0.222,1.3,0.7,2.6,0.54,0.289,0.815
297,Kelly Oubre Jr.,CHA,48,16,32,32.2,20.3,44.7,31.8,1.7,2.26,1.39,0.453,1.0,0.0,2.1,0.92,0.0,0.891
298,Kemba Walker,DAL,9,5,4,16.0,8.0,28.7,12.2,2.6,5.47,5.37,0.279,0.0,0.0,0.0,0.0,0.0,0.0
299,Kendall Brown,IND,6,1,5,6.7,1.5,6.7,4.5,0.2,1.61,1.45,0.225,0.0,0.0,0.3,0.0,0.0,1.0
300,Kendrick Nunn,WAS,70,30,40,13.8,7.1,20.4,11.2,1.4,3.98,3.48,0.347,0.2,0.0,0.4,0.625,0.0,1.034
301,Kennedy Chandler,MEM,36,22,14,7.8,2.2,16.3,5.8,1.5,5.36,4.75,0.133,0.1,0.0,0.5,1.0,0.0,0.722
302,Kenneth Lofton Jr.,MEM,24,15,9,7.3,5.0,11.6,8.4,0.5,2.34,1.2,0.43,1.5,0.8,1.6,0.686,0.556,1.154
303,Kenrich Williams,OKC,53,26,27,22.8,8.0,31.2,19.2,1.0,1.87,1.22,0.257,1.1,0.3,3.5,0.644,0.267,0.811
304,Kentavious Caldwell-Pope,DEN,76,51,25,31.3,10.8,38.2,25.5,1.2,1.95,1.04,0.283,0.8,0.0,1.1,0.807,0.0,0.744
305,Kenyon Martin Jr.,HOU,82,22,60,28.0,12.7,35.5,22.1,0.9,1.5,0.8,0.356,1.7,0.0,4.0,0.784,0.0,1.097
306,Keon Ellis,SAC,16,7,9,4.4,1.5,6.7,3.9,0.2,2.24,1.5,0.224,0.0,0.0,0.1,0.0,0.0,1.0
307,Keon Johnson,POR,40,13,27,10.4,4.7,21.3,8.8,1.9,5.33,4.82,0.222,0.2,0.0,0.4,0.0,0.0,0.313
308,Kessler Edwards,SAC,36,17,19,10.7,2.8,13.1,8.0,0.4,1.61,0.71,0.212,0.1,0.0,0.8,1.2,0.0,0.655
309,Kevin Durant,PHX,47,34,13,35.6,29.1,66.3,38.8,4.0,3.63,2.55,0.438,2.5,3.3,1.2,0.839,0.627,1.281
310,Kevin Huerter,SAC,75,44,31,29.4,15.2,44.0,30.5,1.6,2.22,1.46,0.346,0.8,0.0,1.7,0.783,0.0,1.095
311,Kevin Knox II,POR,62,12,50,15.0,6.3,21.5,10.4,0.6,1.68,0.77,0.293,0.2,0.0,0.8,0.818,0.0,0.98
312,Kevin Love,MIA,62,35,27,20.0,8.2,37.7,20.3,1.1,1.8,0.46,0.218,0.5,1.5,1.8,0.276,0.385,0.702
313,Kevin Porter Jr.,HOU,59,18,41,34.3,19.2,79.0,34.8,6.9,5.21,4.8,0.242,0.7,0.1,1.6,0.308,0.571,0.691
314,Kevon Harris,ORL,34,12,22,13.4,4.1,13.4,7.9,0.7,3.15,2.56,0.31,0.3,0.0,1.1,0.667,0.0,1.027
315,Kevon Looney,GSW,81,43,38,23.9,7.0,41.3,25.1,1.0,1.51,0.42,0.169,2.5,0.4,6.1,0.438,0.235,0.733
316,Khem Birch,SAS,20,9,11,8.1,2.2,10.4,6.1,0.2,1.38,0.56,0.208,0.8,0.3,1.6,0.875,0.4,0.742
317,Khris Middleton,MIL,33,25,8,24.3,15.1,48.8,25.2,3.2,3.93,3.17,0.309,0.8,1.7,1.3,0.615,0.596,0.698
318,Killian Hayes,DET,75,16,59,28.3,10.4,62.1,21.6,5.5,5.32,5.04,0.168,0.3,0.0,0.5,0.667,1.333,0.475
319,Kira Lewis Jr.,NOP,25,11,14,9.4,4.6,20.4,9.4,1.2,3.55,3.03,0.224,0.1,0.0,0.2,1.0,0.0,1.25
320,Klay Thompson,GSW,68,37,31,33.2,22.0,47.9,37.3,1.7,2.13,1.35,0.459,1.0,0.3,1.5,0.786,0.824,0.893
321,Kobi Simmons,CHA,5,1,4,5.6,1.0,8.4,4.8,0.3,2.48,1.65,0.119,0.0,0.0,0.2,0.0,0.0,0.0
322,Kris Dunn,UTA,22,8,14,25.8,13.2,65.4,19.5,5.1,4.65,4.01,0.202,0.4,0.0,0.5,0.5,0.0,1.091
323,Kristaps Porzingis,WAS,65,27,38,32.6,23.2,60.2,40.0,1.8,1.81,0.68,0.385,3.8,4.0,4.7,0.759,0.904,1.076
324,Kyle Anderson,MIN,68,35,33,28.4,9.4,52.5,30.1,2.4,2.74,1.64,0.179,1.7,0.1,2.2,0.386,0.5,0.651
325,Kyle Kuzma,WAS,64,29,35,35.0,21.2,59.3,33.6,3.3,3.35,2.42,0.358,1.0,0.7,1.8,0.548,0.523,1.061
326,Kyle Lowry,MIA,55,30,25,31.2,11.2,69.6,32.3,4.1,3.53,2.57,0.161,0.3,0.1,0.9,0.222,0.0,0.404
327,Kyrie Irving,DAL,60,32,28,37.3,27.1,75.7,32.5,5.7,4.51,3.81,0.357,1.3,0.3,1.6,0.773,0.6,0.938
328,LaMelo Ball,CHA,36,13,23,35.2,23.3,90.2,29.9,7.4,4.9,4.79,0.258,0.4,0.0,1.4,0.2,0.0,0.725
329,Lamar Stevens,CLE,62,39,23,18.1,5.3,20.7,10.5,0.7,2.01,0.91,0.255,0.4,0.1,1.3,0.48,1.143,0.675
330,Landry Shamet,PHX,40,19,21,20.2,8.7,35.4,18.4,1.8,3.12,2.73,0.245,0.4,0.0,0.4,0.533,0.0,0.8
331,Larry Nance Jr.,NOP,65,34,31,21.2,6.8,30.1,19.0,0.9,1.82,0.73,0.225,3.0,0.5,4.4,0.443,0.333,0.931
332,Lauri Markkanen,UTA,66,32,34,34.4,25.6,51.5,32.3,1.9,2.17,1.09,0.497,1.9,1.5,4.4,1.144,0.594,1.21
333,LeBron James,LAL,55,30,25,35.5,28.9,78.4,37.2,5.7,4.34,3.24,0.369,2.9,3.8,3.6,0.774,0.536,1.146
334,Leandro Bolmaro,UTA,14,8,6,4.9,0.4,8.2,3.4,0.6,4.53,4.24,0.052,0.1,0.0,0.4,0.0,0.0,0.0
335,Lester Quinones,GSW,4,4,0,4.5,2.5,11.8,6.3,0.7,3.76,3.34,0.213,0.3,0.0,0.5,0.0,0.0,0.0
336,Lindell Wigginton,MIL,7,4,3,12.4,7.1,23.9,9.0,2.1,5.26,4.96,0.299,0.1,0.0,0.1,0.0,0.0,0.0
337,Lindy Waters III,OKC,41,20,21,12.9,5.2,16.1,10.6,0.4,1.64,0.9,0.324,0.1,0.0,0.5,0.8,0.0,0.667
338,Lonnie Walker IV,LAL,56,27,29,23.2,11.7,25.2,15.2,1.3,3.12,2.45,0.464,0.4,0.0,0.6,0.7,0.0,0.909
339,Louis King,PHI,1,1,0,28.8,20.0,41.0,26.0,2.1,3.03,2.24,0.488,0.0,0.0,1.0,0.0,0.0,2.0
340,Luguentz Dort,OKC,74,36,38,30.7,13.7,37.1,22.1,1.9,3.1,2.61,0.369,0.5,0.1,2.4,0.514,0.5,0.609
341,Luka Doncic,DAL,66,33,33,36.2,32.4,89.6,34.1,9.1,6.12,5.3,0.362,0.7,4.4,1.0,0.783,0.702,1.088
342,Luka Garza,MIN,27,14,13,8.8,6.6,15.2,9.8,0.4,1.57,0.63,0.432,0.7,0.6,2.4,0.2,1.059,1.234
343,Luka Samanic,UTA,7,2,5,23.0,9.9,34.1,19.9,0.9,1.54,0.79,0.289,1.0,0.9,2.0,0.429,0.5,1.429
344,Luke Kennard,MEM,59,37,22,22.3,9.3,27.3,17.2,1.0,2.23,1.39,0.339,0.3,0.0,0.3,0.5,0.0,0.75
345,Luke Kornet,BOS,69,45,24,11.7,3.8,12.9,8.0,0.3,1.27,0.29,0.292,0.7,0.1,3.2,0.457,0.5,1.027
346,Mac McClung,PHI,2,2,0,20.5,12.5,37.5,22.5,2.3,3.74,3.44,0.333,0.5,0.0,1.5,2.0,0.0,1.333
347,Malachi Flynn,TOR,53,29,24,13.0,4.6,26.4,12.0,1.8,4.08,3.41,0.176,0.1,0.0,0.2,0.4,0.0,0.6
348,Malaki Branham,SAS,63,14,49,23.5,10.2,35.5,15.9,2.1,3.55,3.12,0.287,0.3,0.0,0.5,1.105,0.0,1.0
349,Malcolm Brogdon,BOS,67,46,21,26.0,14.9,53.1,21.7,4.0,4.47,4.43,0.281,0.4,0.0,0.8,0.76,0.0,0.818
350,Malcolm Hill,CHI,4,3,1,2.0,1.3,2.0,1.3,0.1,2.13,1.13,0.625,0.0,0.0,0.0,0.0,0.0,0.0
351,Malik Beasley,LAL,81,45,36,25.8,12.7,34.3,21.2,1.3,2.31,1.64,0.369,0.3,0.0,0.4,0.952,0.0,0.903
352,Malik Monk,SAC,77,47,30,22.3,13.5,40.4,25.1,1.9,2.88,2.4,0.335,0.3,0.0,0.9,0.417,0.0,0.821
353,Mamadi Diakite,CLE,22,15,7,8.0,2.6,11.5,6.5,0.3,1.71,0.52,0.224,0.9,0.0,1.3,0.2,0.0,0.621
354,MarJon Beauchamp,MIL,52,34,18,13.5,5.1,14.9,10.3,0.6,2.3,1.67,0.344,0.2,0.0,0.9,0.583,0.0,0.511
355,Marcus Morris Sr.,LAC,65,35,30,28.1,11.2,37.0,24.2,1.3,2.14,1.13,0.303,1.1,1.6,0.6,0.681,0.788,1.0
356,Marcus Smart,BOS,61,43,18,32.1,11.5,59.6,25.5,4.1,4.08,3.35,0.194,0.4,1.1,1.1,0.308,0.4,0.486
357,Mark Williams,CHA,43,18,25,19.3,9.0,22.3,12.3,0.6,1.49,0.39,0.404,1.8,1.1,6.1,0.696,0.708,1.129
358,Markelle Fultz,ORL,60,29,31,29.6,14.0,66.6,22.2,5.5,4.94,4.62,0.21,0.6,0.6,1.9,0.571,0.4,0.853
359,Markieff Morris,DAL,35,17,18,10.1,3.8,14.5,9.1,0.4,1.59,0.5,0.26,0.3,0.3,0.5,0.222,0.6,0.737
360,Marko Simonovic,CHI,6,2,4,3.1,1.0,5.5,2.8,0.1,1.29,0.18,0.182,0.3,0.0,0.3,0.0,0.0,0.0
361,Marvin Bagley III,DET,42,7,35,23.6,12.0,34.1,20.2,1.1,2.01,0.83,0.351,1.6,2.5,4.3,0.721,0.457,1.044
362,Mason Plumlee,LAC,79,28,51,26.0,10.8,40.8,24.6,1.5,2.2,1.0,0.266,2.7,1.6,7.0,0.465,0.5,0.879
363,Matisse Thybulle,POR,71,38,33,16.9,4.1,15.8,8.9,0.4,1.43,0.74,0.261,0.1,0.0,1.1,0.1,0.0,0.696
364,Matt Ryan,MIN,33,14,19,9.3,3.7,10.8,7.5,0.3,1.51,0.61,0.342,0.1,0.0,0.2,0.0,0.0,1.2
365,Matthew Dellavedova,SAC,32,19,13,6.7,1.5,15.2,5.2,1.1,4.51,4.41,0.097,0.1,0.0,0.1,0.0,0.0,0.5
366,Max Christie,LAL,41,19,22,12.5,3.1,12.1,6.8,0.4,1.96,1.22,0.257,0.1,0.0,0.4,0.4,0.0,0.267
367,Max Strus,MIA,80,42,38,28.4,11.5,44.1,26.5,1.3,1.7,0.86,0.262,0.4,0.0,1.2,0.879,0.0,0.989
368,Maxi Kleber,DAL,37,18,19,25.1,5.9,32.5,17.8,0.7,1.31,0.31,0.183,1.0,0.1,2.0,0.289,0.667,0.667
369,McKinley Wright IV,DAL,27,14,13,12.4,4.2,24.8,9.6,1.9,4.63,4.45,0.17,0.1,0.0,0.3,0.0,0.0,0.0
370,Meyers Leonard,MIL,9,6,3,12.6,4.8,17.7,10.3,0.4,1.51,0.24,0.27,1.2,0.2,3.6,0.545,0.0,0.688
371,Mfiondu Kabengele,BOS,4,3,1,9.1,1.5,10.0,5.0,0.2,1.19,0.3,0.15,0.0,0.0,2.8,0.0,0.0,0.364
372,Micah Potter,UTA,7,4,3,7.5,3.4,12.6,5.4,0.3,1.53,0.42,0.273,0.3,0.1,0.7,1.0,0.0,1.6
373,Michael Carter-Williams,ORL,4,1,3,11.1,4.3,25.0,8.0,2.4,5.79,5.15,0.17,0.0,0.0,0.3,0.0,0.0,0.0
374,Michael Foster Jr.,PHI,1,1,0,1.0,0.0,1.0,0.0,0.0,2.08,0.0,0.0,0.0,0.0,0.0,0.0,0.0,0.0
375,Michael Porter Jr.,DEN,62,41,21,29.0,17.4,36.7,23.3,1.2,1.95,0.98,0.474,1.5,0.2,2.1,0.817,0.667,1.188
376,Mikal Bridges,BKN,83,42,41,35.7,20.1,51.3,31.5,2.3,2.72,2.12,0.392,1.2,0.5,1.6,0.657,0.591,0.823
377,Mike Conley,MIN,66,33,33,30.4,11.8,70.2,28.1,5.9,5.02,4.59,0.168,0.3,0.0,0.4,0.381,0.0,0.414
378,Mike Muscala,BOS,63,32,31,15.0,6.1,25.7,12.9,0.5,1.14,0.26,0.237,0.6,0.1,1.5,0.541,0.286,0.75
379,Miles McBride,NYK,64,36,28,11.9,3.5,18.8,8.9,1.2,3.68,3.24,0.185,0.2,0.0,0.3,1.333,0.0,0.476
380,Mitchell Robinson,NYK,59,35,24,26.9,7.4,27.2,13.7,0.6,1.31,0.3,0.271,0.8,0.3,7.7,0.064,0.667,0.894
381,Mo Bamba,LAL,49,25,24,15.7,6.6,24.8,14.6,0.7,1.69,0.45,0.265,0.8,0.4,2.6,0.475,0.526,1.047
382,Monte Morris,WAS,62,28,34,27.4,10.3,57.9,22.5,4.8,5.0,4.59,0.177,0.2,0.0,0.3,0.583,0.0,0.526
383,Montrezl Harrell,PHI,57,35,22,11.9,5.6,17.2,11.4,0.5,1.89,0.83,0.327,1.4,1.1,3.3,0.532,0.692,0.984
384,Moritz Wagner,ORL,57,27,30,19.5,10.5,35.1,21.6,1.0,1.72,0.56,0.3,2.0,0.3,3.4,0.816,1.0,0.98
385,Moses Brown,BKN,36,17,19,8.2,4.3,11.2,5.0,0.3,1.56,0.41,0.385,0.6,0.1,3.3,1.364,1.2,1.068
386,Moses Moody,GSW,62,36,26,12.9,4.7,14.2,10.3,0.5,2.11,1.26,0.329,0.3,0.0,0.8,1.0,0.0,0.918
387,Moussa Diabate,LAC,22,10,12,8.9,2.7,8.1,4.6,0.3,1.92,0.81,0.331,0.6,0.1,2.1,0.143,0.667,0.745
388,Myles Turner,IND,62,29,33,29.4,18.0,42.5,30.1,1.1,1.57,0.53,0.422,3.4,2.2,6.6,0.794,0.933,1.118
389,Naji Marshall,NOP,77,40,37,23.3,9.1,39.5,20.5,1.8,2.7,2.03,0.23,0.4,0.0,1.0,0.815,1.5,0.8
390,Nassir Little,POR,54,22,32,18.1,6.6,22.4,12.6,0.8,2.23,1.49,0.296,0.2,0.0,0.7,0.9,0.0,0.632
391,Nathan Knight,MIN,37,18,19,7.7,3.7,11.1,6.6,0.4,2.1,1.09,0.331,0.4,0.3,1.1,0.813,0.4,0.846
392,Naz Reid,MIN,68,32,36,18.4,11.5,36.2,21.0,1.0,1.66,0.78,0.317,1.9,1.1,2.7,0.73,0.514,0.984
393,Neemias Queta,SAC,5,1,4,5.7,2.4,8.0,4.6,0.2,1.35,0.3,0.3,0.8,0.0,1.8,0.5,0.0,1.111
394,Nerlens Noel,BKN,17,4,13,11.5,2.1,15.2,7.1,0.4,1.72,0.58,0.135,1.4,0.0,2.1,0.125,0.0,0.4
395,Nic Claxton,BKN,76,41,35,29.9,12.6,41.4,23.4,1.2,1.8,0.62,0.305,3.7,0.4,8.4,0.415,0.517,1.0
396,Nick Richards,CHA,65,21,44,18.7,8.2,24.2,12.5,0.6,1.49,0.3,0.338,1.7,0.6,5.2,0.796,0.5,1.044
397,Nickeil Alexander-Walker,MIN,58,28,30,15.0,6.0,28.2,10.7,2.0,4.3,3.7,0.212,0.2,0.0,0.3,0.417,0.0,1.133
398,Nicolas Batum,LAC,78,44,34,21.9,6.1,28.8,16.0,0.6,1.27,0.41,0.213,0.5,0.0,0.8,0.333,2.0,0.813
399,Nikola Jokic,DEN,69,48,21,33.7,24.5,98.6,52.1,4.4,2.69,1.43,0.248,9.8,9.1,7.9,0.564,0.548,1.066
400,Nikola Jovic,MIA,15,7,8,13.6,5.5,23.2,13.3,0.7,1.82,0.8,0.236,1.3,0.0,1.7,0.947,0.0,0.885
401,Nikola Vucevic,CHI,81,39,42,33.5,17.7,66.3,45.1,1.6,1.46,0.49,0.266,3.9,5.4,6.1,0.637,0.522,1.01
402,Noah Vonleh,BOS,23,17,6,7.5,1.1,9.5,3.7,0.3,1.83,0.93,0.115,0.3,0.2,1.1,0.0,0.0,0.615
403,Norman Powell,LAC,60,31,29,26.1,17.0,35.9,23.3,1.8,3.09,2.65,0.473,0.4,0.1,0.6,0.5,0.0,0.895
404,O.G. Anunoby,TOR,67,33,34,35.6,16.8,46.8,30.7,1.8,2.28,1.44,0.359,0.9,1.9,3.1,0.737,0.317,0.824
405,Obi Toppin,NYK,67,37,30,15.7,7.4,25.6,14.0,0.6,1.46,0.59,0.29,0.3,0.1,1.7,1.0,0.286,0.949
406,Ochai Agbaji,UTA,59,29,30,20.5,7.9,22.9,14.2,0.7,1.85,1.27,0.346,0.5,0.0,0.9,0.733,0.0,0.661
407,Olivier Sarr,OKC,9,5,4,12.6,4.0,18.0,9.1,0.4,1.25,0.18,0.222,0.7,0.0,3.9,1.167,0.0,0.8
408,Omer Yurtseven,MIA,9,5,4,9.2,4.4,12.9,8.2,0.4,1.75,0.52,0.345,0.8,0.9,2.4,1.0,0.25,1.136
409,Onyeka Okongwu,ATL,80,41,39,23.1,9.9,29.4,15.8,0.7,1.4,0.43,0.336,2.8,0.6,6.6,0.774,0.622,1.027
410,Orlando Robinson,MIA,31,18,13,13.7,3.7,17.6,9.7,0.4,1.44,0.38,0.212,1.5,0.3,3.9,0.467,0.2,0.692
411,Oshae Brissett,IND,65,27,38,16.7,6.1,26.4,14.0,0.7,1.52,0.61,0.232,0.4,0.0,1.5,0.741,0.0,0.765
412,Otto Porter Jr.,TOR,8,4,4,18.3,5.5,26.1,14.8,0.7,1.52,0.63,0.211,0.4,0.4,1.9,0.0,1.333,1.067
413,Ousmane Dieng,OKC,39,20,19,14.6,4.9,18.8,11.5,0.7,2.09,1.43,0.263,0.6,0.0,1.1,0.625,0.0,1.0
414,P.J. Tucker,PHI,75,48,27,25.6,3.5,21.0,10.9,0.5,1.32,0.48,0.169,0.5,0.0,2.0,0.235,0.0,0.399
415,P.J. Washington,CHA,73,24,49,32.6,15.7,57.0,30.4,1.6,1.67,0.68,0.275,1.9,1.3,2.4,0.732,0.588,1.052
416,PJ Dozier,SAC,16,11,5,5.0,1.4,10.9,4.3,0.7,3.85,3.07,0.126,0.1,0.0,0.1,1.0,0.0,2.0
417,Paolo Banchero,ORL,72,31,41,33.7,20.0,64.8,30.9,3.9,3.65,2.8,0.308,1.1,2.0,2.4,0.78,0.406,0.977
418,Pascal Siakam,TOR,71,35,36,37.4,24.2,80.4,41.3,4.9,3.62,2.82,0.301,1.8,3.1,3.5,0.636,0.621,0.952
419,Pat Connaughton,MIL,61,43,18,23.7,7.6,33.0,17.2,0.9,1.56,0.62,0.231,0.4,0.0,1.4,0.583,0.0,0.627
420,Patrick Baldwin Jr.,GSW,31,15,16,7.3,3.9,11.5,7.8,0.3,1.62,0.59,0.341,0.1,0.1,0.3,0.0,0.0,0.667
421,Patrick Beverley,CHI,67,34,33,27.1,6.2,39.7,16.9,2.4,3.68,2.96,0.156,0.4,0.0,0.8,0.583,0.0,0.385
422,Patrick Williams,CHI,81,39,42,28.3,10.2,38.6,19.3,1.1,1.76,1.01,0.263,0.6,0.2,1.8,0.571,0.632,0.952
423,Patty Mills,BKN,40,18,22,14.2,6.2,19.9,10.6,1.0,3.14,3.05,0.309,0.2,0.0,0.1,0.333,0.0,1.0
424,Paul George,LAC,56,32,24,34.6,23.8,69.3,32.7,4.9,4.22,3.49,0.343,1.5,1.2,1.4,0.64,0.727,0.988
425,Paul Reed,PHI,69,44,25,10.9,4.2,13.7,7.4,0.4,1.58,0.63,0.305,0.9,0.1,3.3,0.567,0.667,0.912
426,Payton Pritchard,BOS,48,32,16,13.4,5.6,24.2,11.0,1.7,4.14,3.81,0.232,0.2,0.0,0.7,0.8,0.0,0.676
427,Peyton Watson,DEN,23,13,10,8.1,3.3,10.3,4.9,0.4,2.54,1.36,0.318,0.1,0.0,0.4,1.0,0.0,1.111
428,Precious Achiuwa,TOR,55,30,25,20.7,9.2,32.3,18.9,1.1,2.01,1.13,0.286,1.6,0.4,3.7,0.591,0.227,0.911
429,Quentin Grimes,NYK,71,41,30,29.9,11.3,31.4,22.7,1.0,1.89,1.11,0.358,0.5,0.0,0.8,0.906,0.0,0.804
430,Quenton Jackson,WAS,9,3,6,15.0,6.2,26.4,13.6,1.6,3.64,2.93,0.235,0.1,0.0,1.0,0.0,0.0,0.667
431,R.J. Hampton,DET,47,9,38,15.9,6.4,23.7,12.2,1.4,3.49,2.98,0.271,0.3,0.0,0.4,0.692,0.0,0.833
432,RJ Barrett,NYK,73,40,33,33.9,19.6,50.7,33.4,2.6,3.08,2.4,0.386,1.1,1.1,1.5,0.844,0.474,1.037
433,RaiQuan Gray,BKN,1,0,1,35.1,16.0,54.0,38.0,2.0,2.19,1.43,0.296,2.0,0.0,6.0,0.0,0.0,0.333
434,Raul Neto,CLE,48,31,17,10.5,3.3,20.8,8.3,1.7,5.03,4.65,0.158,0.1,0.0,0.2,0.667,0.0,1.0
435,Reggie Bullock,DAL,78,37,41,30.3,7.2,34.1,20.3,0.8,1.36,0.35,0.211,0.2,0.0,0.4,0.714,0.0,1.156
436,Reggie Jackson,DEN,68,36,32,24.4,10.2,48.9,19.9,3.8,4.66,4.09,0.209,0.4,0.0,0.6,0.593,0.0,0.474
437,Richaun Holmes,SAC,42,22,20,8.3,3.1,10.1,6.4,0.3,1.64,0.46,0.305,1.5,0.2,2.3,0.613,0.857,0.724
438,Ricky Rubio,CLE,33,23,10,17.2,5.2,39.4,15.0,3.3,4.99,4.47,0.132,0.3,0.0,0.2,0.0,0.0,0.0
439,Robert Covington,LAC,48,20,28,16.2,6.0,28.8,12.9,0.8,1.75,0.54,0.208,0.3,0.0,1.4,0.25,0.0,0.697
440,Robert Williams III,BOS,35,24,11,23.5,8.0,31.3,18.5,0.7,1.31,0.22,0.255,1.2,0.3,7.2,0.405,0.583,0.953
441,Robin Lopez,CLE,37,25,12,8.1,3.0,9.0,6.1,0.3,2.17,0.91,0.336,1.2,0.7,1.9,0.535,0.72,0.778
442,Rodney McGruder,DET,32,4,28,16.4,5.7,18.7,12.6,0.6,1.83,1.09,0.307,0.2,0.1,0.9,0.333,2.5,0.964
443,Romeo Langford,SAS,40,13,27,19.7,6.9,21.9,14.7,0.9,2.53,1.76,0.316,0.4,0.0,1.7,0.667,0.0,0.882
444,Ron Harper Jr.,TOR,9,6,3,5.3,2.2,6.6,5.1,0.2,1.84,1.24,0.339,0.1,0.0,0.3,0.0,0.0,1.333
445,Royce O'Neale,BKN,76,42,34,31.7,8.8,61.0,27.5,2.3,2.3,1.52,0.145,0.4,0.0,0.7,0.179,0.0,0.481
446,Rudy Gay,UTA,56,29,27,14.6,5.2,23.6,11.5,0.8,2.16,0.9,0.222,0.7,0.8,0.9,0.541,0.553,0.731
447,Rudy Gobert,MIN,69,33,36,30.7,13.5,44.2,24.1,1.1,1.48,0.42,0.305,3.6,1.5,11.0,0.645,0.524,0.972
448,Rui Hachimura,LAL,63,38,25,23.3,11.2,30.3,16.7,1.1,2.27,1.25,0.371,0.8,1.4,2.0,0.627,0.556,1.0
449,Russell Westbrook,LAC,73,36,37,29.1,15.9,64.1,24.0,5.4,5.03,4.64,0.248,0.6,1.0,1.8,0.596,0.589,0.823
450,Ryan Arcidiacono,POR,20,9,11,8.6,1.3,19.6,6.6,1.6,4.86,4.56,0.066,0.1,0.0,0.1,0.0,0.0,1.0
451,Ryan Rollins,GSW,12,5,7,5.2,1.9,11.6,5.7,0.7,3.78,3.19,0.165,0.1,0.0,0.4,0.0,0.0,0.4
452,Saben Lee,PHX,25,15,10,14.9,6.0,34.3,11.2,3.1,5.47,5.12,0.176,0.2,0.0,0.9,0.0,0.0,0.364
453,Saddiq Bey,ATL,76,24,52,27.6,13.8,36.8,23.9,1.5,2.4,1.36,0.374,0.5,0.9,1.2,0.842,0.735,0.943
454,Sam Hauser,BOS,80,55,25,16.1,6.4,19.1,11.0,0.4,1.35,0.54,0.335,0.2,0.0,0.6,0.667,0.0,0.857
455,Sam Merrill,CLE,5,4,1,11.7,5.0,17.4,12.2,0.6,1.9,1.31,0.287,0.4,0.0,0.4,2.0,0.0,2.0
456,Sandro Mamukelashvili,SAS,41,22,19,15.0,5.9,27.2,15.0,0.8,1.83,0.98,0.218,1.0,0.3,2.2,0.775,0.5,0.703
457,Santi Aldama,MEM,77,47,30,21.8,9.0,29.2,15.6,0.9,1.88,0.9,0.309,0.8,0.3,2.2,0.542,0.857,1.018
458,Scottie Barnes,TOR,77,38,39,34.8,15.3,71.1,34.4,3.8,3.2,2.56,0.215,2.2,2.1,4.7,0.428,0.586,0.832
459,Scotty Pippen Jr.,LAL,6,1,5,5.3,2.3,12.0,3.5,1.0,5.01,4.8,0.194,0.3,0.0,0.3,0.0,0.0,0.0
460,Serge Ibaka,MIL,16,11,5,11.6,4.1,13.5,9.2,0.4,1.78,0.52,0.306,1.0,0.3,2.2,0.25,0.0,0.857
461,Seth Curry,BKN,61,37,24,19.8,9.2,32.2,18.0,2.0,3.67,3.03,0.286,0.1,0.0,0.1,0.25,0.0,0.5
462,Shaedon Sharpe,POR,80,32,48,22.2,9.9,26.1,16.5,1.2,2.77,2.16,0.378,0.4,0.0,1.3,0.839,0.0,1.104
463,Shai Gilgeous-Alexander,OKC,68,33,35,35.5,31.4,73.1,25.3,6.8,5.57,5.14,0.429,0.8,1.7,1.5,1.089,0.763,0.971
464,Shake Milton,PHI,76,52,24,20.6,8.4,39.1,17.0,2.8,4.28,3.67,0.214,0.2,0.0,0.7,0.867,0.0,1.071
465,Shaquille Harrison,LAL,4,1,3,23.9,8.5,57.3,19.5,4.4,4.57,4.18,0.148,0.8,0.0,1.3,1.333,0.0,0.8
466,Simone Fontecchio,UTA,52,25,27,14.7,6.3,18.7,12.0,0.5,1.6,0.84,0.338,0.2,0.0,0.7,0.6,2.0,0.514
467,Skylar Mays,POR,5,1,4,33.3,16.2,80.2,27.8,6.6,4.91,4.46,0.202,0.4,0.0,0.2,0.0,0.0,0.0
468,Spencer Dinwiddie,BKN,79,41,38,34.5,17.3,69.0,26.1,6.5,5.62,5.06,0.251,0.2,0.4,0.3,0.267,0.966,0.36
469,Stanley Johnson,SAS,29,5,24,15.8,5.9,26.0,11.7,1.0,2.41,1.74,0.227,0.6,0.2,1.0,0.389,0.333,0.414
470,Stanley Umude,DET,1,0,1,2.1,2.0,3.0,2.0,0.1,1.32,1.0,0.667,0.0,0.0,0.0,0.0,0.0,0.0
471,Stephen Curry,GSW,55,29,26,34.9,29.7,79.3,31.5,5.8,4.39,4.18,0.375,0.8,0.0,1.5,1.0,0.0,1.025
472,Sterling Brown,LAL,4,2,2,6.1,0.0,6.0,2.8,0.2,1.76,1.0,0.0,0.0,0.0,0.8,0.0,0.0,0.0
473,Steven Adams,MEM,42,28,14,27.0,8.6,43.2,22.9,1.3,1.82,0.46,0.199,4.4,1.1,8.5,0.324,0.733,0.704
474,Svi Mykhailiuk,CHA,32,16,16,14.6,6.9,19.7,13.2,0.8,2.53,1.66,0.353,0.2,0.0,0.5,1.0,0.0,0.647
475,T.J. McConnell,IND,75,31,44,20.4,8.7,54.9,18.9,4.2,4.63,4.61,0.158,0.4,0.0,0.4,0.2,0.0,0.424
476,T.J. Warren,PHX,42,26,16,16.3,7.5,21.5,12.1,0.8,2.26,1.38,0.347,0.5,0.2,1.1,0.636,0.6,0.957
477,Taj Gibson,WAS,49,21,28,9.8,3.4,15.0,9.2,0.4,1.51,0.6,0.229,1.5,0.5,2.2,0.458,0.44,0.757
478,Talen Horton-Tucker,UTA,65,30,35,20.2,10.7,45.4,16.9,3.8,5.07,4.42,0.237,0.2,0.2,0.7,0.583,0.0,0.533
479,Tari Eason,HOU,82,22,60,21.6,9.3,32.6,15.9,1.2,2.21,1.53,0.284,0.8,0.2,3.3,0.578,0.267,0.835
480,Taurean Prince,MIN,53,30,23,22.0,9.0,28.3,19.2,1.0,2.05,1.04,0.319,0.2,0.0,0.6,0.364,2.0,1.133
481,Terance Mann,LAC,81,44,37,23.1,8.8,37.0,17.9,2.1,3.38,2.65,0.238,0.5,0.1,1.7,0.659,1.0,0.904
482,Terence Davis,SAC,64,38,26,13.1,6.7,20.6,13.9,0.7,2.17,1.64,0.326,0.1,0.0,0.5,0.4,0.0,0.938
483,Terrence Ross,PHX,63,27,36,21.1,8.3,21.8,15.0,0.8,2.16,1.37,0.38,0.1,0.0,0.1,0.444,0.0,0.571
484,Terry Rozier,CHA,63,19,44,35.3,21.1,75.2,35.9,5.8,4.6,4.15,0.281,0.5,0.0,1.0,0.625,0.0,0.492
485,Terry Taylor,CHI,31,13,18,8.5,2.9,9.8,6.2,0.2,1.47,0.67,0.294,0.2,0.0,1.2,0.714,0.0,1.0
486,Thaddeus Young,TOR,54,23,31,14.7,4.4,26.4,14.4,0.8,1.71,0.69,0.169,1.6,1.0,2.6,0.205,0.547,0.965
487,Thanasis Antetokounmpo,MIL,37,25,12,5.6,1.4,6.9,3.7,0.3,2.43,1.7,0.198,0.3,0.2,0.8,0.182,1.0,0.516
488,Theo Maledon,CHA,44,14,30,19.4,6.7,47.3,16.8,3.6,4.51,4.3,0.142,0.1,0.0,0.3,0.0,0.0,0.667
489,Theo Pinson,DAL,40,19,21,8.1,2.4,16.2,7.3,0.7,2.67,1.61,0.146,0.2,0.0,0.4,1.0,0.0,0.5
490,Thomas Bryant,DEN,59,33,26,18.3,9.8,26.8,12.8,0.7,1.46,0.32,0.366,2.3,0.5,4.9,0.746,0.806,1.157
491,Tim Hardaway Jr.,DAL,71,37,34,30.3,14.4,44.8,23.8,1.7,2.29,1.52,0.32,0.4,0.0,0.5,0.793,0.667,1.027
492,Tobias Harris,PHI,74,47,27,32.9,14.7,48.6,28.8,2.2,2.67,1.75,0.301,0.7,2.2,1.9,0.623,0.572,0.964
493,Tony Bradley,CHI,11,4,7,2.9,1.7,5.2,2.9,0.1,1.37,0.39,0.333,0.0,0.1,0.3,0.0,0.0,0.667
494,Torrey Craig,PHX,79,44,35,24.7,7.4,32.5,16.1,0.9,1.73,0.79,0.229,0.7,0.0,2.5,0.755,0.0,0.804
495,Trae Young,ATL,73,38,35,34.8,26.2,80.3,24.6,7.9,5.94,5.66,0.327,0.4,0.0,0.7,0.462,0.0,0.771
496,Tre Jones,SAS,65,19,46,29.1,12.5,67.1,19.3,5.9,5.31,5.09,0.187,0.4,0.0,0.6,0.621,0.0,0.476
497,Tre Mann,OKC,67,31,36,17.7,7.7,30.3,15.9,2.0,3.92,3.58,0.254,0.1,0.0,0.4,0.857,0.0,0.69
498,Trendon Watford,POR,61,26,35,19.0,7.3,35.1,16.0,1.4,2.44,1.49,0.207,1.3,0.4,1.5,0.545,0.577,0.717
499,Trent Forrest,ATL,23,9,14,12.0,2.3,20.5,7.3,1.7,4.86,4.42,0.11,0.2,0.0,0.3,1.0,0.0,1.0
500,Trevelin Queen,IND,7,2,5,10.0,3.0,17.3,9.7,0.8,2.88,2.41,0.174,0.6,0.0,1.3,0.0,0.0,0.667
501,Trevor Hudgins,HOU,5,0,5,5.7,1.8,12.2,6.0,0.9,4.51,4.05,0.148,0.0,0.0,0.0,0.0,0.0,0.0
502,Trevor Keels,NYK,3,3,0,2.7,1.0,2.7,2.0,0.2,4.21,1.63,0.375,0.0,0.0,0.0,0.0,0.0,0.0
503,Trey Lyles,SAC,74,43,31,16.9,7.6,26.6,14.7,0.7,1.63,0.71,0.286,0.2,0.3,1.6,0.333,0.5,0.966
504,Trey Murphy III,NOP,79,39,40,31.0,14.5,35.9,22.7,1.0,1.73,0.93,0.405,0.4,0.0,1.4,1.0,0.0,1.202
505,Troy Brown Jr.,LAL,76,40,36,24.5,7.1,26.7,14.2,0.9,1.95,1.23,0.267,0.6,0.0,1.3,0.488,0.667,0.706
506,Ty Jerome,GSW,45,22,23,18.1,6.9,39.2,17.5,2.7,4.18,3.74,0.175,0.3,0.0,0.3,0.429,0.0,0.933
507,TyTy Washington Jr.,HOU,31,6,25,14.0,4.7,28.5,13.1,1.9,3.91,3.57,0.164,0.1,0.0,0.1,0.667,0.0,0.5
508,Tyler Dorsey,DAL,3,2,1,2.7,3.0,2.3,1.7,0.1,2.2,1.57,1.286,0.3,0.0,0.0,2.0,0.0,0.0
509,Tyler Herro,MIA,67,37,30,34.9,20.1,65.5,34.7,4.3,3.91,3.2,0.307,0.4,0.0,0.7,0.621,2.0,0.826
510,Tyrese Haliburton,IND,56,28,28,33.6,20.7,94.2,32.5,7.5,4.76,4.27,0.22,0.3,0.0,0.4,0.714,0.0,0.636
511,Tyrese Martin,ATL,16,10,6,4.1,1.3,5.4,3.7,0.2,2.29,1.36,0.241,0.1,0.0,0.4,2.0,0.0,0.333
512,Tyrese Maxey,PHI,60,39,21,33.6,20.3,68.5,29.9,5.1,4.44,3.85,0.296,0.2,0.0,0.3,0.923,0.0,0.65
513,Tyus Jones,MEM,80,51,29,24.2,10.3,55.0,20.4,4.5,4.95,4.4,0.187,0.1,0.0,0.2,0.25,0.0,0.188
514,Udoka Azubuike,UTA,36,17,19,10.0,3.5,8.6,5.4,0.2,1.44,0.37,0.406,0.4,0.2,3.2,0.533,1.0,1.026
515,Udonis Haslem,MIA,7,4,3,10.3,3.9,15.7,8.6,0.5,1.74,0.43,0.245,1.1,0.7,1.3,0.625,1.0,0.667
516,Usman Garuba,HOU,75,21,54,12.9,3.0,18.8,9.6,0.4,1.39,0.49,0.159,1.0,0.0,3.0,0.247,0.0,0.502
517,Vernon Carey Jr.,UTA,11,8,3,2.6,0.5,4.0,2.5,0.1,1.69,0.64,0.136,0.2,0.2,0.6,0.0,1.0,0.857
518,Victor Oladipo,MIA,42,23,19,26.3,10.7,49.8,21.3,3.7,4.4,3.8,0.215,0.3,0.0,0.5,0.364,0.0,0.7
519,Vince Williams Jr.,MEM,15,7,8,7.0,2.0,8.1,5.3,0.2,1.55,0.68,0.248,0.1,0.0,0.6,0.0,0.0,0.889
520,Vit Krejci,ATL,29,15,14,5.7,1.2,6.9,4.3,0.2,2.11,1.35,0.181,0.1,0.0,0.4,0.25,0.0,0.727
521,Vlatko Cancar,DEN,60,38,22,14.8,5.0,20.3,13.1,0.7,1.98,0.96,0.244,0.9,0.4,1.4,0.442,0.48,0.872
522,Walker Kessler,UTA,74,34,40,23.0,9.2,24.4,15.4,0.6,1.38,0.34,0.376,1.7,0.2,7.1,0.675,1.0,1.051
523,Wendell Carter Jr.,ORL,57,26,31,29.6,15.2,52.4,32.7,1.5,1.72,0.5,0.291,3.6,1.1,5.8,0.413,0.635,1.039
524,Wendell Moore Jr.,MIN,28,15,13,5.3,1.5,9.4,4.4,0.5,3.08,2.63,0.16,0.1,0.0,0.3,1.0,0.0,1.0
525,Wenyen Gabriel,LAL,68,37,31,15.1,5.5,20.0,9.4,0.4,1.31,0.42,0.273,1.4,0.1,4.0,0.557,0.857,0.836
526,Wesley Matthews,MIL,52,37,15,15.8,3.4,14.6,9.1,0.4,1.45,0.62,0.236,0.2,0.0,0.8,0.333,1.0,0.75
527,Will Barton,TOR,56,27,29,17.7,6.8,29.6,16.2,1.8,3.74,3.1,0.229,0.3,0.0,0.4,0.667,0.0,0.727
528,Willy Hernangomez,NOP,38,23,15,12.0,6.9,23.3,14.8,0.6,1.58,0.6,0.295,2.0,1.0,4.1,0.558,0.486,1.013
529,Xavier Cooks,WAS,10,2,8,12.6,3.8,18.8,8.9,0.5,1.75,0.94,0.202,1.0,0.1,3.1,0.7,0.0,0.839
530,Xavier Moon,LAC,4,2,2,4.9,1.8,11.3,4.8,0.8,4.51,4.31,0.156,0.0,0.0,0.0,0.0,0.0,0.0
531,Xavier Sneed,CHA,4,0,4,12.1,4.3,16.0,9.8,0.4,1.43,0.66,0.266,0.0,0.0,0.3,0.0,0.0,2.0
532,Xavier Tillman,MEM,61,40,21,19.3,7.0,31.3,17.4,0.8,1.61,0.53,0.224,4.4,0.4,4.9,0.373,0.417,0.765
533,Yuta Watanabe,BKN,58,30,28,16.0,5.6,17.0,10.0,0.5,1.68,0.94,0.327,0.4,0.0,0.8,0.333,0.0,0.889
534,Zach Collins,SAS,61,19,42,22.9,11.6,38.3,26.4,1.2,1.83,0.64,0.303,4.1,3.1,5.1,0.506,0.733,0.849
535,Zach LaVine,CHI,76,37,39,36.0,24.8,61.9,32.4,4.4,4.23,3.5,0.4,0.6,0.2,0.9,0.714,0.462,1.235
536,Zeke Nnaji,DEN,52,34,18,14.0,5.3,13.6,9.4,0.3,1.53,0.41,0.391,1.2,0.5,3.0,0.452,0.833,1.044
537,Ziaire Williams,MEM,37,21,16,15.2,5.7,17.7,10.8,0.7,2.29,1.58,0.321,0.1,0.0,1.1,1.0,0.0,1.268
538,Zion Williamson,NOP,29,17,12,33.0,26.0,66.0,35.7,3.9,3.51,2.94,0.394,1.8,4.1,4.5,1.0,0.664,1.16
