,Player,Team,Age,Less than 5ft._FGM,Less than 5ft._FGA,Less than 5ft._FG%,5-9 ft._FGM,5-9 ft._FGA,5-9 ft._FG%,10-14 ft._FGM,10-14 ft._FGA,10-14 ft._FG%,15-19 ft._FGM,15-19 ft._FGA,15-19 ft._FG%,20-24 ft._FGM,20-24 ft._FGA,20-24 ft._FG%,25-29 ft._FGM,25-29 ft._FGA,25-29 ft._FG%
0,A.J. Lawson,DAL,22,3.0,3.5,84.6,0.6,1.1,54.5,0.7,1.2,54.5,0.3,0.5,50.0,0.4,1.6,25.0,0.8,2.3,36.0
1,AJ Green,MIL,23,4.0,6.2,65.0,1.0,2.5,39.1,1.0,2.1,50.0,0.6,1.6,36.1,0.6,2.3,27.3,1.9,5.5,34.5
2,AJ Griffin,ATL,19,8.4,13.2,63.1,1.5,3.6,42.1,1.3,3.2,41.7,0.8,1.8,43.4,2.5,6.3,39.5,2.6,8.3,31.7
3,Aaron Gordon,DEN,27,12.5,18.6,67.2,2.6,6.8,38.6,1.9,4.3,44.0,1.4,3.5,40.6,3.1,8.4,37.2,4.3,12.7,33.8
4,Aaron Holiday,ATL,26,6.5,10.1,65.0,1.0,2.5,38.5,0.8,2.2,37.4,0.6,1.4,40.3,1.6,3.9,40.5,2.0,5.9,33.7
5,Aaron Nesmith,IND,23,9.5,15.8,60.4,2.3,5.0,45.5,1.8,3.8,47.3,1.2,2.8,43.3,2.9,6.9,42.1,3.9,10.3,37.6
6,Aaron Wiggins,OKC,24,7.6,12.2,62.7,1.8,4.1,44.0,1.0,2.2,43.3,0.8,2.0,41.4,2.4,6.0,40.3,3.2,8.7,36.8
7,Admiral Schofield,ORL,25,4.2,6.0,70.3,0.8,2.1,40.0,0.7,1.2,54.5,0.6,1.5,40.0,1.5,3.8,41.0,2.3,6.3,36.1
8,Al Horford,BOS,36,11.6,17.7,65.3,2.8,7.2,38.6,2.2,5.2,41.8,2.3,4.4,50.9,2.8,7.3,39.3,5.3,15.6,34.0
9,Alec Burks,DET,31,9.9,14.8,67.0,1.9,5.0,39.1,1.1,2.4,47.9,0.8,2.2,38.4,2.3,6.0,38.8,3.1,9.0,34.4
10,Aleksej Pokusevski,OKC,21,9.1,14.9,61.2,2.1,4.5,47.1,1.0,2.7,37.3,0.9,2.1,41.3,3.2,7.6,42.2,3.7,9.4,39.5
11,Alex Caruso,CHI,29,8.5,13.1,64.8,1.6,4.1,38.3,1.3,3.1,44.0,1.0,2.5,41.5,2.6,7.2,35.8,4.0,11.3,35.0
12,Alex Len,SAC,29,1.5,2.3,64.7,0.2,0.7,28.6,0.1,0.7,14.3,0.1,0.8,10.0,0.5,1.1,50.0,0.5,1.8,29.2
13,Alize Johnson,SAS,26,2.3,6.3,36.0,0.8,1.8,42.9,0.0,0.3,0.0,0.3,1.3,25.0,1.0,2.7,37.5,1.5,3.3,46.2
14,Alondes Williams,BKN,23,3.0,5.0,60.0,1.0,1.0,100,1.0,1.0,100,0.0,0.0,0.0,0.0,1.0,0.0,1.0,2.0,50.0
15,Alperen Sengun,HOU,20,10.8,16.1,66.8,2.3,5.2,45.4,1.7,3.8,45.0,1.3,3.0,41.4,2.9,7.9,36.9,6.2,15.3,40.2
16,Amir Coffey,LAC,25,6.3,10.6,59.3,1.3,3.3,39.3,1.0,2.0,49.3,0.9,1.7,55.2,1.3,3.7,35.7,2.6,7.3,36.1
17,Andre Drummond,CHI,29,4.4,7.0,63.7,1.3,2.7,49.0,0.6,1.5,38.5,0.5,1.3,41.8,1.3,4.1,32.1,2.2,6.3,35.7
18,Andre Iguodala,GSW,39,4.2,7.7,54.3,1.8,2.8,64.7,2.0,4.0,50.0,1.0,2.7,37.5,1.3,3.2,42.1,2.2,6.5,33.3
19,Andrew Nembhard,IND,23,10.4,17.8,58.8,2.6,5.6,47.3,1.8,4.1,44.9,1.3,2.9,45.4,2.7,7.2,36.7,4.5,11.2,40.1
20,Andrew Wiggins,GSW,28,10.7,16.2,66.1,4.8,10.4,46.0,1.9,5.2,36.1,1.9,4.1,47.1,3.1,8.5,36.4,5.4,14.9,36.1
21,Anfernee Simons,POR,23,15.3,23.7,64.6,2.9,6.5,44.0,1.9,4.8,40.5,1.9,4.2,44.6,3.3,9.1,36.5,5.4,14.9,36.2
22,Anthony Davis,LAL,29,12.9,20.6,62.8,2.9,6.9,42.3,2.7,6.2,42.6,2.2,4.9,46.0,3.3,9.0,36.3,5.5,16.5,33.0
23,Anthony Edwards,MIN,21,14.6,23.0,63.3,3.0,7.1,42.1,2.5,5.9,42.3,1.4,3.7,37.5,4.1,11.5,36.1,5.6,14.8,37.5
24,Anthony Gill,WAS,30,3.7,5.9,63.0,1.2,2.9,42.4,0.6,1.0,62.9,0.6,1.5,37.5,0.8,2.4,34.8,1.9,4.8,38.9
25,Anthony Lamb,GSW,25,6.3,9.4,66.7,2.8,6.1,46.4,1.1,2.8,39.1,1.0,2.4,42.7,2.2,5.6,39.6,3.4,9.8,34.8
26,Austin Reaves,LAL,24,10.9,17.4,62.9,2.8,6.2,45.6,2.2,4.7,46.0,1.8,4.0,44.6,2.9,7.2,40.4,4.4,14.1,31.0
27,Austin Rivers,MIN,30,8.7,13.1,66.1,1.9,4.4,42.5,1.6,3.3,49.1,0.7,1.8,36.5,2.4,7.0,35.0,3.0,7.5,40.1
28,Ayo Dosunmu,CHI,23,11.2,17.0,65.4,2.0,5.3,38.5,1.4,3.3,41.1,1.2,3.0,41.8,3.0,8.7,34.7,4.8,12.8,37.7
29,Bam Adebayo,MIA,25,11.6,17.2,67.4,3.7,7.3,51.1,2.2,5.3,41.5,1.4,3.4,41.0,3.8,9.9,38.1,5.5,15.8,34.7
30,Ben Simmons,BKN,26,10.5,17.6,59.5,2.3,5.8,39.2,1.5,3.8,39.1,1.0,2.9,35.2,3.0,7.8,39.3,3.9,11.3,34.8
31,Bennedict Mathurin,IND,20,12.2,19.6,62.3,2.1,4.9,42.2,1.6,3.7,42.4,1.2,2.8,41.9,2.7,7.3,36.9,4.3,11.7,36.4
32,Bismack Biyombo,PHX,30,4.8,8.5,56.0,1.2,3.4,36.5,1.0,2.4,39.8,0.8,1.9,43.8,1.4,3.3,41.6,2.0,6.0,33.6
33,Blake Griffin,BOS,33,4.5,7.1,63.6,1.4,3.1,45.6,1.0,2.4,40.8,1.7,2.8,61.0,1.1,3.1,35.6,2.4,6.7,35.8
34,Blake Wesley,SAS,19,7.0,11.2,62.7,1.4,3.1,45.5,1.3,2.4,54.0,0.7,1.3,51.9,1.6,4.1,38.3,2.0,5.1,38.3
35,Boban Marjanovic,HOU,34,1.5,2.1,70.6,0.3,0.9,36.8,0.4,0.9,42.1,0.4,0.6,70.0,0.4,1.2,34.8,0.8,3.1,27.0
36,Bobby Portis,MIL,28,9.5,15.1,62.8,2.2,5.3,41.1,2.5,6.2,41.0,1.9,4.3,43.9,1.9,5.7,32.5,4.5,12.6,35.7
37,Bogdan Bogdanovic,ATL,30,12.1,19.0,63.6,2.0,4.7,41.7,1.8,4.4,40.9,1.6,3.2,50.4,4.0,9.9,40.5,4.0,12.1,33.1
38,Bojan Bogdanovic,DET,33,14.8,22.1,66.7,2.8,6.6,42.9,1.8,4.5,41.4,1.4,3.4,42.7,3.6,8.9,40.2,4.9,13.5,36.3
39,Bol Bol,ORL,23,8.9,12.5,71.3,1.6,4.0,38.6,1.3,3.1,41.1,1.0,2.2,45.9,2.8,7.0,39.6,3.7,11.3,32.7
40,Bones Hyland,LAC,22,8.4,11.8,71.4,1.6,3.8,40.8,0.8,2.1,39.8,1.0,2.0,48.9,2.1,5.6,38.1,3.1,8.4,37.1
41,Bradley Beal,WAS,29,12.9,19.6,66.0,3.2,8.5,37.9,2.4,5.4,44.8,1.7,4.3,40.0,2.6,7.6,33.6,5.9,15.6,37.5
42,Brandon Boston Jr.,LAC,21,4.9,7.4,66.0,1.3,3.1,43.1,0.8,1.6,51.6,0.8,2.1,39.4,1.1,3.2,34.5,2.4,5.3,44.3
43,Brandon Clarke,MEM,26,7.1,12.2,58.7,1.5,4.1,37.4,0.9,2.6,34.0,0.8,1.7,47.8,2.3,5.9,38.5,3.4,10.0,34.0
44,Brandon Ingram,NOP,25,12.4,18.1,68.3,3.3,7.5,44.2,1.6,4.0,41.5,1.7,3.7,45.2,3.5,9.2,37.9,5.4,15.5,35.0
45,Braxton Key,DET,26,1.3,1.3,100.0,0.5,0.5,100,0.0,1.0,0.0,-,-,-,0.7,1.3,50.0,0.7,3.3,20.0
46,Brook Lopez,MIL,34,9.6,16.1,59.8,3.0,7.0,42.4,3.5,7.2,48.0,2.4,6.1,39.0,2.3,7.1,33.0,5.3,14.9,35.6
47,Bruce Brown,DEN,26,11.9,17.4,68.2,2.4,6.5,36.9,1.7,3.8,43.6,1.3,2.9,45.3,2.9,7.9,36.3,4.2,12.1,34.8
48,Bruno Fernando,ATL,24,3.6,5.7,63.1,0.8,2.6,32.9,0.9,1.9,47.2,0.6,1.5,43.2,1.2,2.9,40.0,2.4,6.5,36.6
49,Bryce McGowens,CHA,20,5.4,9.8,54.8,1.8,4.1,43.0,1.1,2.5,44.6,0.9,1.6,53.1,2.0,4.1,49.2,3.1,8.3,37.1
50,Bryn Forbes,MIN,29,4.4,7.2,61.5,0.8,1.8,44.4,0.7,1.3,50.0,0.4,1.0,40.0,1.4,4.0,35.4,1.9,4.7,40.7
51,Buddy Boeheim,DET,23,0.0,0.5,0.0,1.0,1.0,100,1.0,1.0,100,0.0,0.0,0.0,0.5,1.0,50.0,0.0,2.5,0.0
52,Buddy Hield,IND,30,13.2,21.7,60.6,2.8,6.1,46.0,2.3,5.1,45.5,1.5,3.4,43.9,3.5,8.7,39.7,5.0,13.7,36.2
53,CJ McCollum,NOP,31,14.6,20.9,69.7,3.2,7.4,42.7,2.0,4.7,42.8,1.6,3.8,41.1,4.0,10.2,39.4,5.1,16.3,31.4
54,Cade Cunningham,DET,21,16.0,24.6,65.1,3.3,6.8,47.6,2.3,5.9,39.4,1.8,3.2,57.9,2.6,8.5,30.4,5.6,14.8,37.6
55,Caleb Houstan,ORL,20,6.8,9.4,72.0,1.2,2.9,43.4,0.9,2.0,46.5,0.6,1.6,38.6,1.7,4.4,38.0,2.7,7.7,34.9
56,Caleb Martin,MIA,27,10.3,15.2,67.8,3.3,6.6,50.5,2.0,4.4,46.0,1.3,3.1,41.3,3.2,8.0,40.0,4.6,13.7,33.4
57,Cam Reddish,POR,23,10.9,16.6,66.0,1.6,4.6,35.0,1.8,3.7,49.6,1.0,2.4,42.5,3.1,7.7,40.0,3.7,11.0,33.7
58,Cam Thomas,BKN,21,6.8,11.1,61.5,1.7,3.8,44.5,1.1,2.7,41.5,0.5,1.5,35.2,2.4,5.5,42.9,2.6,7.4,34.6
59,Cameron Johnson,BKN,27,9.9,16.9,58.4,2.3,6.1,38.0,2.3,4.7,49.2,1.3,3.1,40.0,3.2,8.0,40.0,3.2,9.9,32.3
60,Cameron Payne,PHX,28,9.2,14.3,64.7,1.9,4.6,41.7,1.5,3.1,48.6,0.9,2.7,35.2,2.1,5.1,41.4,3.1,8.7,35.0
61,Caris LeVert,CLE,28,10.9,17.8,61.5,2.7,6.3,42.7,1.8,4.7,39.0,1.2,2.9,40.8,2.8,7.3,38.2,4.2,11.8,35.6
62,Carlik Jones,CHI,25,2.0,4.5,44.4,0.0,2.0,0.0,1.5,2.0,75.0,1.0,2.0,50.0,2.0,9.0,22.2,3.5,7.5,46.7
63,Cedi Osman,CLE,27,7.8,12.4,62.4,1.7,4.5,38.6,1.4,3.4,41.6,0.9,2.3,38.1,1.7,4.5,38.1,2.8,8.1,34.4
64,Charles Bassey,SAS,22,6.4,10.2,62.7,1.3,2.6,50.0,0.8,1.9,42.4,0.7,1.6,42.6,1.6,4.3,36.6,2.5,6.5,37.8
65,Chima Moneke,SAC,27,1.5,1.5,100.0,0.5,0.5,100,0.0,0.0,0.0,0.0,0.0,0.0,0.5,1.5,33.3,2.0,5.0,40.0
66,Chimezie Metu,SAC,25,4.7,7.5,63.4,1.1,2.5,44.1,0.5,1.4,35.4,0.6,1.6,35.4,1.5,3.5,41.8,1.5,4.8,31.3
67,Chris Boucher,TOR,30,7.6,11.7,64.4,1.7,3.8,45.7,1.3,2.6,52.6,0.7,1.8,38.5,2.1,5.6,37.5,3.1,8.3,38.1
68,Chris Duarte,IND,25,8.5,13.2,64.4,1.5,3.5,42.0,1.2,3.0,39.5,1.0,2.3,41.1,2.0,5.2,38.1,3.3,8.4,39.7
69,Chris Paul,PHX,37,10.9,17.8,61.2,2.2,6.8,32.8,2.5,5.4,46.9,1.8,3.7,47.6,3.5,8.4,41.8,4.7,14.3,33.0
70,Chris Silva,DAL,26,1.0,1.0,100.0,0.0,0.0,0.0,1.0,2.0,50.0,0.0,0.0,0.0,0.0,1.0,0.0,0.0,4.0,0.0
71,Christian Braun,DEN,21,6.6,9.6,68.8,1.6,3.9,41.5,0.9,1.8,51.1,0.6,1.5,38.1,1.6,4.4,35.1,1.9,6.2,30.6
72,Christian Koloko,TOR,22,4.6,7.9,58.0,1.1,2.4,45.5,1.0,2.1,49.5,0.7,1.4,47.6,1.7,4.6,37.7,1.8,5.8,30.6
73,Christian Wood,DAL,27,10.0,15.8,63.1,2.4,5.5,43.3,2.0,3.8,52.6,1.5,3.3,46.4,3.4,8.1,42.2,3.5,10.1,34.3
74,Chuma Okeke,ORL,24,9.5,14.0,67.9,1.5,3.7,40.5,0.9,2.2,38.6,0.8,1.7,45.5,2.4,5.8,41.4,3.2,10.3,31.0
75,Clint Capela,ATL,28,11.1,17.4,63.5,2.4,5.2,45.4,2.8,5.5,50.5,1.7,3.6,46.9,2.8,7.9,35.6,4.1,10.6,38.9
76,Coby White,CHI,23,8.5,13.4,63.2,1.7,3.9,44.1,1.2,2.8,41.4,0.9,2.3,41.2,2.5,7.1,35.0,3.9,11.1,35.2
77,Cody Martin,CHA,27,9.5,14.8,64.0,1.3,3.5,38.1,1.1,2.3,50.0,1.3,2.3,57.1,2.3,5.0,45.7,3.0,10.4,28.8
78,Cody Zeller,MIA,30,4.4,7.3,60.3,1.9,4.0,46.9,1.3,2.5,50.0,0.6,2.1,26.7,1.1,3.6,31.0,2.3,6.3,36.0
79,Cole Anthony,ORL,22,9.3,13.1,70.9,1.7,4.6,37.3,1.7,3.7,44.8,1.2,2.9,42.2,3.1,8.0,39.4,4.1,12.3,33.3
80,Cole Swider,LAL,23,2.8,4.6,60.9,0.4,1.2,33.3,0.8,1.3,60.0,0.8,1.0,80.0,1.0,2.0,50.0,1.5,4.0,37.5
81,Collin Sexton,UTA,24,10.2,16.3,62.2,2.9,6.3,45.3,1.5,3.3,46.5,1.2,2.7,44.1,2.7,6.9,39.9,3.5,9.9,35.6
82,Corey Kispert,WAS,24,10.9,16.8,65.2,3.2,7.5,42.6,2.0,4.4,45.1,1.4,3.7,38.2,2.3,6.3,36.1,4.3,12.3,35.0
83,Cory Joseph,DET,31,7.3,10.7,67.9,1.7,4.3,39.3,1.0,2.3,43.5,0.6,2.0,32.2,1.8,4.3,40.8,2.4,6.9,35.1
84,D'Angelo Russell,LAL,27,13.1,20.9,62.6,2.4,5.9,41.8,2.2,5.1,42.2,1.4,3.6,39.0,3.9,10.4,38.0,5.0,13.6,37.0
85,Daishen Nix,HOU,21,6.5,9.2,70.3,1.4,3.3,43.4,1.1,2.2,48.5,0.8,1.7,45.9,1.5,4.4,34.6,3.4,8.9,38.0
86,Dalano Banton,TOR,23,3.8,5.9,64.2,0.6,1.1,48.4,0.5,1.0,48.1,0.3,0.7,41.2,1.1,2.7,40.6,1.6,4.9,32.3
87,Dalen Terry,CHI,20,1.5,2.8,55.1,0.4,1.1,33.3,0.3,0.8,35.7,0.3,0.6,45.5,0.9,2.3,37.5,1.1,2.8,38.2
88,Damian Jones,UTA,27,4.6,7.3,63.8,1.1,2.7,41.2,1.3,2.5,53.7,0.4,1.1,34.6,1.5,4.4,35.1,1.6,4.8,32.5
89,Damian Lillard,POR,32,16.9,26.0,65.0,2.8,6.4,44.4,2.2,5.0,43.2,1.8,4.2,42.0,3.5,9.4,37.2,5.3,14.8,35.8
90,Damion Lee,PHX,30,7.9,12.5,63.0,1.8,4.5,40.6,1.4,3.1,44.4,0.8,2.4,34.8,2.0,5.0,39.8,2.9,8.8,33.6
91,Daniel Gafford,WAS,24,7.1,11.7,61.2,2.1,5.3,39.3,1.4,3.0,47.6,1.1,2.7,42.0,1.5,4.5,32.9,3.8,9.8,38.6
92,Daniel Theis,IND,30,6.9,10.3,66.7,1.4,3.0,47.6,0.9,2.0,42.9,0.6,1.6,36.4,1.6,4.0,39.3,2.9,7.1,40.0
93,Danny Green,CLE,35,3.1,4.9,64.7,1.0,2.6,38.9,0.9,2.1,40.0,0.7,1.1,62.5,1.6,3.3,47.8,1.7,5.7,30.0
94,Danuel House Jr.,PHI,29,6.1,9.1,66.7,1.0,2.6,39.0,1.1,2.3,50.0,0.8,1.9,42.9,1.2,3.5,35.9,2.7,7.8,34.4
95,Dario Saric,OKC,28,5.4,7.9,68.3,1.7,3.6,47.3,0.6,1.9,34.1,0.6,1.6,37.7,1.7,4.2,40.7,2.3,6.3,36.0
96,Darius Bazley,PHX,22,5.9,10.2,57.5,1.4,3.1,46.6,0.9,1.9,45.2,0.6,1.3,46.3,1.9,5.2,35.6,2.3,6.6,34.7
97,Darius Days,HOU,23,1.8,3.0,58.3,1.5,2.0,75.0,0.3,0.3,100,0.3,0.5,50.0,0.3,0.8,33.3,1.3,4.0,31.3
98,Darius Garland,CLE,23,12.3,19.9,61.6,3.2,7.4,43.2,2.3,5.5,41.7,1.7,3.6,46.6,3.8,8.7,44.1,4.8,14.4,33.5
99,David Duke Jr.,BKN,23,3.3,5.6,58.4,0.9,1.7,51.7,0.4,1.3,31.8,0.3,1.4,22.7,1.6,3.2,49.0,1.7,4.7,35.2
100,David Roddy,MEM,21,6.8,11.2,61.0,1.4,3.2,43.9,0.8,2.3,33.9,0.8,1.7,49.4,2.1,5.1,40.4,2.8,8.4,33.8
101,Davion Mitchell,SAC,24,7.7,11.6,66.5,1.8,3.9,47.2,1.2,2.8,41.9,0.9,2.1,44.8,1.8,4.9,36.9,2.5,7.2,34.7
102,Davis Bertans,DAL,30,3.8,6.1,61.7,1.2,2.2,54.1,0.9,1.8,49.2,0.6,1.3,45.0,1.1,3.1,34.3,1.6,4.4,37.1
103,Davon Reed,LAL,27,3.5,5.2,67.3,0.9,1.8,47.5,0.4,1.0,34.5,0.3,0.8,34.5,1.0,2.6,38.8,1.5,4.2,35.7
104,Day'Ron Sharpe,BKN,21,5.2,7.6,68.3,1.2,2.5,48.2,0.9,2.0,43.5,0.4,1.2,36.8,1.8,3.7,47.2,2.0,5.4,36.9
105,De'Aaron Fox,SAC,25,14.4,21.4,67.4,3.9,7.9,49.2,2.5,5.3,46.8,1.6,3.9,41.5,4.0,10.2,38.9,5.4,14.4,37.7
106,De'Andre Hunter,ATL,25,13.5,21.2,63.5,2.6,5.8,45.2,2.6,5.6,47.4,1.9,3.8,48.4,3.4,9.4,35.7,4.6,13.1,34.8
107,De'Anthony Melton,PHI,24,10.6,16.4,64.8,2.7,5.9,45.4,1.7,4.1,40.7,1.7,3.9,43.4,2.6,6.7,38.7,4.7,13.0,36.3
108,DeAndre Jordan,DEN,34,6.3,8.9,70.8,1.2,3.4,36.0,0.8,1.8,45.2,0.8,1.8,46.6,1.8,4.6,39.1,1.9,6.2,30.9
109,DeMar DeRozan,CHI,33,13.8,21.3,64.9,2.7,6.4,42.4,2.1,4.5,46.0,1.7,3.9,43.7,4.0,11.3,35.7,5.8,16.4,35.5
110,Dean Wade,CLE,26,7.5,12.4,60.1,1.8,4.9,35.7,1.5,3.5,43.2,0.9,2.2,38.8,1.6,4.5,34.9,2.4,7.2,33.7
111,Deandre Ayton,PHX,24,11.3,17.2,65.6,2.4,6.2,38.3,2.5,5.0,49.1,1.7,3.9,44.2,3.4,8.1,41.4,4.4,12.8,33.9
112,Dejounte Murray,ATL,26,16.1,24.6,65.5,2.6,6.4,41.5,2.9,6.2,46.2,2.1,4.4,47.4,3.9,10.7,36.4,5.1,14.7,34.7
113,Delon Wright,WAS,30,10.0,14.9,66.8,2.2,6.1,35.8,1.9,3.9,49.7,1.1,2.9,37.6,1.7,5.4,31.5,4.0,11.2,35.4
114,Deni Avdija,WAS,22,10.0,15.7,64.0,2.7,6.9,39.5,1.8,4.1,44.3,1.4,3.6,39.1,2.3,6.1,37.2,4.5,12.2,36.6
115,Dennis Schroder,LAL,29,13.1,19.9,66.1,3.0,6.8,43.8,2.2,5.3,41.3,1.9,4.2,46.3,3.2,8.6,37.8,4.9,15.4,31.7
116,Dennis Smith Jr.,CHA,25,9.3,15.7,59.1,2.0,5.3,38.4,1.6,3.8,41.8,1.4,3.0,45.0,2.6,6.7,38.4,3.5,11.2,30.9
117,Deonte Burton,SAC,29,1.5,1.5,100.0,0.0,1.0,0.0,0.0,0.0,0.0,0.0,1.0,0.0,1.5,1.5,100,0.0,1.5,0.0
118,Dereon Seabron,NOP,22,0.6,1.0,60.0,0.0,0.3,0.0,0.5,1.0,50.0,0.5,0.5,100,0.3,1.0,25.0,0.5,3.0,16.7
119,Derrick Jones Jr.,CHI,26,6.5,9.8,66.3,1.1,2.8,40.6,0.7,1.8,38.4,0.3,1.3,27.0,1.4,4.1,35.5,2.0,6.4,31.7
120,Derrick Rose,NYK,34,5.0,7.8,64.0,1.1,2.8,40.3,0.9,2.4,36.5,0.5,1.4,34.2,1.1,3.6,29.6,2.4,6.3,37.9
121,Derrick White,BOS,28,9.8,15.5,63.1,2.8,7.0,40.2,2.2,5.0,43.8,1.9,4.2,45.2,2.5,6.7,37.8,4.4,13.1,33.8
122,Desmond Bane,MEM,24,11.6,19.5,59.3,2.6,6.9,38.0,2.0,4.8,40.9,1.2,3.2,36.8,3.2,8.3,38.7,5.2,15.0,34.8
123,Devin Booker,PHX,26,12.3,19.8,62.4,2.5,7.0,36.0,2.7,5.2,52.7,1.7,4.4,39.3,3.6,8.7,41.9,5.1,14.9,34.1
124,Devin Vassell,SAS,22,15.1,22.5,66.8,2.6,5.9,44.0,1.7,3.9,43.8,1.6,3.5,45.5,2.8,7.2,38.7,5.2,12.9,40.5
125,Devon Dotson,WAS,23,3.0,5.2,58.1,0.8,2.0,40.0,0.2,1.0,20.0,0.8,1.8,44.4,0.5,1.7,30.0,1.6,4.0,40.0
126,Devonte' Graham,SAS,28,7.0,10.0,70.1,1.4,3.2,45.5,0.9,2.0,46.0,0.7,1.7,42.1,2.1,5.3,40.5,2.5,7.7,33.0
127,Dewayne Dedmon,PHI,33,4.2,6.5,64.6,1.0,2.3,45.6,0.6,1.6,39.6,0.7,1.7,41.7,1.4,3.4,39.8,2.0,5.4,36.8
128,Dillon Brooks,MEM,27,10.7,18.2,58.7,2.4,6.2,39.2,1.8,4.7,39.2,1.3,3.1,41.7,3.3,9.0,36.5,5.0,14.3,35.1
129,Domantas Sabonis,SAC,26,14.4,21.6,66.7,3.8,7.9,47.9,2.8,5.9,47.6,1.8,3.8,46.9,3.7,9.6,38.5,5.2,14.0,37.3
130,Dominick Barlow,SAS,19,5.2,7.7,67.6,1.1,1.9,57.7,1.0,1.7,60.0,0.4,1.4,29.4,1.2,3.2,35.7,1.9,4.4,41.9
131,Donovan Mitchell,CLE,26,12.4,20.2,61.3,2.9,6.7,43.5,2.0,5.4,37.5,1.8,4.1,44.2,3.8,9.3,41.3,5.2,14.2,36.9
132,Donte DiVincenzo,GSW,26,9.1,14.0,64.8,3.9,8.2,47.5,1.6,3.5,46.0,1.3,2.6,48.0,2.8,7.1,38.9,4.3,12.5,34.8
133,Dorian Finney-Smith,BKN,29,11.4,17.9,63.5,3.2,6.8,46.2,2.5,5.5,44.8,1.5,3.6,40.6,3.9,9.0,43.5,3.6,10.8,33.8
134,Doug McDermott,SAS,31,9.2,14.2,64.5,2.1,4.7,45.1,1.2,3.1,38.5,1.4,2.5,56.0,2.0,4.9,40.1,3.4,9.1,37.6
135,Draymond Green,GSW,33,9.6,15.2,63.4,4.8,10.4,46.2,2.1,5.0,42.0,1.8,4.3,43.3,3.3,8.4,39.2,5.5,15.8,35.0
136,Drew Eubanks,POR,26,8.8,14.0,62.8,1.7,3.6,47.6,1.1,2.3,47.6,1.0,2.1,46.7,1.9,5.3,35.3,2.9,8.0,35.6
137,Dru Smith,BKN,25,4.0,6.1,65.5,1.4,2.6,53.8,0.9,2.3,38.1,0.5,1.8,27.8,1.7,3.7,45.9,2.2,6.8,32.4
138,Duane Washington Jr.,NYK,22,5.1,8.4,61.1,1.1,2.9,38.8,1.0,2.2,44.3,0.9,1.9,44.2,1.1,3.0,35.6,1.8,5.0,36.1
139,Duncan Robinson,MIA,28,5.8,8.8,66.8,1.8,3.4,52.2,0.8,2.4,33.8,0.8,1.7,45.5,2.2,5.0,43.3,2.9,8.1,36.2
140,Dwight Powell,DAL,31,7.6,11.2,68.1,1.9,4.3,44.5,1.8,3.7,48.3,1.1,2.5,42.6,2.2,6.0,37.0,2.4,7.0,33.4
141,Dyson Daniels,NOP,19,7.7,10.8,71.2,1.5,4.0,38.2,1.0,2.7,36.8,1.0,2.2,46.2,2.3,6.6,35.2,3.0,9.3,31.9
142,Edmond Sumner,BKN,27,6.0,9.6,62.4,1.0,3.1,33.1,0.8,2.2,37.6,0.5,1.5,32.4,1.6,4.0,39.2,2.3,6.2,36.9
143,Eric Gordon,LAC,34,11.9,17.6,67.6,2.5,6.2,40.3,1.6,4.0,40.3,1.5,3.5,41.4,2.9,8.2,35.2,5.9,15.0,39.1
144,Eugene Omoruyi,DET,26,4.6,6.9,66.5,1.4,2.8,47.9,0.5,1.3,40.0,0.3,1.0,28.0,1.6,4.1,38.4,1.8,5.2,35.3
145,Evan Fournier,NYK,30,6.8,10.2,66.7,1.0,2.9,36.4,1.2,3.0,38.8,0.7,2.0,37.0,2.0,5.7,35.6,3.0,8.8,34.2
146,Evan Mobley,CLE,21,11.5,19.0,60.4,2.9,7.0,42.0,2.1,5.3,39.9,1.5,3.6,42.1,3.8,8.7,43.5,5.2,14.2,36.8
147,Facundo Campazzo,DAL,31,2.3,3.4,66.7,1.0,2.9,35.0,0.2,0.8,25.0,0.6,1.2,50.0,0.4,1.4,30.0,1.2,3.0,40.0
148,Frank Jackson,UTA,24,2.0,3.0,66.7,3.0,4.0,75.0,0.0,0.0,0.0,-,-,-,0.0,0.0,0.0,0.0,0.0,0.0
149,Frank Kaminsky,HOU,29,3.3,4.4,74.4,0.6,1.4,43.9,0.3,0.9,33.3,0.3,0.6,46.7,0.6,1.9,33.3,1.3,3.3,37.6
150,Frank Ntilikina,DAL,24,4.7,7.5,63.2,1.0,2.4,40.4,0.8,1.8,46.9,0.7,1.7,40.0,1.4,3.8,37.1,1.7,4.8,35.3
151,Franz Wagner,ORL,21,12.5,18.4,68.1,2.6,6.4,41.0,2.0,4.6,44.2,1.5,3.5,42.8,3.9,10.0,38.8,5.2,15.6,33.4
152,Fred VanVleet,TOR,29,14.6,21.4,68.2,3.2,7.4,43.5,2.0,4.4,46.1,1.3,3.3,40.0,4.2,10.4,40.4,5.3,14.6,36.4
153,Furkan Korkmaz,PHI,25,4.7,7.1,66.1,0.6,1.8,34.1,0.7,1.4,51.7,0.4,1.2,29.2,1.2,2.9,42.9,1.4,4.8,29.8
154,Gabe Vincent,MIA,26,8.9,13.4,66.9,2.7,5.5,48.6,1.4,3.9,36.1,1.1,2.5,43.9,2.8,8.0,34.9,4.2,11.5,36.3
155,Garrett Temple,NOP,36,2.9,4.3,68.3,0.8,1.6,46.4,0.5,1.4,33.3,0.1,0.3,50.0,0.6,2.3,25.6,1.6,4.3,36.4
156,Garrison Mathews,ATL,26,4.7,7.1,66.0,0.8,2.6,30.0,0.7,1.7,41.3,0.6,1.3,41.7,1.3,3.5,37.6,2.6,7.9,32.3
157,Gary Harris,ORL,28,10.0,14.1,70.7,2.4,5.2,47.3,1.9,3.7,50.7,1.2,2.8,43.0,2.5,6.7,37.3,4.4,11.5,37.9
158,Gary Payton II,GSW,30,7.3,11.8,62.1,0.9,1.9,48.3,1.1,2.0,53.3,1.0,2.2,45.5,1.8,4.9,37.0,2.9,7.3,39.4
159,Gary Trent Jr.,TOR,24,13.1,20.5,64.0,3.3,7.0,46.8,1.8,4.4,41.3,1.2,2.7,45.5,3.6,9.0,40.0,5.0,13.2,37.8
160,George Hill,IND,36,6.6,10.8,60.9,1.8,3.8,46.3,1.5,3.8,38.7,1.4,3.2,45.6,1.1,4.0,28.7,3.2,9.3,33.9
161,Georges Niang,PHI,29,7.6,11.6,65.0,1.5,3.7,40.2,1.1,2.6,43.4,0.8,2.3,36.1,1.6,4.5,36.6,2.9,9.0,32.3
162,Giannis Antetokounmpo,MIL,28,10.9,17.6,61.9,2.9,7.3,39.5,3.8,7.9,48.8,2.5,6.3,38.9,2.3,7.1,32.3,5.3,15.6,34.0
163,Goga Bitadze,ORL,23,3.8,5.7,65.8,0.6,1.8,35.6,0.4,1.2,36.7,0.3,1.1,32.0,1.2,3.1,38.9,1.6,4.4,36.9
164,Goran Dragic,MIL,36,6.7,10.0,66.6,1.4,3.1,45.5,1.0,2.1,46.7,0.6,1.5,40.8,1.5,4.6,32.9,2.1,6.3,33.6
165,Gordon Hayward,CHA,32,13.8,21.6,64.1,3.2,7.0,46.4,2.2,4.9,46.1,1.9,4.3,45.3,3.0,8.2,36.0,4.1,13.4,30.8
166,Gorgui Dieng,SAS,33,3.9,6.0,64.9,1.2,2.2,53.7,0.6,1.5,37.9,0.6,1.4,40.7,1.2,2.8,41.5,2.0,4.6,43.8
167,Grant Williams,BOS,24,9.4,14.8,63.9,3.0,6.6,45.0,2.0,4.6,44.1,2.0,4.2,48.5,2.3,6.1,38.1,4.4,12.4,35.6
168,Grayson Allen,MIL,27,9.7,15.6,62.3,2.6,6.4,40.6,3.2,6.8,47.9,2.1,5.0,42.3,2.2,6.1,36.5,4.8,13.3,36.0
169,Greg Brown III,POR,21,2.0,3.3,61.2,0.6,1.5,41.2,0.5,0.6,71.4,0.5,1.1,42.9,0.7,2.3,29.6,0.5,2.3,22.9
170,Hamidou Diallo,DET,24,7.3,11.6,63.1,1.6,3.6,46.0,0.7,1.9,37.4,0.6,1.8,31.3,1.9,5.1,37.9,2.7,7.5,36.2
171,Harrison Barnes,SAC,30,14.3,21.4,66.7,3.5,7.3,47.8,2.4,5.3,46.2,1.7,3.7,46.1,3.6,9.3,38.3,4.9,13.4,36.3
172,Haywood Highsmith,MIA,26,6.2,10.1,61.6,1.8,3.9,46.8,1.5,3.6,40.4,0.8,1.7,44.4,2.2,5.2,42.6,3.6,10.4,34.6
173,Herbert Jones,NOP,24,10.9,16.2,67.4,2.9,6.4,45.2,1.6,3.9,41.2,1.4,3.2,43.8,3.1,8.2,38.0,4.7,13.6,34.3
174,Immanuel Quickley,NYK,23,9.8,16.6,58.9,2.2,5.1,42.9,1.8,4.2,43.6,1.3,3.4,38.4,3.1,9.2,33.3,4.0,12.3,32.6
175,Isaac Okoro,CLE,22,7.7,12.6,61.3,2.3,4.9,45.8,1.2,3.4,36.0,1.1,2.3,46.1,2.1,5.1,41.3,3.1,8.4,37.2
176,Isaiah Hartenstein,NYK,24,6.4,11.1,57.8,1.4,3.4,42.6,1.5,3.2,46.3,1.0,2.5,40.5,2.2,6.2,36.3,3.1,8.8,35.2
177,Isaiah Jackson,IND,21,6.6,10.5,63.0,1.2,2.6,45.0,1.0,2.1,48.5,0.6,1.4,40.3,1.5,4.4,35.4,2.5,6.9,36.3
178,Isaiah Joe,OKC,23,6.3,9.9,64.2,1.9,3.9,48.1,1.1,2.2,48.4,0.8,1.7,43.8,1.6,4.8,33.8,3.1,8.4,37.1
179,Isaiah Livers,DET,24,9.3,14.4,64.5,2.3,5.3,42.7,1.0,2.4,41.3,0.8,2.0,38.2,2.2,5.8,37.7,3.5,9.2,37.6
180,Isaiah Mobley,CLE,23,1.1,1.7,66.7,0.0,0.8,0.0,0.0,0.5,0.0,0.1,0.4,33.3,0.2,1.2,16.7,0.6,2.6,22.2
181,Isaiah Roby,SAS,25,4.6,7.3,63.7,1.4,2.5,54.1,0.5,1.4,37.5,0.8,1.4,54.7,1.4,3.3,41.9,1.8,4.9,36.3
182,Isaiah Stewart,DET,21,11.7,18.2,64.6,2.7,5.9,45.1,1.7,4.0,41.3,1.4,3.0,46.4,3.4,8.7,39.0,4.4,11.9,37.4
183,Isaiah Todd,WAS,21,1.3,1.3,100.0,0.3,0.7,50.0,0.0,0.3,0.0,0.0,0.0,0.0,0.3,0.3,100,0.7,2.0,33.3
184,Ish Smith,DEN,34,3.8,6.1,62.9,1.0,2.4,42.9,0.6,1.2,53.6,0.5,1.5,33.3,1.1,2.9,36.5,1.5,4.6,31.7
185,Ish Wainright,PHX,28,5.2,8.3,62.8,1.4,3.4,40.9,1.1,2.8,37.7,0.7,1.7,37.5,1.4,3.7,37.7,1.9,6.5,29.3
186,Ivica Zubac,LAC,25,10.0,15.6,64.1,3.3,7.1,46.6,2.5,5.4,45.7,1.5,3.5,42.1,2.9,7.5,38.5,5.2,13.8,37.7
187,JD Davison,BOS,20,0.4,1.0,42.9,0.0,0.0,0.0,0.3,0.5,50.0,0.0,0.0,0.0,0.8,1.8,45.5,0.7,1.3,50.0
188,JT Thor,CHA,20,4.4,6.8,63.7,0.9,2.3,41.3,0.9,2.0,46.2,0.8,1.8,45.7,1.5,3.3,44.0,1.5,5.2,29.9
189,Ja Morant,MEM,23,12.3,20.6,59.5,2.6,6.7,39.7,2.0,4.9,40.2,1.4,3.5,40.4,3.4,9.5,36.2,5.2,14.9,34.6
190,JaMychal Green,GSW,32,5.3,8.2,64.4,2.1,4.3,47.8,0.8,1.7,48.1,0.6,1.3,50.8,1.3,3.7,34.9,2.6,6.7,38.5
191,JaVale McGee,DAL,35,3.5,5.4,65.1,1.1,2.1,53.6,0.5,1.3,41.3,0.7,1.3,51.1,1.2,2.6,43.7,1.1,3.2,33.0
192,Jabari Smith Jr.,HOU,19,11.7,17.7,66.3,2.4,5.7,43.0,2.0,4.1,48.4,1.3,3.2,39.3,3.0,8.0,37.4,6.5,16.9,38.6
193,Jabari Walker,POR,20,4.0,6.3,62.8,0.6,1.5,40.0,0.4,1.0,43.2,0.3,0.9,32.4,1.0,2.7,35.9,1.4,3.9,34.5
194,Jack White,DEN,25,1.4,2.1,63.3,0.4,0.6,71.4,0.4,0.7,66.7,0.0,0.1,0.0,0.4,1.0,36.4,0.6,1.6,34.8
195,Jaden Hardy,DAL,20,5.3,7.8,68.0,1.4,2.4,57.3,0.9,1.7,50.0,0.9,1.8,51.0,1.1,3.6,30.6,1.6,5.0,32.0
196,Jaden Ivey,DET,21,13.6,20.7,65.7,2.8,6.4,43.8,1.8,4.0,45.0,1.3,3.0,42.9,3.5,8.8,40.0,4.6,12.1,37.9
197,Jaden McDaniels,MIN,22,11.5,18.9,60.9,2.5,6.0,42.7,2.1,5.0,42.5,1.3,3.4,38.0,3.8,10.2,37.4,4.7,12.4,37.5
198,Jaden Springer,PHI,20,0.7,1.5,44.4,0.1,0.6,25.0,0.5,0.8,66.7,0.2,0.5,33.3,0.4,0.8,50.0,1.1,3.1,36.4
199,Jae Crowder,MIL,32,7.3,11.5,63.0,1.9,4.9,38.5,1.5,4.8,31.6,1.4,4.5,30.6,0.4,1.9,20.0,2.9,9.3,31.1
200,Jae'Sean Tate,HOU,27,7.8,12.3,63.3,1.5,3.4,44.3,1.3,2.9,46.1,0.8,2.0,43.1,2.8,7.0,40.9,4.1,11.7,35.3
201,Jake LaRavia,MEM,21,5.5,8.3,65.9,0.8,2.2,37.3,0.6,1.6,39.6,0.4,1.0,42.9,1.3,3.3,38.8,1.8,6.4,28.8
202,Jakob Poeltl,TOR,27,12.3,18.4,66.6,2.3,5.5,41.7,1.9,4.2,45.0,1.5,3.3,47.1,2.8,6.3,44.4,4.3,10.4,41.4
203,Jalen Brunson,NYK,26,13.0,20.4,63.5,2.6,6.2,41.7,2.4,5.0,49.0,1.8,4.0,44.6,4.4,11.4,38.6,5.3,15.5,34.5
204,Jalen Duren,DET,19,11.5,17.4,66.5,2.4,5.5,42.7,1.2,2.7,42.4,1.0,2.4,39.8,3.0,7.2,42.4,3.3,9.9,33.5
205,Jalen Green,HOU,21,13.5,20.0,67.6,2.8,6.1,46.0,1.9,4.2,43.7,1.4,3.5,40.7,3.3,8.9,37.0,7.3,18.8,38.6
206,Jalen Johnson,ATL,21,6.6,10.1,64.9,0.9,2.6,34.0,0.9,2.4,38.2,0.5,1.1,42.6,1.6,4.5,35.8,2.3,6.4,35.3
207,Jalen McDaniels,PHI,25,9.7,15.6,62.0,2.1,4.8,44.7,1.5,3.6,43.1,1.3,3.3,40.6,2.7,6.4,41.5,4.5,12.6,36.1
208,Jalen Smith,IND,22,8.3,13.3,62.6,1.6,3.5,45.3,0.8,2.2,35.8,0.9,2.0,42.6,1.8,4.9,36.7,3.0,8.4,35.7
209,Jalen Suggs,ORL,21,9.2,13.5,68.5,1.6,4.2,38.8,1.4,3.3,42.8,1.0,2.2,45.7,2.9,7.8,37.4,4.1,11.4,36.0
210,Jalen Williams,OKC,21,11.7,19.0,61.6,2.7,5.8,46.8,1.7,3.7,45.5,1.3,2.7,48.1,3.6,9.0,40.0,4.5,13.1,34.2
211,Jamal Cain,MIA,23,4.1,6.4,64.0,1.3,2.8,45.5,1.1,2.2,48.3,0.9,1.7,54.5,2.5,5.0,49.2,1.9,7.6,25.3
212,Jamal Murray,DEN,26,14.2,20.9,68.0,2.5,6.9,36.4,2.3,5.1,46.2,1.7,3.9,44.1,3.3,8.8,37.4,4.4,13.3,33.5
213,Jamaree Bouyea,WAS,23,6.3,9.0,69.4,1.8,2.5,70.0,1.5,2.3,66.7,0.7,2.0,33.3,2.0,4.3,47.1,2.3,6.8,33.3
214,James Bouknight,CHA,22,4.8,8.4,57.3,1.6,3.1,50.7,0.9,2.2,42.3,0.5,1.4,34.3,1.4,3.6,40.2,2.3,7.5,31.0
215,James Harden,PHI,33,13.6,20.3,67.2,3.1,7.2,42.9,2.1,5.5,39.3,1.9,4.7,40.0,3.4,8.8,38.0,6.2,17.6,35.3
216,James Johnson,IND,36,2.4,3.7,65.9,0.5,1.4,40.0,0.6,1.4,41.2,0.8,1.6,50.0,0.7,2.1,34.8,1.3,3.5,37.1
217,James Wiseman,DET,21,6.1,8.9,68.4,1.9,4.6,41.7,1.3,2.5,53.3,0.8,1.9,42.3,1.9,4.6,40.9,3.1,7.5,42.0
218,Jared Butler,OKC,22,2.5,3.5,71.4,0.5,3.5,14.3,1.0,2.0,50.0,0.0,0.0,0.0,1.0,2.5,40.0,1.5,4.0,37.5
219,Jared Rhoden,DET,23,5.0,6.5,76.9,1.0,1.3,80.0,0.5,0.5,100,0.3,0.8,33.3,0.5,2.5,20.0,0.8,2.3,33.3
220,Jaren Jackson Jr.,MEM,23,9.6,17.5,55.3,2.1,5.7,36.1,1.7,4.6,37.3,1.0,2.7,35.2,3.2,8.6,37.0,4.3,12.6,34.2
221,Jarred Vanderbilt,LAL,23,10.7,16.8,63.6,2.7,5.7,46.9,1.6,3.2,49.5,1.0,2.4,44.5,2.5,6.4,38.5,3.7,10.4,35.8
222,Jarrett Allen,CLE,24,11.5,18.8,61.1,3.0,6.7,45.3,2.1,5.0,41.4,1.5,3.5,43.5,3.8,8.7,43.2,4.6,13.0,35.1
223,Jarrett Culver,ATL,24,7.2,10.6,68.4,1.1,2.6,43.5,0.8,2.3,33.3,0.6,1.9,33.3,1.6,4.0,40.6,2.3,5.7,40.4
224,Jason Preston,LAC,23,3.5,5.3,65.2,0.6,2.0,29.2,1.1,1.7,63.2,0.6,1.3,46.7,0.8,2.1,37.0,1.8,4.1,43.4
225,Javonte Green,CHI,29,5.8,9.9,58.8,1.4,3.4,40.0,1.0,2.4,40.9,0.6,1.5,36.6,1.4,4.0,35.4,3.1,7.8,39.6
226,Jaxson Hayes,NOP,22,5.7,8.0,71.7,1.0,2.4,40.0,0.6,1.7,37.5,0.8,1.6,51.8,1.5,3.9,39.2,2.2,7.1,31.5
227,Jaylen Brown,BOS,26,13.2,20.3,65.3,3.3,8.3,39.2,2.6,6.1,43.0,2.8,5.7,49.2,3.2,8.4,38.6,6.1,17.9,34.1
228,Jaylen Nowell,MIN,23,8.0,12.3,65.1,1.6,3.8,41.4,1.4,3.1,43.3,0.8,2.0,39.5,2.4,6.3,37.9,2.5,7.1,34.5
229,Jaylin Williams,OKC,20,6.9,10.2,67.5,1.6,3.6,44.3,1.3,2.8,46.3,1.0,1.8,54.4,2.1,4.8,43.4,3.2,8.5,37.9
230,Jayson Tatum,BOS,25,12.7,20.0,63.7,3.8,8.9,42.5,2.8,6.6,42.3,2.7,5.3,50.5,3.8,9.2,40.7,6.3,18.7,33.8
231,Jeff Dowtin Jr.,TOR,25,3.2,5.8,55.8,0.8,1.7,46.2,0.8,1.8,44.8,0.5,1.3,35.3,0.7,2.2,30.0,1.4,3.7,39.4
232,Jeff Green,DEN,36,8.0,11.6,69.4,1.8,4.6,38.3,1.2,2.9,42.9,0.8,1.9,42.5,1.9,5.1,36.4,3.1,9.0,33.9
233,Jerami Grant,POR,28,15.9,24.6,64.5,2.8,6.6,42.5,2.2,5.3,42.2,1.9,4.4,43.7,3.5,9.4,37.0,5.5,14.5,37.9
234,Jeremiah Robinson-Earl,OKC,22,8.1,13.1,62.1,2.3,4.9,46.4,1.3,2.5,50.6,0.4,1.6,26.8,2.7,6.9,39.9,3.3,8.4,39.1
235,Jeremy Sochan,SAS,19,11.7,18.2,64.3,2.3,5.2,43.2,2.1,4.4,47.6,1.7,3.3,51.2,3.1,6.7,46.7,4.1,10.8,37.7
236,Jericho Sims,NYK,24,5.5,8.8,62.2,1.2,3.1,38.0,1.5,2.9,51.4,0.9,1.9,48.3,1.9,4.5,41.9,2.5,7.4,33.5
237,Jevon Carter,MIL,27,7.7,12.3,62.4,2.2,5.5,39.3,2.6,5.4,47.8,1.4,3.8,37.8,1.4,4.5,31.5,3.5,10.7,33.1
238,Jimmy Butler,MIA,33,11.8,17.2,68.6,3.5,7.2,49.2,2.0,4.5,44.8,1.4,3.4,40.2,4.0,10.0,39.9,5.0,13.8,36.0
239,Jock Landale,PHX,27,5.2,8.4,61.5,1.3,3.2,40.9,0.9,2.2,39.8,0.4,1.2,30.9,1.4,3.5,39.1,1.9,5.6,33.8
240,Joe Harris,BKN,31,9.0,14.6,61.9,1.9,5.3,35.1,1.2,3.3,36.4,1.1,2.3,48.1,3.0,6.7,44.6,2.9,8.9,32.6
241,Joe Ingles,MIL,35,8.7,13.8,62.9,2.2,5.0,42.8,2.0,4.9,40.1,1.8,4.5,40.1,1.9,4.8,39.6,3.2,10.0,32.1
242,Joe Wieskamp,TOR,23,2.7,5.0,53.3,0.0,1.0,0.0,0.7,1.3,50.0,0.0,0.5,0.0,1.0,3.3,30.0,1.7,4.0,41.7
243,Joel Embiid,PHI,28,12.5,19.3,65.0,3.1,7.1,43.6,2.2,5.3,41.3,2.1,5.0,42.7,3.0,7.8,38.0,5.9,16.9,34.6
244,John Butler Jr.,POR,20,1.1,2.0,56.3,0.3,0.9,33.3,0.3,0.3,100,0.6,1.4,42.9,0.3,0.8,40.0,0.2,1.2,18.2
245,John Collins,ATL,25,13.1,20.1,65.3,2.6,5.8,44.8,2.7,5.6,47.3,1.8,3.8,47.9,3.1,8.9,34.9,4.3,12.5,34.1
246,John Konchar,MEM,26,8.8,14.6,60.2,1.6,4.5,34.8,1.2,3.2,39.0,0.9,2.1,41.7,2.1,5.8,36.9,3.5,10.2,34.5
247,John Wall,LAC,32,8.8,13.6,64.9,1.9,5.3,35.9,1.6,3.4,45.3,1.0,2.4,41.3,2.2,6.1,36.1,3.6,10.2,35.6
248,Johnny Davis,WAS,21,1.4,1.9,72.0,0.3,0.8,36.4,0.2,0.5,40.0,0.2,0.5,33.3,0.2,0.7,33.3,0.6,2.4,25.8
249,Johnny Juzang,UTA,21,3.6,6.0,60.0,3.0,5.4,55.6,0.0,0.4,0.0,0.3,1.0,25.0,1.6,3.6,44.4,2.0,5.6,35.7
250,Jonas Valanciunas,NOP,30,9.6,14.1,68.0,2.3,5.2,45.2,1.5,3.7,41.3,1.3,2.9,45.9,2.8,7.7,36.5,3.9,11.3,34.7
251,Jonathan Isaac,ORL,25,3.4,5.0,67.3,0.8,2.2,37.5,1.2,2.1,56.5,0.5,1.5,33.3,0.9,3.5,26.3,2.6,5.0,52.7
252,Jonathan Kuminga,GSW,20,7.0,10.8,64.6,2.7,5.9,45.5,1.3,2.9,44.2,1.0,1.9,50.5,1.9,5.4,35.0,3.5,9.1,38.5
253,Jordan Clarkson,UTA,30,13.8,22.3,61.6,3.6,8.2,43.7,2.4,5.2,46.2,1.5,3.5,42.6,3.7,9.1,40.3,4.5,12.9,35.2
254,Jordan Goodwin,WAS,24,6.5,10.5,61.2,1.9,4.7,41.0,1.1,2.4,48.1,1.3,2.7,47.0,1.3,3.5,38.8,3.3,9.0,36.3
255,Jordan Hall,SAS,21,3.8,5.8,65.4,1.0,1.4,69.2,0.0,1.0,0.0,0.4,1.3,30.0,1.0,2.3,42.9,1.6,3.6,43.8
256,Jordan McLaughlin,MIN,26,5.7,9.2,62.1,0.9,3.5,26.0,1.4,3.1,46.7,0.7,1.7,44.4,1.8,4.7,38.3,1.8,5.4,32.5
257,Jordan Nwora,IND,24,6.9,10.7,64.9,1.7,3.9,44.8,1.5,3.4,45.3,1.1,2.5,42.5,1.2,3.3,34.9,2.7,7.5,36.8
258,Jordan Poole,GSW,23,10.5,16.6,63.3,4.5,9.7,46.2,2.0,4.5,44.5,1.5,3.6,41.3,3.2,8.5,38.1,5.1,14.5,35.2
259,Jordan Schakel,WAS,24,3.0,3.0,100.0,0.0,0.0,0.0,0.0,0.0,0.0,0.0,0.0,0.0,0.0,0.0,0.0,1.0,2.0,50.0
260,Jose Alvarado,NOP,24,8.5,12.2,69.2,1.7,4.1,40.4,1.2,2.9,40.1,1.1,2.5,44.8,2.2,6.3,35.6,3.2,9.7,33.2
261,Josh Christopher,HOU,21,4.5,6.8,66.9,0.9,2.3,38.7,0.6,1.3,41.7,0.6,1.3,48.1,1.5,3.6,42.1,2.2,5.7,39.0
262,Josh Giddey,OKC,20,13.1,20.6,63.4,2.8,6.1,45.7,1.8,3.7,49.1,1.5,3.2,46.0,3.5,9.1,37.9,4.9,13.4,36.7
263,Josh Green,DAL,22,9.2,13.5,68.0,2.4,5.0,48.1,1.9,4.1,45.4,1.3,3.0,42.4,2.9,7.7,37.6,3.0,8.7,34.8
264,Josh Hart,NYK,28,13.9,21.9,63.5,2.8,6.5,43.3,1.7,4.4,39.3,1.8,4.0,43.5,2.9,8.3,34.4,4.8,13.5,35.7
265,Josh Minott,MIN,20,2.6,4.5,59.2,0.8,2.6,30.4,0.1,0.6,20.0,1.0,1.8,57.1,0.7,2.5,28.0,0.9,2.3,40.7
266,Josh Okogie,PHX,24,5.8,9.7,59.8,1.4,3.8,37.4,1.3,2.8,47.3,1.0,2.1,49.1,1.6,4.4,36.0,2.2,7.2,30.9
267,Josh Richardson,NOP,29,10.2,15.7,65.4,2.4,5.1,46.8,1.6,3.7,41.8,1.7,3.3,51.9,2.7,6.4,41.9,3.7,10.4,35.8
268,Joshua Primo,SAS,20,9.8,17.8,54.9,1.3,3.5,35.7,1.8,3.0,58.3,1.0,2.0,50.0,3.3,6.0,54.2,3.3,11.3,28.9
269,Jrue Holiday,MIL,32,10.8,17.9,60.6,2.9,7.1,41.1,3.5,7.6,45.9,2.6,6.1,42.3,2.5,7.5,33.3,5.9,16.5,35.9
270,Juan Toscano-Anderson,UTA,29,4.7,7.7,61.0,1.2,2.9,41.3,1.0,2.3,44.9,1.0,1.8,56.9,1.3,3.5,35.5,2.3,6.0,37.5
271,Juancho Hernangomez,TOR,27,5.7,8.1,70.5,1.4,2.6,51.4,1.0,1.9,55.8,0.7,1.6,44.4,1.8,5.1,36.0,2.2,6.4,34.4
272,Julian Champagnie,SAS,21,4.5,6.8,66.7,0.3,1.0,33.3,0.5,1.0,50.0,0.5,1.3,40.0,1.3,2.7,50.0,0.3,2.3,14.3
273,Julius Randle,NYK,28,13.3,20.8,63.9,2.8,6.3,44.9,2.4,5.2,46.5,1.7,4.0,42.9,4.4,12.1,36.5,5.4,15.8,34.4
274,Justin Champagnie,TOR,21,1.3,1.7,80.0,0.5,0.5,100,0.7,1.0,66.7,0.0,0.3,0.0,0.5,1.0,50.0,0.7,1.7,40.0
275,Justin Holiday,DAL,33,6.4,10.2,62.6,1.3,3.2,41.4,1.3,2.7,50.6,0.6,1.6,39.3,1.4,4.4,32.4,2.4,6.7,35.6
276,Justin Jackson,BOS,27,1.4,2.6,51.7,0.5,1.6,32.3,0.4,1.1,38.9,1.2,1.7,70.8,0.7,1.7,40.0,0.8,2.4,33.3
277,Justise Winslow,POR,26,10.5,17.7,59.4,1.9,4.4,43.0,1.6,3.4,45.5,1.2,2.9,43.4,3.0,7.9,38.4,3.8,11.2,34.0
278,Jusuf Nurkic,POR,28,11.5,18.1,63.7,2.0,5.0,40.1,1.6,4.3,37.6,1.6,3.6,45.1,2.8,7.4,37.4,4.1,10.9,37.6
279,KZ Okpala,SAC,23,3.0,5.0,59.6,1.0,2.0,52.5,0.4,1.5,29.3,0.8,1.8,46.2,1.1,2.8,38.0,0.9,2.9,30.4
280,Kai Jones,CHA,22,3.2,5.8,54.4,0.8,2.1,39.7,0.5,1.1,45.5,0.4,0.8,47.8,0.9,2.3,40.0,1.7,4.8,35.2
281,Karl-Anthony Towns,MIN,27,12.6,21.0,59.9,2.3,6.2,36.6,2.1,5.2,40.9,1.2,4.0,30.1,4.7,10.9,42.8,6.2,16.1,38.3
282,Kawhi Leonard,LAC,31,12.3,18.6,66.4,3.6,8.2,43.7,2.4,5.6,42.3,1.4,3.7,38.3,2.8,7.7,36.6,5.4,14.5,37.2
283,Keegan Murray,SAC,22,13.0,19.5,66.8,3.1,6.6,47.6,2.0,4.7,43.4,1.3,3.4,38.2,3.3,8.3,40.0,4.6,12.0,38.2
284,Keita Bates-Diop,SAS,27,10.1,15.1,66.9,1.9,4.4,44.5,1.5,3.5,43.4,1.3,2.7,47.2,2.6,5.2,49.6,2.8,8.8,31.9
285,Keldon Johnson,SAS,23,15.3,23.3,65.6,2.9,6.9,42.9,2.4,5.1,46.3,2.1,4.3,49.4,3.4,7.7,44.8,5.5,13.7,40.4
286,Kelly Olynyk,UTA,31,11.6,19.1,60.5,3.0,6.9,43.5,2.3,4.6,49.0,1.5,3.2,44.9,3.1,7.9,39.5,4.0,11.6,34.5
287,Kelly Oubre Jr.,CHA,27,13.6,21.1,64.4,3.0,6.3,46.7,2.0,4.5,45.4,2.1,4.2,48.9,3.3,8.2,40.2,5.2,14.5,35.6
288,Kemba Walker,DAL,32,5.9,8.9,66.3,1.7,3.7,45.5,1.7,2.1,78.9,0.7,2.1,31.6,1.8,5.3,33.3,2.0,6.5,30.8
289,Kendall Brown,IND,19,2.7,4.0,66.7,0.8,1.8,44.4,0.0,0.2,0.0,0.2,0.2,100,0.6,2.4,25.0,1.0,3.7,27.3
290,Kendrick Nunn,WAS,27,5.9,9.9,59.4,1.3,3.3,40.7,1.3,2.7,48.3,0.6,1.6,38.5,1.5,3.9,39.1,2.3,6.8,34.6
291,Kennedy Chandler,MEM,20,3.1,5.4,57.5,0.8,1.8,45.2,0.2,1.1,20.0,0.5,1.0,52.4,1.5,3.0,50.7,1.3,4.4,30.0
292,Kenneth Lofton Jr.,MEM,20,1.0,1.7,60.0,0.3,0.5,50.0,0.1,0.3,50.0,0.6,0.8,83.3,0.8,1.4,54.5,0.7,1.9,38.1
293,Kenrich Williams,OKC,28,8.8,13.8,64.0,2.0,4.7,43.4,1.2,2.4,49.2,1.0,2.1,47.7,2.4,6.8,35.0,3.0,9.5,31.2
294,Kentavious Caldwell-Pope,DEN,30,13.2,19.1,68.8,2.8,7.3,38.0,2.3,5.0,46.7,1.3,3.4,39.5,3.3,8.6,37.8,4.3,13.0,33.1
295,Kenyon Martin Jr.,HOU,22,10.7,15.8,67.4,2.1,4.7,43.9,1.5,3.4,44.7,1.1,2.5,43.5,2.9,7.8,36.8,5.6,14.5,38.3
296,Keon Ellis,SAC,23,1.3,2.1,63.2,0.6,1.4,42.9,0.0,0.5,0.0,0.1,0.7,20.0,0.7,1.3,55.6,1.1,2.0,56.3
297,Keon Johnson,POR,20,4.5,6.8,65.8,0.8,1.8,42.6,0.5,1.1,41.4,0.3,1.0,32.1,1.3,3.0,43.8,1.5,3.9,39.1
298,Kessler Edwards,SAC,22,1.9,3.1,62.5,0.5,1.3,38.9,0.6,1.1,53.3,0.5,0.9,50.0,1.4,3.0,45.2,1.9,4.4,43.8
299,Kevin Durant,PHX,34,14.0,23.1,60.5,2.7,7.5,35.3,2.0,5.2,38.1,1.4,3.6,38.6,4.1,10.7,38.2,4.8,14.4,33.3
300,Kevin Huerter,SAC,24,12.8,18.8,68.0,3.3,6.5,49.8,2.4,5.1,47.0,1.5,3.6,42.5,3.2,8.4,38.4,4.5,12.1,37.1
301,Kevin Knox II,POR,23,5.6,8.4,66.9,1.3,3.1,40.3,0.6,1.5,41.4,0.4,1.0,35.6,1.6,4.0,40.0,1.9,5.3,35.8
302,Kevin Love,MIA,34,7.4,11.0,67.2,2.1,4.6,45.3,1.3,3.0,42.8,0.8,2.1,38.8,2.0,5.3,37.2,3.0,8.7,34.9
303,Kevin Porter Jr.,HOU,22,12.6,18.9,66.6,2.7,5.8,46.1,1.8,4.2,41.9,1.5,3.8,41.2,3.3,9.3,35.8,7.3,19.0,38.2
304,Kevon Harris,ORL,25,5.0,7.6,66.3,0.8,2.0,39.6,0.8,1.5,51.4,0.6,1.3,42.4,1.2,3.2,38.1,2.2,6.9,31.8
305,Kevon Looney,GSW,27,7.8,11.7,66.4,3.7,7.8,47.4,1.5,3.7,40.2,1.3,3.1,41.5,2.3,6.1,36.7,4.1,10.9,37.4
306,Khem Birch,SAS,30,2.7,3.9,68.8,0.6,1.7,35.3,0.6,1.3,45.8,0.5,1.2,42.1,1.0,2.4,41.3,1.4,3.5,40.0
307,Khris Middleton,MIL,31,7.9,13.0,61.1,1.2,4.0,30.8,2.1,5.3,39.7,1.9,4.6,41.9,1.5,4.1,36.8,4.1,12.0,34.5
308,Killian Hayes,DET,21,11.9,17.8,66.9,2.4,5.4,45.0,1.4,3.2,42.4,1.1,2.7,40.0,2.9,7.6,37.8,3.9,10.8,36.4
309,Kira Lewis Jr.,NOP,21,4.0,6.2,64.3,1.1,2.4,45.5,0.2,1.3,15.0,0.6,1.2,50.0,0.7,3.2,20.7,2.1,6.1,33.6
310,Klay Thompson,GSW,33,10.6,16.3,65.1,5.1,11.2,45.5,2.4,5.3,45.4,1.6,3.8,42.2,3.3,9.0,37.0,5.6,15.6,36.2
311,Kris Dunn,UTA,28,8.9,14.7,60.2,3.3,7.6,43.4,1.7,2.4,70.6,0.7,1.9,38.5,2.1,6.9,31.3,4.1,10.9,38.2
312,Kristaps Porzingis,WAS,27,13.0,20.1,64.7,3.1,8.3,37.2,2.3,5.2,44.1,2.0,4.5,43.5,2.5,7.5,33.7,5.8,15.8,36.5
313,Kyle Anderson,MIN,29,10.6,16.3,64.8,2.2,5.8,37.9,1.8,4.3,42.5,1.0,3.0,32.2,2.9,7.9,36.4,4.1,10.7,38.1
314,Kyle Kuzma,WAS,27,14.0,22.4,62.8,3.4,9.1,37.7,2.7,5.8,47.5,1.8,4.4,41.8,2.7,7.9,34.6,5.8,16.4,35.4
315,Kyle Lowry,MIA,36,11.2,16.6,67.2,3.2,6.5,49.3,2.2,4.7,45.7,1.5,3.5,42.3,4.2,10.0,42.2,5.0,14.9,33.8
316,Kyrie Irving,DAL,30,14.5,23.6,61.2,3.5,8.8,40.2,2.5,5.7,43.3,1.5,3.6,40.4,4.0,10.5,38.5,5.2,14.8,35.0
317,LaMelo Ball,CHA,21,15.6,24.7,63.1,3.4,7.0,48.8,1.9,4.2,45.7,1.8,4.0,44.4,3.8,9.0,42.5,6.4,17.4,36.5
318,Lamar Stevens,CLE,25,6.2,10.0,62.0,1.3,3.3,39.9,1.4,3.3,43.0,0.9,2.1,44.8,1.9,4.8,39.5,2.6,7.6,34.2
319,Landry Shamet,PHX,25,7.2,11.5,63.1,2.0,4.4,44.4,1.4,3.6,39.4,0.9,2.4,38.4,2.4,5.7,41.9,2.9,8.5,34.4
320,Larry Nance Jr.,NOP,30,8.7,12.4,69.8,1.7,4.1,40.5,1.1,2.6,42.0,0.9,2.4,36.4,2.5,6.3,40.1,3.4,10.7,32.1
321,Lauri Markkanen,UTA,25,14.1,22.8,62.0,4.0,9.2,43.1,2.3,4.9,46.9,1.8,3.9,45.5,3.6,9.4,38.5,4.8,14.0,34.6
322,LeBron James,LAL,38,14.7,22.3,65.6,3.0,7.4,40.5,2.5,5.9,42.5,2.3,4.6,50.9,3.7,9.9,37.3,5.8,17.5,33.3
323,Leandro Bolmaro,UTA,22,1.4,2.6,51.4,0.5,1.7,31.8,0.3,1.0,30.0,0.8,1.2,66.7,0.4,0.8,44.4,0.7,2.2,30.8
324,Lindell Wigginton,MIL,24,1.0,1.0,100.0,1.0,1.0,100,-,-,-,-,-,-,-,-,-,-,-,-
325,Lindy Waters III,OKC,25,3.8,6.3,59.3,1.0,2.7,35.5,0.7,1.5,47.5,0.4,1.0,37.5,1.6,3.6,44.1,2.0,5.5,35.7
326,Lonnie Walker IV,LAL,24,10.2,15.7,65.2,2.5,5.5,45.4,2.1,4.7,45.1,1.7,3.6,46.9,3.1,7.6,40.5,4.2,12.2,34.7
327,Luguentz Dort,OKC,23,11.9,18.8,63.3,2.8,6.1,46.4,1.8,3.8,47.8,1.2,3.1,40.2,3.6,9.3,38.8,4.9,13.7,35.5
328,Luka Doncic,DAL,24,14.0,21.3,65.8,3.3,7.1,46.7,3.0,6.2,49.0,1.9,4.4,43.4,4.0,10.6,37.7,4.4,13.1,33.7
329,Luka Garza,MIN,24,3.8,5.9,63.8,0.9,2.2,38.8,0.3,1.0,28.6,0.5,1.0,47.4,1.5,3.4,44.0,1.4,3.1,45.8
330,Luke Kennard,MEM,26,7.9,12.2,64.3,2.1,5.0,41.6,1.4,3.2,45.0,0.8,2.5,31.1,1.7,4.8,35.2,3.1,9.6,32.6
331,Luke Kornet,BOS,27,3.6,5.6,64.3,1.4,3.4,41.9,1.1,2.3,48.4,1.1,2.5,45.3,1.1,2.9,38.7,1.6,5.5,29.0
332,Malachi Flynn,TOR,24,5.3,8.0,66.7,1.2,2.6,45.9,1.2,1.9,67.1,0.5,1.2,37.3,1.6,3.8,40.9,2.1,5.7,37.4
333,Malaki Branham,SAS,19,9.8,15.4,63.9,2.7,5.4,49.8,1.4,3.6,39.3,1.5,3.0,49.7,2.4,5.8,41.0,3.6,9.4,38.0
334,Malcolm Brogdon,BOS,30,9.0,13.8,65.1,2.5,6.2,41.0,2.0,4.4,44.8,1.8,3.8,48.8,2.1,5.3,39.1,4.4,12.2,36.0
335,Malcolm Hill,CHI,27,0.3,1.7,20.0,0.0,0.0,0.0,0.0,0.0,0.0,0.0,0.0,0.0,0.0,1.0,0.0,0.3,2.7,12.5
336,Malik Beasley,LAL,26,11.3,17.6,64.1,2.8,6.8,42.0,2.0,4.0,49.2,1.3,2.8,45.1,2.7,6.8,39.1,3.8,11.2,34.3
337,Malik Monk,SAC,25,9.3,14.3,64.9,2.5,5.6,45.4,1.5,3.3,47.1,1.1,2.5,43.4,2.3,6.2,36.6,3.4,9.4,36.3
338,Mamadi Diakite,CLE,26,2.0,2.9,68.1,0.3,1.3,25.0,1.0,1.7,60.0,0.4,0.9,45.5,0.8,1.8,40.9,0.7,2.9,24.4
339,MarJon Beauchamp,MIL,22,5.3,8.2,65.4,1.4,3.2,43.7,1.5,3.1,46.8,1.1,2.6,44.3,1.2,3.6,33.6,2.3,6.8,33.2
340,Marcus Morris Sr.,LAC,33,10.2,15.5,65.5,3.1,6.7,46.0,2.2,4.8,46.1,1.3,3.2,41.0,2.9,7.6,38.7,4.8,12.6,37.8
341,Marcus Smart,BOS,29,11.8,18.2,64.5,2.9,7.3,39.8,2.2,5.2,42.6,2.4,4.7,51.1,3.3,8.0,41.1,5.6,15.9,35.5
342,Mark Williams,CHA,21,7.8,12.4,62.7,1.6,4.4,36.1,1.2,2.6,44.7,1.0,2.6,37.4,1.9,5.3,36.8,2.5,8.1,30.2
343,Markelle Fultz,ORL,24,11.6,16.3,71.4,2.9,6.3,46.4,2.0,3.9,50.0,1.4,3.4,41.7,3.2,8.6,36.9,4.9,14.0,35.3
344,Markieff Morris,DAL,33,4.1,6.4,64.5,0.5,1.8,30.9,0.7,1.5,43.5,0.3,1.1,23.3,1.1,2.9,37.1,1.7,4.9,35.8
345,Marko Simonovic,CHI,23,0.0,1.0,0.0,1.0,1.0,100,0.0,0.0,0.0,0.0,0.0,0.0,0.5,0.5,100,0.7,1.3,50.0
346,Marvin Bagley III,DET,23,9.6,14.2,68.0,2.1,5.2,39.8,1.3,3.2,42.6,1.1,2.5,43.0,2.4,5.8,41.4,3.8,9.6,39.9
347,Mason Plumlee,LAC,33,11.0,16.8,65.1,2.9,5.6,51.4,1.9,4.2,45.8,1.7,3.5,48.5,2.9,6.8,42.8,4.8,13.2,36.2
348,Matisse Thybulle,POR,26,6.7,10.1,66.6,1.1,2.9,39.9,1.0,2.2,46.4,0.7,1.9,35.6,1.3,3.6,36.5,2.2,6.7,33.2
349,Matt Ryan,MIN,25,4.3,7.0,61.8,0.8,2.1,39.7,0.7,1.2,52.8,0.9,1.7,53.8,1.2,3.3,36.5,1.5,4.5,34.5
350,Matthew Dellavedova,SAC,32,2.5,4.5,56.0,0.8,1.9,43.6,0.5,1.3,34.6,0.3,0.9,33.3,1.1,2.3,48.1,1.0,2.9,35.7
351,Max Christie,LAL,20,5.3,9.3,56.8,1.3,2.8,48.5,1.8,3.3,55.2,0.8,1.7,49.1,1.5,4.2,37.0,2.3,6.4,35.9
352,Max Strus,MIA,26,9.5,14.7,64.7,2.9,5.9,48.4,2.0,4.5,43.7,1.3,2.9,44.4,3.3,8.5,39.3,4.9,13.4,36.4
353,Maxi Kleber,DAL,31,8.9,13.6,65.5,2.2,5.2,43.1,1.9,4.1,46.1,1.2,3.1,39.0,2.6,7.5,35.1,3.2,9.1,34.6
354,McKinley Wright IV,DAL,24,5.0,7.1,70.3,1.9,3.4,56.4,0.6,1.4,38.5,0.7,1.7,40.0,1.1,3.0,35.1,1.1,4.3,25.6
355,Meyers Leonard,MIL,31,3.4,4.0,85.0,0.5,2.0,25.0,0.8,2.3,33.3,0.5,1.0,50.0,0.2,1.0,20.0,1.0,4.4,22.7
356,Mfiondu Kabengele,BOS,25,2.5,5.0,50.0,1.0,1.5,66.7,0.0,1.0,0.0,1.0,1.0,100,0.5,1.0,50.0,1.0,2.5,40.0
357,Micah Potter,UTA,24,1.3,2.3,57.1,0.3,1.0,33.3,0.0,0.3,0.0,1.0,1.7,60.0,0.0,0.7,0.0,0.0,1.5,0.0
358,Michael Foster Jr.,PHI,20,1.0,1.0,100.0,-,-,-,0.0,0.0,0.0,0.0,0.0,0.0,-,-,-,-,-,-
359,Michael Porter Jr.,DEN,24,12.1,17.7,68.2,2.8,7.1,39.5,2.0,4.5,45.5,1.4,3.5,40.0,2.9,7.6,38.6,3.7,12.6,29.7
360,Mikal Bridges,BKN,26,14.0,22.1,63.6,3.0,7.7,38.7,2.6,6.0,44.1,1.8,4.3,41.7,4.1,9.8,41.8,5.0,14.3,34.9
361,Mike Conley,MIN,35,12.6,19.6,64.2,3.3,7.2,45.2,2.1,4.6,46.4,1.7,3.4,48.9,3.0,8.1,36.9,4.5,11.3,39.3
362,Mike Muscala,BOS,31,5.6,9.5,59.3,1.4,3.1,43.9,1.0,2.2,47.4,0.5,1.4,34.7,1.5,4.2,35.9,2.4,6.8,35.0
363,Miles McBride,NYK,22,3.6,6.6,54.9,0.9,1.9,46.6,1.2,2.3,52.8,0.7,1.9,38.3,1.4,4.3,33.0,1.8,5.3,33.2
364,Mitchell Robinson,NYK,24,10.3,16.0,64.5,2.2,4.9,45.1,1.4,3.3,42.2,1.2,2.9,40.7,3.3,10.0,32.8,4.0,11.8,34.2
365,Mo Bamba,LAL,24,6.1,9.3,64.9,1.0,2.9,35.6,1.1,2.5,43.9,0.9,2.1,44.0,1.7,4.6,36.8,2.7,9.0,30.4
366,Monte Morris,WAS,27,11.5,17.4,65.9,3.0,7.8,39.1,1.9,4.4,43.0,1.3,3.2,39.3,2.5,6.6,37.1,4.8,12.6,38.0
367,Montrezl Harrell,PHI,29,5.1,7.5,68.7,1.0,2.6,40.3,0.8,1.7,45.9,0.4,1.4,30.4,1.1,3.0,34.9,2.1,6.1,33.8
368,Moritz Wagner,ORL,25,8.5,11.5,73.8,1.4,3.4,40.8,1.2,3.0,39.1,0.9,2.3,41.3,2.7,6.8,39.5,3.5,10.4,33.7
369,Moses Brown,NYK,23,2.8,4.5,63.3,0.7,2.4,31.0,0.9,1.7,54.7,0.5,1.1,45.2,0.7,2.3,31.4,1.7,4.6,36.7
370,Moses Moody,GSW,20,4.5,6.7,66.7,1.9,4.1,47.0,0.8,1.9,42.9,0.7,1.7,42.1,1.3,3.5,36.2,2.5,6.5,38.3
371,Moussa Diabate,LAC,21,4.5,7.0,64.7,1.1,2.7,40.0,0.6,1.1,60.0,0.5,1.0,46.7,1.2,2.8,43.2,1.8,4.2,44.0
372,Myles Turner,IND,26,11.6,19.6,59.4,2.8,6.1,46.0,2.3,5.1,45.4,1.6,3.5,44.5,3.1,7.8,40.2,4.7,12.4,37.8
373,Naji Marshall,NOP,25,10.3,14.6,70.7,2.0,4.9,42.1,1.3,3.2,40.9,1.0,2.4,41.2,2.8,7.5,37.5,3.7,11.1,32.9
374,Nassir Little,POR,23,7.9,12.3,64.3,1.3,2.9,44.6,0.8,1.8,46.8,0.7,1.6,45.6,1.8,5.0,36.6,2.9,7.5,39.1
375,Nathan Knight,MIN,25,3.8,5.6,68.3,0.6,1.8,35.8,0.4,1.2,31.7,0.6,1.4,45.9,1.1,3.1,34.9,1.2,2.9,40.8
376,Naz Reid,MIN,23,7.8,11.9,66.1,1.3,3.7,36.2,0.9,2.4,38.4,0.7,1.9,35.6,2.3,5.7,39.2,2.4,6.9,35.1
377,Neemias Queta,SAC,23,3.3,4.0,81.3,0.5,1.8,28.6,0.5,2.0,25.0,0.0,0.3,0.0,0.5,1.3,40.0,1.3,2.8,45.5
378,Nerlens Noel,BKN,28,5.1,7.6,66.7,1.3,1.9,69.2,0.7,1.7,44.0,0.2,0.7,27.3,1.8,4.8,37.1,2.0,5.8,34.4
379,Nic Claxton,BKN,23,11.1,18.8,58.9,2.4,6.8,34.9,2.0,4.7,41.5,1.1,3.1,37.0,3.4,8.3,40.8,4.1,11.7,35.3
380,Nick Richards,CHA,25,6.7,11.8,56.5,1.5,3.3,44.6,1.2,2.4,47.3,1.0,2.1,48.6,1.8,4.6,39.3,2.8,8.3,33.3
381,Nickeil Alexander-Walker,MIN,24,5.5,8.9,61.7,1.5,4.1,37.3,1.2,2.5,47.1,0.9,2.3,39.6,1.2,3.4,35.5,2.5,6.6,37.5
382,Nicolas Batum,LAC,34,8.8,13.8,63.5,2.2,5.5,39.2,1.4,3.1,45.2,1.0,2.4,40.4,1.8,4.9,36.8,3.4,9.7,35.4
383,Nikola Jokic,DEN,28,13.8,20.1,68.8,2.9,7.6,37.7,2.3,5.2,44.3,1.6,3.9,40.9,3.4,9.2,36.7,5.1,14.3,35.4
384,Nikola Jovic,MIA,19,5.3,7.4,71.8,2.3,4.3,52.9,1.0,1.8,54.2,1.2,2.0,58.3,2.1,4.8,43.5,2.2,7.3,29.9
385,Nikola Vucevic,CHI,32,13.4,20.2,66.3,2.3,5.9,38.9,2.1,4.5,45.5,1.6,3.8,42.2,3.9,10.7,36.4,5.6,15.5,36.3
386,Noah Vonleh,BOS,27,2.3,4.0,58.1,0.9,2.0,43.9,0.7,1.7,40.6,0.9,1.5,60.7,0.9,2.1,42.9,1.6,3.8,41.7
387,Norman Powell,LAC,29,9.9,15.9,62.3,2.3,5.8,40.5,1.8,3.7,49.5,1.2,2.6,45.1,2.3,6.1,38.3,4.5,12.5,36.2
388,O.G. Anunoby,TOR,25,14.3,21.7,65.9,2.9,6.9,41.3,2.2,4.7,46.8,1.4,3.2,44.4,3.8,9.9,38.8,5.2,14.0,37.3
389,Obi Toppin,NYK,25,5.0,8.7,57.7,1.0,2.7,37.2,1.1,2.4,44.5,0.7,1.8,40.6,1.6,4.6,34.6,2.4,7.0,34.9
390,Ochai Agbaji,UTA,22,6.5,10.9,59.6,2.1,5.0,41.7,1.2,2.7,42.2,0.8,2.0,42.0,2.1,5.2,40.1,2.9,8.0,35.5
391,Olivier Sarr,OKC,24,2.0,4.0,50.0,2.5,5.0,50.0,1.5,2.5,60.0,0.0,0.0,0.0,1.5,5.0,30.0,2.0,5.5,36.4
392,Onyeka Okongwu,ATL,22,10.3,16.2,63.6,1.5,3.8,39.4,1.4,3.5,40.4,0.9,2.1,44.8,2.9,7.4,38.7,3.0,9.9,30.3
393,Orlando Robinson,MIA,22,4.1,6.6,62.8,1.1,2.3,47.1,1.1,2.1,53.6,0.5,1.2,45.2,2.0,4.1,48.3,2.3,6.6,34.7
394,Oshae Brissett,IND,24,7.0,10.9,64.1,1.2,2.7,43.9,0.9,2.2,39.8,0.6,1.4,40.6,1.5,4.4,33.3,2.7,7.4,37.3
395,Otto Porter Jr.,TOR,29,8.6,13.1,65.7,0.6,2.0,31.3,0.8,1.1,66.7,0.6,1.1,55.6,1.9,5.9,31.9,3.5,9.1,38.4
396,Ousmane Dieng,OKC,19,6.3,10.7,59.2,1.3,3.5,37.0,1.3,2.4,54.5,0.6,1.3,46.7,1.8,4.8,37.3,2.4,7.0,34.0
397,P.J. Tucker,PHI,37,9.9,14.7,67.5,2.4,5.3,45.8,1.8,4.3,42.0,1.4,3.6,40.1,2.3,5.8,39.4,4.2,11.8,35.5
398,P.J. Washington,CHA,24,13.0,21.1,61.5,3.3,6.8,49.3,2.3,4.8,46.6,1.9,4.0,47.6,3.7,8.5,43.1,5.5,15.7,34.8
399,PJ Dozier,SAC,26,0.8,1.5,55.6,0.3,0.8,33.3,0.0,0.0,0.0,0.0,0.0,0.0,0.8,1.8,42.9,0.5,1.3,37.5
400,Paolo Banchero,ORL,20,13.2,19.1,69.2,3.0,6.8,44.8,2.3,4.7,47.5,1.6,3.4,45.6,3.9,10.2,38.7,5.5,15.7,35.1
401,Pascal Siakam,TOR,28,14.4,21.8,66.1,3.5,7.9,43.9,2.4,5.1,45.7,1.3,3.2,40.6,4.4,10.6,41.1,5.5,14.9,37.3
402,Pat Connaughton,MIL,30,8.9,14.3,62.2,2.6,6.2,42.1,2.9,5.9,48.8,1.8,4.3,41.2,1.5,5.0,29.6,4.1,12.0,33.9
403,Patrick Baldwin Jr.,GSW,20,3.5,4.9,72.9,1.1,2.5,44.6,0.4,1.1,35.0,0.6,1.4,38.5,0.8,2.0,38.6,2.2,4.6,48.5
404,Patrick Beverley,CHI,34,10.7,16.1,66.6,2.3,5.2,43.0,2.2,4.5,47.7,1.7,4.0,43.5,3.1,8.3,37.4,4.3,12.3,34.9
405,Patrick Williams,CHI,21,11.9,18.0,66.3,2.1,5.3,40.4,1.6,3.4,45.8,1.5,3.3,45.0,3.4,9.3,36.3,4.6,13.0,35.5
406,Patty Mills,BKN,34,5.7,8.8,65.1,1.2,2.7,43.3,0.8,2.3,32.5,0.6,1.3,45.8,1.5,3.7,41.4,2.3,6.6,35.3
407,Paul George,LAC,32,12.2,18.9,64.7,3.6,8.5,42.8,2.5,5.6,45.3,1.5,3.9,38.1,3.5,9.0,39.4,5.8,15.2,38.1
408,Paul Reed,PHI,23,4.3,6.5,66.2,0.6,1.7,35.6,0.7,1.3,52.5,0.4,1.1,34.0,1.1,2.9,38.7,1.7,4.6,36.9
409,Payton Pritchard,BOS,25,4.2,7.0,60.4,1.8,3.9,45.5,1.2,2.6,44.6,1.1,2.4,44.7,0.9,2.7,33.3,2.0,5.6,35.1
410,Peyton Watson,DEN,20,2.0,2.9,68.6,0.3,0.5,60.0,0.4,0.5,75.0,0.0,0.1,0.0,0.7,1.8,38.9,0.4,1.2,35.7
411,Precious Achiuwa,TOR,23,8.8,13.8,63.5,2.3,5.0,46.0,1.3,2.9,45.2,0.8,1.8,42.9,2.3,5.7,39.8,3.5,9.3,37.6
412,Quentin Grimes,NYK,22,10.6,16.9,62.4,2.5,5.3,46.6,1.9,4.2,44.8,1.6,3.4,45.1,3.7,10.1,36.5,4.4,12.5,34.7
413,Quenton Jackson,WAS,24,1.3,2.0,66.7,0.0,0.7,0.0,0.0,0.0,0.0,0.0,0.0,0.0,0.0,0.7,0.0,0.0,0.7,0.0
414,R.J. Hampton,DET,22,6.6,10.0,65.8,1.3,3.0,43.8,0.7,1.5,45.8,0.4,1.0,38.7,1.2,3.8,31.7,2.4,6.6,36.5
415,RJ Barrett,NYK,22,12.5,20.2,61.9,2.6,6.0,43.8,2.4,5.1,47.1,1.8,4.0,45.2,4.2,11.4,37.2,5.7,16.2,34.8
416,Raul Neto,CLE,30,3.9,6.0,63.8,0.8,2.4,33.7,0.9,2.0,43.8,0.4,1.2,33.3,1.0,2.6,38.8,1.5,4.1,36.1
417,Reggie Bullock,DAL,31,12.3,18.6,66.4,3.1,6.6,46.9,2.4,5.1,46.8,1.6,3.5,44.4,3.2,8.3,38.6,3.4,10.4,32.7
418,Reggie Jackson,DEN,32,9.0,14.5,61.8,2.7,5.9,45.7,2.1,4.3,48.4,1.2,2.8,43.4,2.4,6.3,37.6,4.2,11.7,35.5
419,Richaun Holmes,SAC,29,3.6,5.6,64.4,1.2,2.2,54.1,0.4,1.2,33.3,0.5,1.3,38.2,1.0,2.7,37.1,1.3,3.5,37.3
420,Ricky Rubio,CLE,32,5.6,9.8,57.1,1.8,4.4,41.4,1.3,3.0,43.3,0.6,1.5,40.0,1.3,3.3,37.9,2.0,5.7,34.5
421,Robert Covington,LAC,32,6.2,10.4,60.0,1.5,3.8,39.7,0.7,1.6,42.6,0.6,1.4,42.0,1.6,4.9,33.7,2.7,7.8,34.2
422,Robert Williams III,BOS,25,7.7,11.9,64.7,2.1,5.8,35.6,1.7,4.3,39.2,1.2,3.0,39.8,2.5,6.6,37.5,4.5,12.4,36.6
423,Robin Lopez,CLE,34,3.4,4.9,69.5,0.6,1.9,30.9,0.6,2.0,31.9,0.8,1.3,60.5,0.6,1.8,31.4,1.1,2.9,36.2
424,Rodney McGruder,DET,31,5.4,7.5,72.2,1.6,3.3,47.6,1.0,2.0,49.0,0.7,2.1,33.3,1.6,3.8,42.1,1.7,4.5,38.4
425,Romeo Langford,SAS,23,9.1,14.6,62.0,2.2,4.8,44.5,1.6,3.2,48.5,1.1,2.3,48.6,2.1,4.3,48.2,3.3,8.8,37.1
426,Ron Harper Jr.,TOR,22,0.8,2.3,33.3,0.0,0.3,0.0,0.3,0.7,50.0,0.0,0.0,0.0,0.5,1.3,40.0,0.8,1.5,50.0
427,Royce O'Neale,BKN,29,12.7,21.4,59.5,2.8,7.4,38.0,2.0,4.8,40.7,1.2,3.1,38.5,3.8,9.5,39.9,4.7,13.2,35.6
428,Rudy Gay,UTA,36,5.8,9.2,62.7,1.6,3.8,41.5,0.8,1.8,42.9,0.6,1.5,38.9,1.5,4.2,34.7,2.1,6.4,33.3
429,Rudy Gobert,MIN,30,10.8,17.5,61.7,2.8,6.2,45.5,2.7,5.8,46.4,1.3,3.5,38.9,3.2,9.9,32.8,4.9,13.1,37.2
430,Rui Hachimura,LAL,25,9.6,15.2,63.5,2.6,6.5,39.7,1.6,3.9,40.9,1.3,3.3,40.0,1.8,5.7,32.4,4.2,12.5,33.8
431,Russell Westbrook,LAC,34,11.6,18.1,64.3,2.8,6.2,45.4,2.4,5.1,47.2,1.9,4.0,48.3,3.2,8.1,39.2,4.8,14.0,34.4
432,Ryan Arcidiacono,POR,28,1.9,3.3,59.0,0.8,1.7,46.7,0.7,1.0,71.4,0.4,0.7,66.7,0.6,1.2,47.1,1.0,2.8,36.1
433,Ryan Rollins,GSW,20,3.0,3.7,81.8,0.3,0.9,27.3,0.1,0.7,20.0,0.1,0.4,33.3,0.7,1.8,40.0,1.2,3.4,35.5
434,Saben Lee,PHX,23,5.0,8.0,61.6,1.5,3.5,43.8,1.0,3.0,32.3,0.4,1.1,36.4,1.7,3.9,42.7,1.8,5.9,30.9
435,Saddiq Bey,ATL,23,13.3,19.6,67.8,2.8,6.1,45.3,1.6,3.7,43.9,1.0,2.8,37.5,3.2,8.1,40.0,4.1,11.5,35.8
436,Sam Hauser,BOS,25,5.4,8.8,60.9,1.8,4.3,42.3,1.2,2.6,45.8,1.2,2.7,43.8,1.3,3.6,35.9,2.5,7.4,33.7
437,Sam Merrill,CLE,26,2.0,2.0,100.0,0.0,0.0,0.0,0.0,0.0,0.0,0.0,0.0,0.0,1.0,1.0,100,0.0,4.0,0.0
438,Sandro Mamukelashvili,SAS,23,3.8,5.8,64.5,1.0,2.4,41.4,0.5,1.4,37.1,0.5,1.5,32.4,0.5,1.8,28.6,1.9,4.7,41.3
439,Santi Aldama,MEM,22,8.6,13.4,63.7,1.9,4.6,41.2,1.3,3.3,38.6,1.0,2.3,45.0,2.1,6.0,35.5,4.1,11.3,36.1
440,Scottie Barnes,TOR,21,13.4,20.9,64.0,3.1,7.1,43.6,2.3,4.9,47.8,1.4,3.2,43.2,3.8,9.7,39.1,5.5,14.0,39.1
441,Scotty Pippen Jr.,LAL,22,1.8,3.6,50.0,0.2,1.0,20.0,1.5,2.8,54.5,0.3,0.7,50.0,0.5,2.3,21.4,0.5,1.0,50.0
442,Serge Ibaka,MIL,33,3.6,6.2,57.6,1.0,2.9,34.1,1.5,2.9,52.2,1.1,2.1,53.1,0.6,1.4,42.9,2.3,5.8,38.7
443,Seth Curry,BKN,32,8.2,13.7,59.6,2.0,4.6,43.5,1.3,3.1,43.2,0.9,2.2,40.6,2.8,6.8,41.2,3.1,8.5,36.8
444,Shaedon Sharpe,POR,19,9.0,14.0,64.7,1.5,3.2,46.1,1.1,2.3,45.3,1.0,2.2,45.4,2.3,5.8,38.9,3.2,8.8,36.6
445,Shai Gilgeous-Alexander,OKC,24,14.5,23.1,62.7,3.2,7.2,44.1,2.2,4.5,48.2,1.4,3.3,42.9,4.1,10.7,38.4,5.6,15.8,35.4
446,Shake Milton,PHI,26,8.3,12.5,66.3,1.9,4.3,43.7,1.4,2.8,49.7,0.9,2.4,35.9,1.6,4.6,35.0,3.0,9.4,32.2
447,Simone Fontecchio,UTA,27,4.7,7.5,62.7,1.7,3.9,43.7,0.8,1.6,51.0,0.6,1.3,50.0,1.4,3.4,41.7,2.3,5.4,43.3
448,Spencer Dinwiddie,BKN,29,12.9,19.9,64.7,3.2,7.1,44.5,2.7,5.6,48.5,1.8,4.2,42.3,4.1,10.0,41.5,4.1,12.1,33.9
449,Stanley Johnson,SAS,26,6.8,11.0,61.7,1.6,3.2,49.0,1.0,2.6,39.0,1.1,2.0,54.4,1.5,3.9,39.0,2.5,6.7,37.0
450,Stanley Umude,DET,23,1.0,2.0,50.0,0.0,1.0,0.0,0.0,0.0,0.0,1.0,1.0,100,0.0,0.0,0.0,0.0,1.0,0.0
451,Stephen Curry,GSW,34,11.6,17.7,65.3,5.6,11.3,49.4,2.0,5.3,38.4,1.9,4.2,45.3,3.4,9.2,37.2,6.2,17.0,36.5
452,Sterling Brown,LAL,28,1.8,5.0,35.0,0.5,0.8,66.7,1.0,1.0,100,1.0,1.0,100,0.8,1.8,42.9,1.3,4.5,27.8
453,Steven Adams,MEM,29,10.1,16.7,60.5,2.1,5.6,37.4,2.0,4.5,43.2,1.1,3.0,35.9,3.1,8.0,39.2,4.3,12.5,34.5
454,Svi Mykhailiuk,CHA,25,2.4,4.6,51.4,0.8,2.2,39.3,0.5,1.1,50.0,0.3,0.8,36.4,0.6,1.8,31.0,0.9,2.5,38.1
455,T.J. McConnell,IND,30,8.8,14.0,63.2,1.5,3.6,42.5,1.1,2.9,39.2,0.8,2.0,40.5,2.0,5.3,37.4,3.0,8.3,36.4
456,T.J. Warren,PHX,29,7.4,11.4,64.4,1.8,4.0,44.8,1.0,2.2,44.8,0.6,1.6,35.6,1.6,4.3,36.6,2.1,7.0,29.4
457,Taj Gibson,WAS,37,3.7,5.3,70.0,1.3,2.7,46.7,0.7,1.4,47.3,0.3,0.9,32.4,0.7,2.1,32.1,1.5,4.2,35.3
458,Talen Horton-Tucker,UTA,22,6.8,11.3,60.4,1.9,4.7,39.9,1.2,2.7,44.6,0.9,2.4,36.1,1.9,4.9,39.0,2.9,8.7,33.9
459,Tari Eason,HOU,21,7.6,11.5,66.5,1.6,4.0,40.2,1.0,2.5,41.5,0.8,1.8,45.8,2.0,5.8,35.3,4.2,11.0,38.2
460,Taurean Prince,MIN,28,9.0,13.6,65.9,1.6,4.6,33.9,1.3,3.4,39.9,0.8,2.0,40.2,2.9,7.2,40.1,2.7,7.6,35.4
461,Terance Mann,LAC,26,9.3,14.3,65.2,2.3,5.5,41.3,1.5,3.6,40.5,1.1,2.5,42.8,2.1,5.7,37.2,3.9,10.5,36.9
462,Terence Davis,SAC,25,5.3,8.3,63.6,1.6,3.6,46.1,0.7,1.9,36.7,0.7,1.5,48.6,1.6,3.5,45.4,2.0,5.5,36.1
463,Terrence Ross,PHX,32,8.7,12.9,67.6,1.6,4.0,41.4,1.6,3.2,48.3,1.1,2.4,44.5,2.5,6.1,41.2,3.2,10.9,29.2
464,Terry Rozier,CHA,28,14.6,23.1,63.1,3.5,7.2,48.4,2.6,5.1,49.8,2.3,4.8,47.3,3.7,9.1,40.9,5.4,16.1,33.9
465,Terry Taylor,CHI,23,3.5,5.4,64.7,0.9,1.8,48.6,0.3,1.2,25.0,0.4,1.2,36.0,1.2,2.8,43.8,1.7,4.4,39.0
466,Thaddeus Young,TOR,34,6.3,8.7,72.1,1.2,2.5,48.5,0.7,1.5,50.0,0.4,1.3,32.3,1.8,4.7,39.1,2.4,6.8,35.9
467,Thanasis Antetokounmpo,MIL,30,2.3,3.3,70.5,0.4,1.0,35.0,0.3,0.6,45.5,0.3,0.8,30.8,0.5,1.3,38.1,0.9,2.5,35.9
468,Theo Maledon,CHA,21,6.3,9.9,63.1,1.7,3.5,49.6,1.2,2.3,50.0,0.8,1.7,49.2,1.8,4.5,38.9,2.7,7.7,34.5
469,Theo Pinson,DAL,27,3.5,5.0,69.5,0.9,1.6,57.8,0.6,1.2,50.0,0.7,1.5,47.4,0.8,2.1,39.7,1.0,3.5,27.6
470,Thomas Bryant,DEN,25,8.7,13.0,67.0,1.9,4.4,44.2,1.6,3.4,48.6,1.5,3.0,50.3,2.2,5.7,39.1,2.9,8.9,33.0
471,Tim Hardaway Jr.,DAL,30,11.1,17.2,64.5,2.6,6.0,43.3,2.3,4.7,49.3,1.8,3.7,47.8,3.6,9.4,38.1,3.9,11.6,33.8
472,Tobias Harris,PHI,30,12.4,18.9,65.8,2.9,6.8,42.1,2.2,5.1,42.9,1.8,4.2,42.6,2.9,7.8,36.9,5.3,15.3,34.6
473,Tony Bradley,CHI,25,0.9,1.7,52.9,0.7,1.1,62.5,0.1,0.4,33.3,0.2,0.5,33.3,0.4,1.0,40.0,0.4,1.7,25.0
474,Torrey Craig,PHX,32,9.7,15.1,64.3,2.3,5.4,41.8,1.9,4.1,47.1,1.4,3.1,44.3,2.7,6.5,41.7,4.0,11.2,36.0
475,Trae Young,ATL,24,15.4,24.3,63.3,2.8,6.5,43.3,3.0,6.4,46.6,1.8,3.9,45.9,3.7,10.4,36.1,4.9,14.0,34.8
476,Tre Jones,SAS,23,13.8,20.9,65.9,2.6,5.8,43.9,2.1,4.6,46.6,1.9,3.8,49.5,3.0,7.0,42.4,4.7,12.0,39.0
477,Tre Mann,OKC,22,7.3,12.2,59.9,1.8,4.1,44.5,1.0,2.3,43.9,0.5,1.4,38.7,2.1,5.6,37.2,2.3,6.9,33.0
478,Trendon Watford,POR,22,7.9,11.7,67.5,1.4,3.1,46.3,1.0,2.0,50.5,0.6,1.8,35.8,1.8,4.8,38.5,2.7,8.0,33.8
479,Trent Forrest,ATL,24,5.1,7.4,67.9,0.9,2.5,35.0,1.1,2.3,48.6,1.1,1.8,58.1,1.4,4.1,35.6,2.3,6.2,37.8
480,Trevelin Queen,IND,26,3.0,5.1,58.3,0.7,1.1,62.5,0.6,1.3,44.4,0.2,1.0,16.7,0.9,2.1,40.0,1.9,4.6,40.6
481,Trevor Hudgins,HOU,23,1.6,2.4,66.7,0.5,1.0,50.0,0.5,0.5,100,0.2,0.4,50.0,0.5,0.8,66.7,0.8,3.4,23.5
482,Trevor Keels,NYK,19,0.0,0.5,0.0,-,-,-,1.0,2.0,50.0,-,-,-,0.5,1.0,50.0,0.5,1.5,33.3
483,Trey Lyles,SAC,27,6.4,9.8,65.2,1.7,3.8,45.4,1.0,2.2,46.2,0.8,1.9,41.1,2.2,5.0,42.8,2.5,7.2,34.6
484,Trey Murphy III,NOP,22,12.0,17.5,68.2,2.9,6.5,44.6,1.5,3.7,41.2,1.3,3.1,43.4,3.2,8.5,37.3,4.8,13.9,34.3
485,Troy Brown Jr.,LAL,23,10.1,15.9,63.5,2.4,5.3,44.6,2.0,4.5,44.6,1.4,3.1,45.7,2.6,7.0,37.4,3.8,11.7,32.6
486,Ty Jerome,GSW,25,6.3,9.3,68.3,2.6,5.9,44.4,1.1,2.3,48.5,1.0,2.2,44.7,1.7,4.4,38.0,3.7,8.7,43.0
487,TyTy Washington Jr.,HOU,21,4.7,7.1,66.3,0.8,2.8,29.5,0.9,1.8,50.9,0.4,1.0,37.5,1.6,4.1,38.7,3.1,7.8,40.0
488,Tyler Dorsey,DAL,27,0.7,1.0,66.7,0.0,1.0,0.0,0.5,1.5,33.3,0.0,0.5,0.0,0.5,1.5,33.3,0.0,1.0,0.0
489,Tyler Herro,MIA,23,12.3,18.2,67.3,3.7,7.4,50.0,2.3,4.9,45.8,1.3,3.5,36.8,3.7,9.4,39.3,5.6,16.0,35.1
490,Tyrese Haliburton,IND,23,14.2,23.0,61.9,3.1,6.6,46.9,2.4,5.1,46.4,1.6,3.8,41.5,3.3,8.6,38.9,5.2,14.3,36.5
491,Tyrese Martin,ATL,24,1.9,2.4,79.3,0.4,1.0,40.0,0.4,0.7,60.0,0.3,0.5,50.0,0.3,1.0,27.3,0.6,2.2,27.3
492,Tyrese Maxey,PHI,22,12.5,18.7,67.1,2.8,6.4,44.3,2.4,5.0,47.0,1.5,3.7,39.8,2.6,7.6,34.1,5.6,15.1,36.9
493,Tyus Jones,MEM,26,9.2,14.8,62.5,1.8,4.6,38.5,1.3,3.4,38.1,0.8,2.0,40.5,2.6,6.5,40.3,3.9,11.3,34.3
494,Udoka Azubuike,UTA,23,2.0,3.2,63.3,0.9,2.1,44.0,0.4,1.2,36.0,0.5,1.2,40.7,0.7,2.1,34.1,0.9,2.4,38.7
495,Udonis Haslem,MIA,42,3.8,5.3,71.9,0.6,1.2,50.0,0.3,0.7,50.0,0.2,0.4,50.0,1.5,2.8,52.9,1.0,2.5,40.0
496,Usman Garuba,HOU,21,5.2,7.6,68.5,0.9,2.3,40.7,0.6,1.5,41.2,0.6,1.3,46.4,1.6,4.2,37.4,2.6,7.1,37.0
497,Vernon Carey Jr.,WAS,22,1.0,2.0,50.0,0.0,0.9,0.0,0.0,0.2,0.0,0.2,0.2,100,0.3,0.5,66.7,0.2,1.0,20.0
498,Victor Oladipo,MIA,30,7.9,12.3,63.7,3.2,5.8,54.5,2.0,4.3,46.9,1.0,2.9,36.1,2.9,7.7,38.2,4.5,12.4,36.7
499,Vince Williams Jr.,MEM,22,1.7,2.7,63.3,0.5,1.0,50.0,0.3,0.6,40.0,0.6,0.8,71.4,0.5,1.0,50.0,0.8,2.5,30.0
500,Vit Krejci,ATL,22,2.8,4.3,65.9,0.7,1.2,57.1,0.3,0.8,33.3,0.3,0.6,55.6,0.7,1.7,42.4,0.8,2.6,30.6
501,Vlatko Cancar,DEN,25,7.3,11.0,65.9,1.7,3.8,44.3,1.1,2.2,48.0,0.6,1.8,36.3,1.6,4.6,35.7,2.2,6.6,32.5
502,Walker Kessler,UTA,21,8.3,14.1,58.4,2.4,6.0,39.7,1.6,3.8,42.9,1.3,3.0,42.0,2.5,6.4,38.6,3.4,9.4,36.5
503,Wendell Carter Jr.,ORL,23,10.9,16.9,64.3,2.7,6.4,42.9,2.3,4.4,52.1,1.2,3.1,39.0,3.3,8.7,38.3,4.7,13.4,35.0
504,Wendell Moore Jr.,MIN,21,2.8,4.4,63.6,0.5,1.2,39.3,0.5,0.8,57.9,0.6,1.1,56.3,0.8,2.5,30.9,0.8,2.0,36.7
505,Wenyen Gabriel,LAL,25,5.4,9.3,58.5,1.4,3.4,41.5,1.2,2.5,48.1,0.6,1.7,36.4,1.8,4.0,45.3,2.9,8.0,36.2
506,Wesley Matthews,MIL,36,5.5,8.9,61.5,1.1,2.8,39.8,1.4,3.6,40.4,1.2,2.8,41.5,1.2,3.4,33.8,2.5,7.8,32.6
507,Will Barton,TOR,32,7.8,12.1,64.5,1.9,5.1,37.0,1.2,2.3,53.1,1.0,2.7,39.4,1.3,3.4,38.3,3.2,8.4,38.6
508,Willy Hernangomez,NOP,28,5.7,8.2,69.4,1.3,2.6,49.4,0.7,1.7,43.4,0.9,1.5,61.0,1.6,4.5,35.2,1.9,6.6,28.6
509,Xavier Tillman,MEM,24,7.2,12.0,59.9,1.6,3.5,45.3,0.9,2.6,34.5,0.9,1.9,47.4,1.6,4.3,36.8,3.0,8.3,36.5
510,Yuta Watanabe,BKN,28,7.2,11.1,65.0,1.4,3.4,41.3,1.0,2.5,42.5,0.5,1.7,31.6,1.8,5.0,36.6,2.8,8.2,33.8
511,Zach Collins,SAS,25,9.5,15.3,62.4,2.2,4.9,44.1,1.5,3.6,43.4,1.6,3.0,52.9,2.2,5.2,42.2,3.1,9.0,33.8
512,Zach LaVine,CHI,28,14.5,22.0,66.0,2.6,6.6,40.1,2.0,4.5,44.8,1.6,3.8,41.4,4.0,11.5,34.5,5.9,16.7,35.3
513,Zeke Nnaji,DEN,22,5.8,8.8,65.5,1.4,3.1,44.9,0.7,1.6,40.3,0.6,1.3,42.6,1.3,3.9,33.5,1.5,5.6,27.5
514,Ziaire Williams,MEM,21,5.4,9.0,60.1,1.4,3.0,46.3,0.9,2.2,38.7,1.0,1.9,53.3,1.7,4.8,35.0,2.8,7.7,35.9
515,Zion Williamson,NOP,22,13.4,19.3,69.5,2.4,6.3,37.5,2.0,4.6,43.6,1.4,3.8,38.2,3.7,10.2,36.4,4.8,14.8,32.2
