,Player,Team,Age,Restricted Area_FGM,Restricted Area_FGA,Restricted Area_FG%,In The Paint (Non-RA)_FGM,In The Paint (Non-RA)_FGA,In The Paint (Non-RA)_FG%,Mid-Range_FGM,Mid-Range_FGA,Mid-Range_FG%,Left Corner 3._FGM,Left Corner 3._FGA,Left Corner 3._FG%,Right Corner 3._FGM,Right Corner 3._FGA,Right Corner 3._FG%,Corner 3_FGM,Corner 3_FGA,Corner 3_FG%,Above the Break 3._FGM,Above the Break 3._FGA,Above the Break 3._FG%
0,A.J. Lawson,DAL,22,0.8,1.3,58.8,0.2,0.2,100,0.0,0.0,0.0,0.3,1.0,25.0,0.1,0.9,16.7,0.3,1.4,21.4,0.5,0.7,63.6
1,AJ Green,MIL,23,0.1,0.2,50.0,0.1,0.1,66.7,0.1,0.3,36.4,0.0,0.4,12.5,0.3,0.6,57.1,0.3,0.8,40.9,1.0,2.4,42.2
2,AJ Griffin,ATL,19,0.6,0.9,66.2,1.0,1.9,51.8,0.4,1.0,44.9,0.3,0.7,42.0,0.2,0.4,37.0,0.4,1.1,40.3,1.0,2.5,38.5
3,Aaron Gordon,DEN,27,4.7,6.4,73.4,0.5,1.4,37.8,0.2,0.8,24.6,0.1,0.4,20.0,0.1,0.4,30.8,0.2,0.8,25.0,0.7,1.7,40.7
4,Aaron Holiday,ATL,26,0.5,0.9,57.4,0.3,0.9,29.1,0.2,0.4,39.1,0.1,0.1,42.9,0.0,0.2,11.1,0.1,0.3,25.0,0.5,1.1,44.4
5,Aaron Nesmith,IND,23,1.3,2.3,58.3,0.3,0.9,32.8,0.2,0.6,40.9,0.3,0.8,34.4,0.5,1.2,39.8,0.7,2.0,37.5,0.8,2.3,35.9
6,Aaron Wiggins,OKC,24,1.7,2.5,67.3,0.3,1.0,33.8,0.0,0.0,0.0,0.2,0.7,28.6,0.1,0.3,37.5,0.3,0.9,31.0,0.4,0.9,47.6
7,Admiral Schofield,ORL,26,0.7,1.0,69.4,0.2,0.3,54.5,0.0,0.0,0.0,0.1,0.5,28.6,0.2,0.4,50.0,0.3,0.9,38.5,0.4,1.3,29.2
8,Al Horford,BOS,36,0.8,1.2,65.4,0.5,0.9,50.9,0.1,0.3,20.0,0.3,0.8,38.5,0.7,1.2,56.8,1.0,2.0,49.2,1.3,3.1,41.4
9,Alec Burks,DET,31,0.5,0.9,58.3,0.7,1.7,41.9,0.7,1.7,43.7,0.3,0.6,40.6,0.3,0.5,59.1,0.5,1.1,48.1,1.4,3.6,39.1
10,Aleksej Pokusevski,OKC,21,1.6,2.7,60.4,0.4,1.2,30.0,0.1,0.4,21.4,0.3,0.6,42.9,0.1,0.3,30.0,0.4,0.9,38.7,0.8,2.1,35.6
11,Alex Caruso,CHI,29,1.0,1.4,70.3,0.1,0.4,20.0,0.1,0.2,40.0,0.2,0.5,46.9,0.2,0.7,34.9,0.5,1.1,40.0,0.4,1.1,32.0
12,Alex Len,SAC,29,0.6,0.8,70.0,0.0,0.2,20.0,0.0,0.1,33.3,0.0,0.0,0.0,0.0,0.0,0.0,0.0,0.0,0.0,0.0,0.1,0.0
13,Alize Johnson,SAS,26,0.8,1.0,75.0,0.0,0.0,0.0,0.0,0.0,0.0,0.0,1.0,0.0,0.0,0.0,0.0,0.0,0.3,0.0,0.0,0.0,0.0
14,Alondes Williams,BKN,23,0.0,0.0,0.0,0.0,0.0,0.0,0.0,0.0,0.0,0.0,0.0,0.0,-,-,-,0.0,0.0,0.0,0.0,0.0,0.0
15,Alperen Sengun,HOU,20,3.6,5.4,67.2,1.9,4.1,45.6,0.2,0.4,37.5,0.0,0.0,0.0,0.0,0.0,0.0,0.0,0.0,0.0,0.3,0.7,35.2
16,Amir Coffey,LAC,25,0.5,0.8,56.8,0.4,1.0,37.0,0.2,0.5,31.8,0.1,0.3,18.2,0.1,0.3,30.0,0.1,0.6,23.8,0.1,0.4,33.3
17,Andre Drummond,CHI,29,2.2,3.4,65.5,0.3,0.7,40.9,0.0,0.0,0.0,0.0,0.0,0.0,0.0,0.0,0.0,0.0,0.0,0.0,0.0,0.0,0.0
18,Andre Iguodala,GSW,39,0.6,0.6,100.0,0.1,0.1,100,0.0,0.0,0.0,0.0,0.3,0.0,0.0,0.0,0.0,0.0,0.3,0.0,0.1,0.9,14.3
19,Andrew Nembhard,IND,23,1.2,1.8,67.4,0.8,2.0,41.2,0.5,1.3,41.7,0.2,0.4,38.7,0.2,0.6,35.7,0.4,1.0,37.0,0.9,2.5,34.4
20,Andrew Wiggins,GSW,28,2.0,2.7,72.3,1.4,3.2,44.1,1.0,2.3,42.4,0.3,0.8,35.7,0.2,0.5,35.0,0.5,1.3,35.4,1.9,4.8,40.7
21,Anfernee Simons,POR,23,2.0,3.2,64.1,1.0,2.3,43.4,1.0,2.3,46.4,0.2,0.7,34.9,0.2,0.4,41.7,0.4,1.1,37.3,3.0,8.0,37.9
22,Anthony Davis,LAL,30,5.6,7.4,76.2,2.3,5.0,46.2,1.4,3.5,40.6,0.0,0.1,40.0,0.0,0.1,33.3,0.1,0.2,36.4,0.3,1.1,23.8
23,Anthony Edwards,MIN,21,4.2,6.5,63.9,1.0,2.7,36.9,1.1,2.9,36.8,0.2,0.4,45.7,0.1,0.3,40.0,0.3,0.8,43.3,2.4,6.5,36.3
24,Anthony Gill,WAS,30,0.8,1.1,79.0,0.3,0.7,42.1,0.0,0.1,66.7,0.1,0.3,25.0,0.0,0.2,0.0,0.1,0.4,15.8,0.0,0.2,10.0
25,Anthony Lamb,GSW,25,0.8,1.0,79.0,0.4,0.7,52.3,0.0,0.1,33.3,0.2,0.7,35.9,0.2,0.6,34.4,0.4,1.2,35.2,0.8,2.0,38.1
26,Austin Reaves,LAL,24,1.4,1.8,79.6,0.9,1.7,55.7,0.4,0.9,43.6,0.1,0.4,25.0,0.2,0.5,43.8,0.3,0.9,35.0,1.0,2.4,42.2
27,Austin Rivers,MIN,30,0.7,1.1,63.2,0.2,0.5,44.0,0.0,0.1,16.7,0.4,1.1,39.6,0.3,0.8,44.4,0.7,1.7,41.7,0.2,0.7,21.6
28,Ayo Dosunmu,CHI,23,2.2,3.2,66.4,0.4,0.8,43.9,0.3,0.7,37.5,0.2,0.5,31.7,0.2,0.6,33.3,0.4,1.1,32.6,0.4,1.3,30.0
29,Bam Adebayo,MIA,25,3.6,5.3,67.9,3.7,7.6,48.9,0.7,1.8,38.5,0.0,0.0,0.0,0.0,0.0,0.0,0.0,0.0,0.0,0.0,0.1,9.1
30,Ben Simmons,BKN,26,2.0,3.0,68.8,1.0,2.3,44.3,0.1,0.3,36.4,0.0,0.0,0.0,0.0,0.0,0.0,0.0,0.0,0.0,0.0,0.0,0.0
31,Bennedict Mathurin,IND,20,2.7,4.5,59.6,0.9,2.6,34.6,0.4,1.1,39.1,0.1,0.4,27.3,0.2,0.4,38.7,0.3,0.8,32.8,1.0,3.1,32.8
32,Bismack Biyombo,PHX,30,1.3,1.8,74.8,0.7,1.6,40.6,0.0,0.1,0.0,0.0,0.0,0.0,0.0,0.0,0.0,0.0,0.0,0.0,0.0,0.0,0.0
33,Blake Griffin,BOS,34,0.9,1.2,68.6,0.1,0.3,41.7,0.0,0.0,0.0,0.2,0.5,37.5,0.1,0.2,28.6,0.2,0.6,34.8,0.4,1.0,34.9
34,Blake Wesley,SAS,20,0.9,2.1,43.4,0.2,1.3,14.9,0.2,1.1,22.5,0.1,0.2,42.9,0.1,0.2,57.1,0.2,0.4,50.0,0.4,1.0,35.1
35,Boban Marjanovic,HOU,34,0.8,1.1,75.0,0.5,0.8,61.5,0.0,0.0,100,0.0,0.0,0.0,0.0,0.0,0.0,0.0,0.0,0.0,0.0,0.0,0.0
36,Bobby Portis,MIL,28,1.9,3.0,64.3,1.4,2.5,53.4,1.0,2.3,45.9,0.2,0.6,33.3,0.2,0.7,22.0,0.4,1.3,27.2,1.0,2.3,42.9
37,Bogdan Bogdanovic,ATL,30,0.8,1.3,60.6,0.8,1.6,51.2,0.8,1.8,42.3,0.2,0.7,28.9,0.4,0.8,50.0,0.6,1.5,40.2,2.1,5.1,40.8
38,Bojan Bogdanovic,DET,33,1.8,2.8,66.1,1.6,3.3,48.5,1.4,2.9,48.5,0.5,0.8,56.3,0.3,1.0,30.5,0.8,1.8,42.1,1.7,4.2,40.4
39,Bol Bol,ORL,23,2.2,2.6,83.2,0.7,1.5,48.1,0.4,1.1,36.0,0.0,0.2,18.8,0.0,0.2,16.7,0.1,0.4,17.9,0.4,1.2,29.4
40,Bones Hyland,LAC,22,1.2,2.1,57.3,0.4,1.6,27.8,0.3,0.9,38.8,0.3,0.6,53.1,0.1,0.2,25.0,0.4,0.8,45.5,1.7,4.8,35.8
41,Bradley Beal,WAS,29,3.5,4.9,71.6,1.8,4.1,43.7,2.0,4.2,47.6,0.3,0.7,38.2,0.1,0.4,38.9,0.4,1.0,38.5,1.2,3.3,35.8
42,Brandon Boston Jr.,LAC,21,1.0,1.6,62.9,0.4,1.7,24.2,0.5,1.3,36.0,0.1,0.1,100,0.0,0.5,0.0,0.1,0.4,16.7,0.5,1.0,47.8
43,Brandon Clarke,MEM,26,2.7,3.4,78.2,1.2,2.3,51.9,0.2,0.4,47.6,0.0,0.0,0.0,0.0,0.1,25.0,0.0,0.1,16.7,0.0,0.0,0.0
44,Brandon Ingram,NOP,25,2.3,3.4,66.2,2.4,4.8,49.1,2.9,6.6,43.8,0.1,0.2,40.0,0.1,0.1,60.0,0.2,0.3,46.7,1.3,3.3,38.3
45,Braxton Key,DET,26,0.0,0.0,0.0,0.0,0.0,0.0,0.5,0.5,100,0.0,0.0,0.0,0.0,0.0,0.0,0.0,0.0,0.0,0.0,0.0,0.0
46,Brook Lopez,MIL,35,2.7,3.6,74.8,1.2,2.2,53.5,0.5,1.1,47.7,0.1,0.3,40.7,0.3,0.6,42.6,0.4,0.9,41.9,1.3,3.7,36.3
47,Bruce Brown,DEN,26,2.4,3.3,71.7,0.8,2.1,37.1,0.2,0.7,26.9,0.1,0.5,13.2,0.4,0.8,51.6,0.5,1.3,37.3,0.7,1.9,35.1
48,Bruno Fernando,ATL,24,1.2,1.8,64.3,0.3,0.9,36.1,0.0,0.1,50.0,0.0,0.1,0.0,0.0,0.0,0.0,0.0,0.1,0.0,0.0,0.1,0.0
49,Bryce McGowens,CHA,20,0.9,1.7,53.3,0.3,0.8,35.3,0.0,0.3,15.4,0.1,0.2,50.0,0.1,0.5,27.8,0.2,0.7,35.7,0.4,1.2,31.4
50,Bryn Forbes,MIN,29,0.1,0.2,50.0,0.2,0.7,35.3,0.3,0.6,50.0,0.2,0.4,37.5,0.1,0.3,40.0,0.2,0.6,38.5,0.4,1.3,28.1
51,Buddy Boeheim,DET,23,0.0,0.0,0.0,0.1,0.1,100,0.0,0.1,0.0,0.1,0.7,20.0,0.3,1.0,33.3,0.4,1.6,27.3,0.1,1.4,7.1
52,Buddy Hield,IND,30,1.5,2.4,63.2,0.3,0.9,35.1,0.5,1.2,43.3,0.5,1.0,45.6,0.3,0.6,51.1,0.7,1.6,47.6,2.9,6.9,41.2
53,CJ McCollum,NOP,31,1.7,2.8,58.7,1.8,3.9,46.6,1.6,4.0,39.0,0.2,0.5,43.6,0.1,0.4,18.5,0.3,0.9,33.3,2.5,6.3,39.6
54,Cade Cunningham,DET,21,2.3,4.3,54.9,1.8,4.7,37.5,2.3,4.7,48.2,0.0,0.1,0.0,0.1,0.3,33.3,0.1,0.3,25.0,1.3,4.7,28.6
55,Caleb Houstan,ORL,20,0.3,0.7,48.5,0.0,0.1,33.3,0.1,0.2,30.0,0.2,0.4,42.1,0.3,0.7,46.7,0.4,1.0,44.9,0.5,1.7,27.6
56,Caleb Martin,MIA,27,1.5,2.3,66.3,0.3,0.9,32.3,0.5,1.1,48.1,0.2,0.6,28.6,0.3,0.9,32.8,0.5,1.5,31.1,0.7,1.8,39.5
57,Cam Reddish,POR,23,1.7,2.7,62.3,0.6,1.2,48.9,0.1,0.4,31.3,0.4,0.8,43.8,0.1,0.5,26.3,0.5,1.3,37.3,0.7,2.3,28.9
58,Cam Thomas,BKN,21,0.8,1.3,64.9,1.0,2.3,43.0,0.8,2.2,38.8,0.1,0.1,50.0,0.1,0.2,50.0,0.1,0.3,50.0,0.8,2.2,37.0
59,Cameron Johnson,BKN,27,1.8,2.6,67.9,0.4,1.0,38.1,0.7,1.6,44.1,0.5,1.1,40.9,0.5,1.2,44.9,1.0,2.2,43.0,1.5,3.9,38.9
60,Cameron Payne,PHX,28,0.9,1.5,56.9,1.1,2.8,40.2,0.5,1.4,40.0,0.1,0.2,33.3,0.1,0.2,33.3,0.1,0.4,33.3,1.3,3.4,38.0
61,Caris LeVert,CLE,28,1.6,2.7,60.2,0.8,2.1,36.5,0.2,0.8,24.1,0.3,0.6,45.5,0.2,0.5,36.1,0.4,1.1,41.3,1.3,3.3,38.7
62,Carlik Jones,CHI,25,0.2,0.5,33.3,0.3,0.8,33.3,0.1,0.4,33.3,0.0,0.0,0.0,0.0,0.0,0.0,0.0,0.0,0.0,0.4,0.9,50.0
63,Cedi Osman,CLE,28,1.4,2.0,67.7,0.2,0.6,31.3,0.0,0.2,18.8,0.3,0.7,44.7,0.2,0.5,44.1,0.5,1.1,44.4,1.0,3.0,34.9
64,Chance Comanche,POR,26,1.0,2.0,50.0,0.0,0.0,0.0,2.0,3.0,66.7,0.0,0.0,0.0,0.0,0.0,0.0,0.0,0.0,0.0,0.0,0.0,0.0
65,Charles Bassey,SAS,22,1.8,2.5,72.6,0.4,0.9,45.2,0.3,0.4,75.0,0.0,0.0,0.0,0.0,0.0,0.0,0.0,0.1,0.0,0.1,0.2,50.0
66,Chima Moneke,SAC,27,0.5,1.0,50.0,0.0,0.0,0.0,0.0,0.0,0.0,-,-,-,0.0,0.0,0.0,0.0,0.0,0.0,0.0,0.0,0.0
67,Chimezie Metu,SAC,26,1.5,1.9,76.2,0.3,0.7,44.2,0.1,0.2,41.7,0.0,0.0,0.0,0.0,0.0,0.0,0.0,0.0,0.0,0.1,0.5,25.7
68,Chris Boucher,TOR,30,2.1,3.3,63.6,0.4,0.8,44.4,0.2,0.4,48.4,0.2,0.5,35.0,0.3,0.7,35.2,0.4,1.2,35.1,0.4,1.2,30.8
69,Chris Duarte,IND,25,0.9,1.7,51.3,0.2,0.5,33.3,0.4,1.2,35.1,0.3,0.8,38.2,0.2,0.6,29.6,0.5,1.3,34.4,0.7,2.4,30.6
70,Chris Paul,PHX,37,0.2,0.4,46.2,1.4,2.8,49.1,1.8,3.7,47.7,0.1,0.3,37.5,0.0,0.1,50.0,0.1,0.3,40.0,1.5,4.1,37.5
71,Chris Silva,DAL,26,0.0,0.0,0.0,1.0,1.0,100,0.0,0.0,0.0,-,-,-,0.0,0.0,0.0,0.0,0.0,0.0,0.0,0.0,0.0
72,Christian Braun,DEN,21,1.2,1.8,68.2,0.2,0.6,34.8,0.0,0.2,20.0,0.2,0.4,46.2,0.1,0.2,28.6,0.2,0.6,40.0,0.2,0.8,32.1
73,Christian Koloko,TOR,22,1.1,1.8,57.0,0.1,0.4,21.7,0.1,0.1,62.5,0.0,0.1,0.0,0.0,0.1,33.3,0.0,0.1,16.7,0.0,0.1,0.0
74,Christian Wood,DAL,27,2.8,4.1,67.3,1.2,2.1,56.3,0.4,1.1,36.1,0.1,0.2,31.3,0.1,0.5,31.3,0.2,0.7,31.3,1.3,3.4,39.0
75,Chuma Okeke,ORL,24,0.5,0.8,66.7,0.1,0.3,25.0,0.0,0.3,12.5,0.2,0.4,40.0,0.2,0.3,57.1,0.3,0.7,47.1,0.7,2.5,26.5
76,Clint Capela,ATL,28,4.8,6.9,69.9,0.6,1.3,42.4,0.0,0.0,50.0,0.0,0.0,0.0,0.0,0.0,0.0,0.0,0.0,0.0,0.0,0.0,0.0
77,Coby White,CHI,23,1.1,1.8,64.4,0.4,0.9,42.2,0.3,0.8,43.9,0.2,0.5,29.7,0.1,0.2,58.8,0.3,0.7,38.9,1.4,3.9,36.7
78,Cody Martin,CHA,27,1.3,2.3,57.1,0.1,0.3,50.0,0.3,0.9,33.3,0.1,0.4,33.3,0.3,0.5,66.7,0.4,0.9,50.0,0.0,1.1,0.0
79,Cody Zeller,MIA,30,1.9,2.5,73.7,0.6,1.1,56.3,0.0,0.2,0.0,0.0,0.0,0.0,0.0,0.1,0.0,0.0,0.1,0.0,0.0,0.1,0.0
80,Cole Anthony,ORL,22,1.1,1.9,58.8,1.4,2.8,49.1,0.9,2.1,43.2,0.1,0.2,42.9,0.0,0.1,20.0,0.1,0.3,36.8,1.1,3.1,36.4
81,Cole Swider,LAL,23,0.0,0.0,0.0,0.0,0.2,0.0,0.0,0.0,0.0,0.5,0.5,100,0.0,0.0,0.0,0.3,0.3,100,0.1,0.9,16.7
82,Collin Sexton,UTA,24,2.1,3.5,58.9,1.5,2.9,49.6,0.4,0.8,54.1,0.1,0.3,40.0,0.1,0.2,54.5,0.3,0.6,46.2,0.8,2.0,37.5
83,Corey Kispert,WAS,24,1.3,1.8,73.8,0.4,0.8,47.4,0.1,0.2,37.5,0.4,0.7,50.0,0.3,0.5,47.4,0.6,1.2,48.9,1.6,3.9,40.4
84,Cory Joseph,DET,31,0.5,0.8,59.6,0.5,1.2,40.3,0.3,0.8,41.7,0.1,0.2,53.8,0.1,0.4,30.0,0.2,0.6,39.4,0.9,2.4,39.0
85,D'Angelo Russell,LAL,27,1.6,2.3,70.2,0.8,1.9,41.9,1.2,2.3,50.3,0.2,0.5,43.8,0.1,0.3,36.4,0.3,0.8,40.7,2.4,6.1,39.4
86,Daishen Nix,HOU,21,0.5,1.0,50.9,0.2,0.6,32.4,0.0,0.1,16.7,0.0,0.1,28.6,0.1,0.3,21.4,0.1,0.4,23.8,0.6,2.0,30.2
87,Dalano Banton,TOR,23,1.0,1.3,78.0,0.2,0.7,26.1,0.1,0.5,13.3,0.0,0.3,16.7,0.1,0.3,33.3,0.1,0.4,25.0,0.4,1.2,31.6
88,Dalen Terry,CHI,20,0.6,1.0,60.6,0.1,0.2,42.9,0.1,0.2,40.0,0.1,0.2,25.0,0.1,0.4,25.0,0.1,0.4,25.0,0.1,0.4,26.7
89,Damian Jones,UTA,27,1.2,1.8,68.9,0.1,0.2,28.6,0.0,0.0,100,0.1,0.2,60.0,0.2,0.3,75.0,0.3,0.4,69.2,0.0,0.1,33.3
90,Damian Lillard,POR,32,3.5,5.6,63.3,0.9,1.9,46.8,1.0,1.9,50.5,0.1,0.4,27.3,0.2,0.3,52.6,0.3,0.7,39.0,3.9,10.6,37.1
91,Damion Lee,PHX,30,0.5,0.9,55.9,0.4,1.1,35.0,0.3,0.8,42.1,0.5,0.7,60.4,0.3,0.7,40.8,0.7,1.4,51.0,0.8,1.9,40.3
92,Daniel Gafford,WAS,24,2.9,3.5,81.8,0.7,1.3,54.8,0.1,0.2,43.8,0.0,0.0,0.0,0.0,0.0,0.0,0.0,0.0,0.0,0.0,0.0,0.0
93,Daniel Theis,IND,31,1.9,3.0,61.9,0.9,1.1,75.0,0.0,0.6,0.0,0.0,0.0,0.0,0.2,0.3,50.0,0.2,0.3,50.0,0.1,1.1,12.5
94,Danny Green,CLE,35,0.1,0.2,50.0,0.3,0.6,42.9,0.2,0.3,66.7,0.2,0.3,66.7,0.3,1.0,33.3,0.5,1.2,41.7,1.0,2.3,44.0
95,Danuel House Jr.,PHI,29,0.8,1.1,72.1,0.1,0.3,40.0,0.1,0.2,50.0,0.2,0.5,33.3,0.2,0.7,35.5,0.4,1.1,34.5,0.3,1.0,33.3
96,Dario Saric,OKC,29,1.0,1.4,71.1,0.5,1.1,41.3,0.0,0.4,8.7,0.1,0.3,53.8,0.1,0.4,37.5,0.3,0.6,44.8,0.6,1.5,37.2
97,Darius Bazley,PHX,22,1.2,2.2,55.3,0.2,0.6,30.8,0.1,0.2,30.0,0.1,0.3,30.0,0.2,0.2,66.7,0.2,0.5,47.4,0.3,0.8,32.4
98,Darius Days,HOU,23,0.7,0.7,100.0,0.0,0.0,0.0,0.0,0.0,0.0,0.7,1.3,50.0,0.0,0.7,0.0,0.5,1.5,33.3,0.3,1.0,25.0
99,Darius Garland,CLE,23,1.9,3.3,57.3,2.0,4.1,49.0,1.2,3.0,40.7,0.1,0.2,30.8,0.2,0.4,48.1,0.2,0.6,42.5,2.2,5.4,40.9
100,David Duke Jr.,BKN,23,1.3,2.3,58.0,0.1,0.5,27.3,0.1,0.2,60.0,0.0,0.3,0.0,0.0,0.1,0.0,0.0,0.3,0.0,0.1,0.3,16.7
101,David Roddy,MEM,22,1.3,1.9,66.7,0.3,0.9,33.3,0.1,0.2,38.5,0.3,0.8,37.3,0.2,0.7,27.9,0.5,1.4,33.0,0.5,1.7,29.1
102,Davion Mitchell,SAC,24,0.9,1.3,66.3,0.3,0.6,52.3,0.3,0.7,48.1,0.1,0.2,29.4,0.1,0.3,31.8,0.2,0.5,30.8,0.6,2.0,32.7
103,Davis Bertans,DAL,30,0.2,0.3,66.7,0.0,0.0,100,0.0,0.0,100,0.4,0.6,65.0,0.1,0.4,28.6,0.4,0.9,50.0,0.8,2.4,35.8
104,Davon Reed,LAL,27,0.1,0.2,44.4,0.1,0.4,13.3,0.1,0.4,35.7,0.1,0.3,20.0,0.1,0.2,75.0,0.2,0.4,35.7,0.3,0.7,37.5
105,Day'Ron Sharpe,BKN,21,1.7,2.7,60.9,0.2,0.7,29.0,0.0,0.0,0.0,0.0,0.0,0.0,0.0,0.0,0.0,0.0,0.0,0.0,0.1,0.2,60.0
106,De'Aaron Fox,SAC,25,3.0,3.9,76.5,3.1,5.8,52.9,1.6,3.4,47.0,0.1,0.4,31.0,0.1,0.3,21.1,0.2,0.7,27.1,1.5,4.4,33.4
107,De'Andre Hunter,ATL,25,1.5,2.5,60.1,1.1,2.3,45.5,1.6,3.2,50.5,0.4,1.2,35.9,0.3,0.6,42.9,0.7,1.8,38.3,0.8,2.5,32.5
108,De'Anthony Melton,PHI,24,1.1,1.9,57.3,0.3,0.9,34.8,0.2,0.4,35.3,0.2,0.7,33.3,0.3,0.7,41.5,0.5,1.4,37.5,1.5,3.8,39.7
109,DeAndre Jordan,DEN,34,2.2,2.6,81.6,0.1,0.2,22.2,0.0,0.1,50.0,0.0,0.0,0.0,0.0,0.0,0.0,0.0,0.0,0.0,0.0,0.0,100
110,DeMar DeRozan,CHI,33,2.4,3.3,71.1,1.6,3.3,48.4,4.3,9.1,47.3,0.2,0.6,31.0,0.0,0.1,40.0,0.2,0.6,31.9,0.4,1.3,33.7
111,Dean Wade,CLE,26,0.6,0.8,76.5,0.0,0.2,10.0,0.0,0.2,14.3,0.3,0.7,37.0,0.3,0.7,40.7,0.5,1.3,38.9,0.5,1.6,33.3
112,Deandre Ayton,PHX,24,3.8,4.9,78.2,2.8,5.4,51.5,1.1,2.6,42.0,0.0,0.0,0.0,0.0,0.0,0.0,0.0,0.0,0.0,0.1,0.4,29.2
113,Dejounte Murray,ATL,26,2.1,3.2,66.4,2.1,4.6,45.7,2.3,4.9,46.8,0.4,0.8,52.6,0.2,0.5,31.4,0.6,1.2,44.6,1.2,4.0,31.1
114,Delon Wright,WAS,30,1.2,1.5,75.3,0.6,1.6,38.0,0.2,0.3,56.3,0.2,0.4,40.0,0.1,0.2,27.3,0.2,0.6,35.5,0.6,1.7,35.7
115,Deni Avdija,WAS,22,1.9,2.9,67.3,0.4,1.4,30.9,0.1,0.3,20.0,0.1,0.4,32.1,0.2,0.5,36.4,0.3,0.8,34.4,0.6,2.2,28.2
116,Dennis Schroder,LAL,29,1.2,2.2,53.5,1.0,2.3,42.4,0.8,2.0,41.7,0.2,0.6,32.5,0.1,0.3,33.3,0.3,0.9,32.8,0.8,2.5,33.3
117,Dennis Smith Jr.,CHA,25,2.0,3.2,63.2,0.6,1.8,34.7,0.4,1.4,27.6,0.1,0.4,31.6,0.0,0.1,14.3,0.1,0.5,26.9,0.3,1.5,20.5
118,Deonte Burton,SAC,29,0.0,0.0,0.0,0.0,0.5,0.0,0.0,0.0,0.0,0.0,1.0,0.0,0.0,0.0,0.0,0.0,1.0,0.0,0.0,0.0,0.0
119,Dereon Seabron,NOP,22,0.4,0.4,100.0,0.0,1.0,0.0,0.0,0.0,0.0,0.0,0.0,0.0,0.0,0.0,0.0,0.0,0.0,0.0,0.0,0.0,0.0
120,Derrick Jones Jr.,CHI,26,1.3,2.1,62.9,0.1,0.3,23.5,0.0,0.0,100,0.2,0.6,41.9,0.1,0.4,25.0,0.3,0.8,35.3,0.1,0.5,31.0
121,Derrick Rose,NYK,34,0.7,1.4,51.3,0.7,1.5,42.5,0.2,0.6,29.4,0.2,0.3,50.0,0.0,0.2,0.0,0.1,0.5,30.8,0.6,1.9,30.0
122,Derrick White,BOS,28,1.3,2.0,65.6,1.0,2.0,48.2,0.2,0.5,37.5,0.3,0.6,39.6,0.3,0.8,38.7,0.5,1.4,39.1,1.3,3.4,37.7
123,Desmond Bane,MEM,24,2.8,4.5,61.1,1.4,3.2,44.6,0.7,1.4,48.8,0.4,0.8,46.7,0.2,0.3,64.7,0.6,1.1,51.6,2.3,5.9,39.1
124,Devin Booker,PHX,26,2.6,3.8,68.3,2.4,4.5,52.3,2.9,5.8,49.4,0.2,0.5,41.7,0.2,0.5,32.0,0.3,0.9,36.7,1.8,5.0,34.8
125,Devin Vassell,SAS,22,1.6,2.5,61.5,0.7,2.0,34.7,1.9,4.2,46.2,0.2,0.6,40.9,0.3,0.6,54.2,0.6,1.2,47.8,2.1,5.7,37.3
126,Devon Dotson,WAS,23,0.0,0.0,0.0,0.0,0.7,0.0,0.0,0.3,0.0,0.0,0.0,0.0,0.0,0.8,0.0,0.0,0.6,0.0,0.2,0.2,100
127,Devonte' Graham,SAS,28,0.2,0.5,45.5,0.2,0.4,50.0,0.2,0.4,40.6,0.2,0.3,61.9,0.1,0.2,25.0,0.2,0.5,45.9,1.4,4.1,34.2
128,Dewayne Dedmon,PHI,33,1.1,1.7,63.5,0.6,1.0,53.8,0.1,0.3,40.0,0.0,0.1,0.0,0.0,0.1,50.0,0.0,0.2,16.7,0.3,0.9,33.3
129,Dillon Brooks,MEM,27,1.5,2.7,57.9,1.3,3.2,40.3,0.6,1.7,33.9,0.3,0.7,38.0,0.1,0.5,27.3,0.4,1.1,33.7,1.6,4.8,32.5
130,Domantas Sabonis,SAC,26,5.2,7.3,71.0,1.3,2.6,50.5,0.4,1.0,46.1,0.0,0.1,28.6,0.0,0.0,0.0,0.0,0.1,20.0,0.4,0.9,40.3
131,Dominick Barlow,SAS,19,1.3,2.0,65.5,0.1,0.5,20.0,0.3,0.4,58.3,0.0,0.0,0.0,0.0,0.1,0.0,0.0,0.1,0.0,0.0,0.0,0.0
132,Donovan Mitchell,CLE,26,3.3,4.9,68.0,1.8,3.5,50.2,1.3,2.9,44.9,0.1,0.4,41.7,0.1,0.2,30.8,0.2,0.5,37.8,3.4,8.7,39.0
133,Donovan Williams,ATL,21,1.0,1.0,100.0,0.0,0.5,0.0,-,-,-,0.0,1.0,0.0,-,-,-,0.0,1.0,0.0,0.0,0.5,0.0
134,Donte DiVincenzo,GSW,26,0.8,1.3,63.0,0.3,0.7,42.0,0.1,0.3,28.6,0.3,0.6,40.9,0.3,0.7,44.7,0.5,1.3,42.9,1.5,4.0,38.9
135,Dorian Finney-Smith,BKN,29,1.1,1.9,57.1,0.1,0.5,25.0,0.0,0.1,37.5,0.4,1.0,42.9,0.3,1.1,32.4,0.8,2.0,37.3,1.0,3.0,31.7
136,Doug McDermott,SAS,31,1.1,1.7,64.9,0.5,1.1,43.8,0.2,0.7,31.0,0.3,0.7,43.6,0.1,0.3,35.0,0.4,0.9,40.7,1.5,3.7,41.4
137,Draymond Green,GSW,33,1.8,2.7,69.1,0.9,1.8,51.6,0.1,0.3,47.6,0.1,0.3,18.2,0.1,0.3,47.4,0.2,0.6,31.7,0.4,1.2,30.7
138,Drew Eubanks,POR,26,1.8,2.3,74.9,0.7,1.4,50.9,0.2,0.3,60.0,0.0,0.0,0.0,0.0,0.0,0.0,0.0,0.0,0.0,0.1,0.2,46.7
139,Dru Smith,BKN,25,0.4,0.8,54.5,0.4,0.8,54.5,0.1,0.3,25.0,0.2,0.5,33.3,0.1,0.1,100,0.2,0.5,42.9,0.1,0.9,16.7
140,Duane Washington Jr.,NYK,23,0.6,1.4,45.2,0.6,1.8,32.1,0.6,1.7,36.0,0.2,0.6,36.4,0.1,0.5,30.0,0.3,0.8,33.3,1.1,2.8,37.5
141,Duncan Robinson,MIA,28,0.3,0.4,80.0,0.3,0.5,50.0,0.0,0.2,22.2,0.2,0.6,27.3,0.2,0.5,35.3,0.3,1.0,30.8,1.2,3.6,33.6
142,Dwight Powell,DAL,31,2.5,3.2,77.4,0.1,0.2,43.8,0.0,0.1,40.0,0.0,0.0,0.0,0.0,0.0,0.0,0.0,0.0,0.0,0.0,0.0,0.0
143,Dylan Windler,CLE,26,0.3,0.3,100.0,0.0,0.0,0.0,0.0,0.0,0.0,0.5,0.5,100,-,-,-,0.5,0.5,100,0.0,0.3,0.0
144,Dyson Daniels,NOP,20,0.8,1.2,62.5,0.2,0.8,29.5,0.0,0.1,33.3,0.1,0.2,33.3,0.1,0.3,35.3,0.2,0.4,34.6,0.3,1.0,31.6
145,Edmond Sumner,BKN,27,1.3,2.2,60.0,0.3,0.9,28.0,0.2,0.3,58.8,0.3,0.7,35.7,0.1,0.4,33.3,0.3,0.9,34.8,0.3,0.8,36.6
146,Eric Gordon,LAC,34,1.4,2.2,63.4,0.9,1.9,45.5,0.0,0.2,16.7,0.1,0.3,40.0,0.1,0.2,54.5,0.2,0.4,45.2,1.7,4.7,36.4
147,Eugene Omoruyi,DET,26,1.8,2.7,65.7,0.1,0.6,16.0,0.0,0.2,16.7,0.2,0.4,37.5,0.2,0.7,29.6,0.4,1.1,32.6,0.3,1.1,24.4
148,Evan Fournier,NYK,30,0.2,0.5,42.9,0.4,0.9,45.8,0.1,0.5,28.6,0.3,0.8,35.0,0.1,0.4,33.3,0.4,1.1,34.5,0.9,3.1,29.8
149,Evan Mobley,CLE,21,4.3,5.6,77.7,1.6,4.0,40.0,0.5,1.2,39.6,0.0,0.2,10.5,0.1,0.3,24.0,0.1,0.6,18.2,0.2,0.7,24.1
150,Facundo Campazzo,DAL,32,0.0,0.3,0.0,0.0,0.0,0.0,0.0,0.0,0.0,0.2,0.2,100,0.0,0.3,0.0,0.2,0.4,50.0,0.3,1.3,22.2
151,Frank Jackson,UTA,24,0.0,0.0,0.0,0.0,2.0,0.0,-,-,-,-,-,-,-,-,-,-,-,-,0.0,1.0,0.0
152,Frank Kaminsky,HOU,30,0.3,0.4,78.6,0.1,0.3,36.4,0.1,0.2,60.0,0.0,0.1,0.0,0.0,0.0,0.0,0.0,0.1,0.0,0.4,0.9,43.3
153,Frank Ntilikina,DAL,24,0.3,0.6,44.4,0.1,0.4,33.3,0.3,0.5,61.9,0.1,0.4,13.3,0.1,0.3,30.0,0.1,0.6,20.0,0.3,0.9,30.0
154,Franz Wagner,ORL,21,3.3,5.1,65.4,1.4,3.4,41.1,0.4,1.0,43.4,0.2,0.4,52.9,0.1,0.4,31.0,0.3,0.8,42.9,1.3,3.7,35.2
155,Fred VanVleet,TOR,29,1.4,2.6,54.4,0.9,2.4,38.0,1.0,2.4,43.3,0.2,0.5,48.5,0.2,0.7,37.8,0.5,1.1,42.3,2.5,7.6,33.1
156,Furkan Korkmaz,PHI,25,0.6,0.9,67.7,0.1,0.6,20.0,0.2,0.4,35.7,0.2,0.4,40.0,0.1,0.3,33.3,0.2,0.6,37.5,0.3,0.8,41.4
157,Gabe Vincent,MIA,26,0.5,1.0,52.9,0.6,1.2,48.1,0.5,1.0,52.9,0.3,1.0,28.8,0.4,0.7,50.0,0.6,1.7,37.9,1.1,3.4,31.2
158,Gabe York,IND,29,0.7,1.0,66.7,0.0,0.0,0.0,0.0,0.0,0.0,0.7,1.0,66.7,0.3,1.0,33.3,1.0,2.0,50.0,1.0,4.0,25.0
159,Garrett Temple,NOP,36,0.3,0.6,50.0,0.0,0.1,0.0,0.0,0.1,0.0,0.1,0.1,50.0,0.1,0.3,40.0,0.1,0.3,42.9,0.3,0.8,44.4
160,Garrison Mathews,ATL,26,0.1,0.2,58.3,0.0,0.1,20.0,0.0,0.1,50.0,0.2,0.5,28.6,0.2,0.4,53.3,0.3,0.8,37.2,0.9,2.6,34.3
161,Gary Harris,ORL,28,0.7,1.1,60.4,0.1,0.5,31.8,0.1,0.3,35.7,0.4,1.0,43.8,0.5,1.0,47.8,0.9,2.0,45.7,1.1,2.6,41.1
162,Gary Payton II,GSW,30,1.0,1.5,67.6,0.2,0.4,50.0,0.0,0.0,100,0.3,0.5,60.0,0.3,0.5,50.0,0.5,0.9,55.0,0.1,0.3,33.3
163,Gary Trent Jr.,TOR,24,1.3,2.0,64.7,1.1,2.3,49.0,1.2,3.0,38.9,0.2,0.7,28.6,0.2,0.5,33.3,0.4,1.3,30.6,2.1,5.5,38.5
164,George Hill,IND,36,0.6,0.8,71.8,0.1,0.3,40.0,0.2,0.4,55.6,0.1,0.3,41.7,0.2,0.5,40.9,0.3,0.8,41.2,0.4,1.2,33.9
165,Georges Niang,PHI,29,0.5,0.8,67.7,0.3,0.6,48.9,0.0,0.1,33.3,0.3,0.6,47.8,0.3,0.4,59.4,0.5,1.0,52.6,1.4,3.9,36.9
166,Giannis Antetokounmpo,MIL,28,8.5,11.4,74.7,0.9,3.1,27.9,1.1,3.0,35.9,0.0,0.1,20.0,0.0,0.0,0.0,0.0,0.1,20.0,0.7,2.6,27.7
167,Goga Bitadze,ORL,23,1.4,1.9,75.0,0.2,0.6,37.5,0.0,0.1,0.0,0.0,0.0,0.0,0.0,0.0,0.0,0.0,0.0,0.0,0.2,0.7,24.0
168,Goran Dragic,MIL,36,0.7,1.2,56.9,0.4,1.1,36.9,0.4,0.9,46.3,0.2,0.4,43.5,0.1,0.1,60.0,0.2,0.5,46.4,0.7,2.0,32.8
169,Gordon Hayward,CHA,33,1.5,2.0,72.3,1.6,3.3,47.3,1.5,3.1,47.1,0.2,0.5,39.1,0.1,0.3,46.7,0.3,0.8,42.1,0.7,2.4,29.5
170,Gorgui Dieng,SAS,33,0.5,0.7,66.7,0.2,0.3,62.5,0.2,0.4,38.5,0.0,0.1,50.0,0.1,0.2,40.0,0.1,0.3,42.9,0.6,2.2,26.5
171,Grant Williams,BOS,24,0.7,1.1,62.9,0.5,1.0,50.6,0.1,0.3,30.0,0.3,0.8,39.1,0.4,0.8,45.9,0.7,1.6,42.4,0.8,2.1,38.0
172,Grayson Allen,MIL,27,1.1,1.7,62.9,0.2,0.6,35.6,0.1,0.3,22.7,0.3,0.8,41.8,0.2,0.4,57.7,0.5,1.1,46.9,1.5,4.0,37.9
173,Greg Brown III,POR,21,0.7,1.1,62.5,0.0,0.2,0.0,0.0,0.1,0.0,0.0,0.3,0.0,0.2,0.2,100,0.1,0.3,33.3,0.0,0.3,0.0
174,Hamidou Diallo,DET,24,2.6,3.6,72.1,0.8,1.8,43.0,0.4,1.0,41.5,0.0,0.2,22.2,0.0,0.1,66.7,0.1,0.2,33.3,0.0,0.1,12.5
175,Harrison Barnes,SAC,30,2.1,3.1,67.3,0.7,1.8,37.4,0.2,0.5,45.0,0.3,0.8,39.1,0.3,0.8,39.7,0.6,1.6,39.4,1.0,2.7,36.5
176,Haywood Highsmith,MIA,26,0.8,1.1,68.3,0.2,0.5,34.5,0.1,0.4,27.8,0.2,0.5,40.9,0.2,0.6,28.6,0.3,1.0,34.0,0.4,1.2,33.9
177,Herbert Jones,NOP,24,2.3,3.6,63.8,0.4,1.2,31.2,0.1,0.3,21.7,0.3,0.8,34.0,0.2,0.6,35.1,0.5,1.3,34.5,0.4,1.2,33.3
178,Immanuel Quickley,NYK,23,1.2,1.8,65.3,1.4,2.9,49.8,0.5,1.3,38.8,0.2,0.7,30.4,0.3,0.9,39.4,0.6,1.6,35.4,1.5,4.0,37.7
179,Isaac Okoro,CLE,22,1.3,1.9,66.2,0.2,0.5,45.7,0.0,0.0,33.3,0.3,0.8,34.6,0.5,1.3,38.4,0.7,2.0,37.1,0.1,0.3,30.0
180,Isaiah Hartenstein,NYK,24,1.5,2.4,61.5,0.5,1.1,51.1,0.0,0.1,28.6,0.1,0.2,35.7,0.0,0.1,27.3,0.1,0.3,32.0,0.0,0.1,0.0
181,Isaiah Jackson,IND,21,2.3,3.6,65.8,0.3,1.0,32.8,0.1,0.2,53.3,0.0,0.0,0.0,0.0,0.0,100,0.0,0.0,33.3,0.0,0.2,9.1
182,Isaiah Joe,OKC,23,0.4,0.5,68.4,0.1,0.3,45.5,0.4,0.8,49.1,0.2,0.5,44.4,0.2,0.3,55.0,0.4,0.8,48.2,1.8,4.6,39.9
183,Isaiah Livers,DET,24,0.5,0.6,77.4,0.1,0.3,38.9,0.3,0.7,40.5,0.2,0.5,34.8,0.4,1.0,45.7,0.6,1.4,42.0,0.9,2.5,34.4
184,Isaiah Mobley,CLE,23,0.5,0.9,55.6,0.4,1.0,40.0,0.0,0.1,0.0,0.0,0.0,0.0,0.2,0.2,100,0.2,0.2,100,0.2,0.6,28.6
185,Isaiah Roby,NYK,25,0.8,1.2,64.7,0.3,0.8,40.6,0.1,0.3,25.0,0.1,0.1,66.7,0.1,0.4,30.0,0.2,0.4,38.5,0.3,1.1,27.7
186,Isaiah Stewart,DET,21,1.9,3.3,56.7,0.6,1.3,46.0,0.1,0.2,66.7,0.2,0.6,34.4,0.2,0.8,32.4,0.5,1.4,33.3,0.9,2.7,32.4
187,Isaiah Todd,WAS,21,0.0,0.3,0.0,0.4,1.4,28.6,0.0,0.2,0.0,0.0,0.3,0.0,0.0,0.5,0.0,0.0,0.5,0.0,0.2,1.4,14.3
188,Ish Smith,DEN,34,0.3,0.6,56.5,0.3,0.7,44.4,0.6,1.7,37.1,0.0,0.1,0.0,0.0,0.0,0.0,0.0,0.1,0.0,0.0,0.2,11.1
189,Ish Wainright,PHX,28,0.4,0.7,57.5,0.1,0.2,27.3,0.0,0.1,33.3,0.3,0.9,32.6,0.3,0.9,34.1,0.5,1.5,33.3,0.5,1.4,33.3
190,Ivica Zubac,LAC,26,3.2,4.8,68.1,1.0,1.9,52.8,0.1,0.1,57.1,0.0,0.0,0.0,0.0,0.0,0.0,0.0,0.0,0.0,0.0,0.0,0.0
191,JD Davison,BOS,20,0.1,0.2,50.0,0.3,0.8,33.3,0.3,0.4,75.0,0.0,0.0,0.0,0.0,0.0,0.0,0.0,0.0,0.0,0.2,0.6,28.6
192,JT Thor,CHA,20,0.4,0.8,52.7,0.2,0.6,42.1,0.2,0.3,50.0,0.3,0.7,34.9,0.2,0.4,46.2,0.4,1.1,39.1,0.2,0.8,22.2
193,Ja Morant,MEM,23,4.4,7.1,61.7,2.8,6.5,43.1,0.6,1.3,42.0,0.1,0.3,36.8,0.1,0.2,46.2,0.2,0.5,40.6,1.3,4.3,29.8
194,JaMychal Green,GSW,32,1.3,1.8,71.2,0.3,0.5,60.7,0.1,0.2,33.3,0.1,0.5,26.1,0.2,0.4,50.0,0.3,0.8,37.2,0.5,1.2,38.2
195,JaVale McGee,DAL,35,1.5,2.0,74.4,0.4,0.9,47.2,0.0,0.1,0.0,0.0,0.0,0.0,0.0,0.0,0.0,0.0,0.0,0.0,0.0,0.1,50.0
196,Jabari Smith Jr.,HOU,19,1.5,2.2,68.2,0.8,2.1,39.6,0.8,2.1,37.7,0.2,0.5,36.1,0.2,0.5,36.1,0.3,0.9,36.1,1.2,4.0,29.6
197,Jabari Walker,POR,20,0.9,1.6,57.3,0.2,0.7,27.0,0.1,0.3,37.5,0.0,0.3,10.0,0.0,0.1,25.0,0.0,0.3,14.3,0.3,0.8,33.3
198,Jack White,DEN,25,0.3,0.5,50.0,0.1,0.1,50.0,0.0,0.0,0.0,0.1,0.4,33.3,0.3,0.8,33.3,0.2,0.7,33.3,0.1,0.2,33.3
199,Jacob Gilyard,MEM,24,0.0,0.0,0.0,0.0,0.0,0.0,0.0,0.0,0.0,0.0,1.0,0.0,0.0,0.0,0.0,0.0,1.0,0.0,1.0,2.0,50.0
200,Jaden Hardy,DAL,20,1.3,2.3,53.6,0.3,0.7,40.0,0.2,0.7,30.3,0.3,0.6,52.2,0.1,0.3,35.7,0.4,0.9,45.9,1.0,2.5,38.8
201,Jaden Ivey,DET,21,2.3,4.1,54.7,0.8,2.4,32.0,0.9,2.0,43.2,0.1,0.3,36.4,0.1,0.3,34.8,0.2,0.6,35.6,1.4,4.1,34.4
202,Jaden McDaniels,MIN,22,2.2,3.1,72.4,0.8,1.7,45.2,0.4,0.9,39.2,0.4,0.9,47.1,0.3,0.9,35.6,0.7,1.8,41.3,0.6,1.5,37.8
203,Jaden Springer,PHI,20,0.7,1.1,66.7,0.3,0.7,36.4,0.1,0.3,25.0,0.0,0.3,0.0,0.0,0.0,0.0,0.0,0.3,0.0,0.1,0.2,66.7
204,Jae Crowder,MIL,32,0.4,0.6,80.0,0.5,0.9,52.9,0.2,0.7,33.3,0.3,0.5,62.5,0.1,0.5,28.6,0.4,0.8,46.7,0.9,2.2,42.5
205,Jae'Sean Tate,HOU,27,2.0,3.4,58.7,1.1,2.4,46.6,0.1,0.2,42.9,0.1,0.4,36.4,0.0,0.2,20.0,0.2,0.5,31.3,0.2,0.9,25.0
206,Jake LaRavia,MEM,21,0.3,0.5,50.0,0.1,0.2,66.7,0.0,0.0,0.0,0.2,0.3,50.0,0.1,0.2,50.0,0.2,0.4,50.0,0.5,1.7,31.0
207,Jakob Poeltl,TOR,27,3.5,4.7,75.6,1.7,3.5,49.8,0.2,0.4,34.4,0.0,0.0,0.0,0.0,0.0,0.0,0.0,0.0,0.0,0.0,0.0,0.0
208,Jalen Brunson,NYK,26,2.0,3.4,59.2,3.2,6.2,50.7,1.5,3.2,47.0,0.2,0.3,56.5,0.3,0.7,38.3,0.5,1.0,44.3,1.5,3.7,40.2
209,Jalen Duren,DET,19,3.2,4.5,72.6,0.5,1.2,41.5,0.1,0.2,46.7,0.0,0.0,0.0,0.0,0.0,0.0,0.0,0.0,0.0,0.0,0.0,0.0
210,Jalen Green,HOU,21,2.8,5.1,55.2,1.1,2.8,39.4,1.1,2.7,39.9,0.2,0.5,30.0,0.2,0.4,36.4,0.3,1.0,32.9,2.1,6.3,34.2
211,Jalen Johnson,ATL,21,1.4,2.1,66.9,0.4,0.8,48.1,0.1,0.3,26.3,0.1,0.3,22.2,0.2,0.5,32.1,0.2,0.7,28.3,0.2,0.8,30.9
212,Jalen McDaniels,PHI,25,1.8,2.9,59.6,0.6,1.5,41.4,0.2,0.4,47.1,0.2,0.5,35.9,0.2,0.7,33.3,0.4,1.2,34.4,0.6,1.7,32.4
213,Jalen Smith,IND,23,2.2,3.0,73.7,0.4,1.0,36.2,0.2,0.6,27.9,0.1,0.4,30.0,0.1,0.5,25.8,0.3,0.9,27.9,0.5,1.9,28.5
214,Jalen Suggs,ORL,21,1.4,2.3,59.3,0.5,1.3,37.3,0.4,1.0,42.3,0.1,0.2,41.7,0.1,0.3,40.0,0.2,0.5,40.7,1.0,3.3,31.8
215,Jalen Williams,OKC,21,3.3,4.6,70.3,1.0,2.4,41.2,0.3,0.9,36.9,0.1,0.3,27.3,0.1,0.1,50.0,0.1,0.4,34.4,0.8,2.3,36.3
216,Jamal Cain,MIA,24,1.2,1.7,72.4,0.5,0.8,61.5,0.1,0.2,25.0,0.2,0.4,40.0,0.1,0.4,16.7,0.2,0.7,27.3,0.2,0.5,50.0
217,Jamal Murray,DEN,26,2.1,3.2,65.4,1.1,2.6,41.2,1.5,3.6,41.1,0.3,0.5,51.5,0.2,0.3,50.0,0.4,0.8,50.9,2.2,5.7,39.0
218,Jamaree Bouyea,WAS,23,0.4,0.6,66.7,0.4,0.8,50.0,0.0,0.2,0.0,0.0,0.0,0.0,0.0,0.0,0.0,0.0,0.0,0.0,0.4,1.2,33.3
219,James Bouknight,CHA,22,0.6,1.1,56.4,0.2,0.8,26.9,0.2,0.6,36.8,0.1,0.3,44.4,0.1,0.4,20.0,0.2,0.7,31.6,0.8,2.7,30.3
220,James Harden,PHI,33,1.8,3.1,57.6,1.2,2.9,43.1,0.6,1.4,45.0,0.0,0.1,25.0,0.1,0.3,38.9,0.2,0.4,34.6,2.6,6.8,38.8
221,James Johnson,IND,36,0.7,1.2,59.1,0.2,0.4,37.5,0.2,0.2,75.0,0.0,0.1,0.0,0.1,0.6,14.3,0.1,0.5,12.5,0.1,0.4,28.6
222,James Wiseman,DET,22,2.6,3.6,71.8,1.2,2.6,48.3,0.3,0.9,30.0,0.0,0.0,0.0,0.0,0.0,0.0,0.0,0.0,0.0,0.1,0.4,21.1
223,Jared Butler,OKC,22,0.5,1.3,37.5,0.8,1.5,55.6,0.0,0.3,0.0,0.0,0.0,0.0,0.0,0.3,0.0,0.0,0.3,0.0,1.2,2.2,53.8
224,Jared Rhoden,DET,23,0.6,0.8,72.7,0.1,0.6,22.2,0.2,0.3,50.0,0.4,0.8,50.0,0.0,0.4,0.0,0.3,1.0,33.3,0.1,0.8,18.2
225,Jaren Jackson Jr.,MEM,23,3.2,4.9,66.4,1.7,3.5,49.3,0.0,0.2,18.2,0.2,0.7,34.1,0.1,0.3,30.0,0.3,1.0,32.8,1.3,3.4,36.9
226,Jarred Vanderbilt,LAL,24,2.3,3.4,68.4,0.4,1.2,38.5,0.0,0.1,40.0,0.1,0.3,20.8,0.3,0.8,39.7,0.4,1.1,34.1,0.0,0.1,0.0
227,Jarrell Brantley,UTA,26,0.7,0.7,100.0,0.5,0.8,66.7,0.0,0.0,0.0,0.3,0.8,33.3,0.0,0.0,0.0,0.3,0.8,33.3,0.8,1.5,50.0
228,Jarrett Allen,CLE,24,4.5,5.9,75.2,1.3,2.5,49.1,0.2,0.6,33.3,0.0,0.0,0.0,0.0,0.1,0.0,0.0,0.1,0.0,0.0,0.0,33.3
229,Jarrett Culver,ATL,24,1.3,2.2,60.0,0.2,0.6,40.0,0.3,0.8,33.3,0.0,0.2,0.0,0.2,0.3,50.0,0.1,0.4,33.3,0.0,0.9,0.0
230,Jason Preston,LAC,23,0.4,0.6,62.5,0.5,0.8,60.0,0.1,0.4,40.0,0.1,0.2,50.0,0.2,0.5,33.3,0.2,0.4,40.0,0.2,0.9,25.0
231,Javonte Green,CHI,29,1.3,1.8,72.4,0.2,0.4,46.2,0.0,0.1,0.0,0.1,0.4,25.0,0.1,0.2,33.3,0.2,0.6,27.8,0.3,0.5,47.1
232,Jaxson Hayes,NOP,22,1.4,1.9,72.7,0.4,0.8,48.6,0.0,0.0,50.0,0.0,0.2,14.3,0.0,0.2,16.7,0.0,0.3,15.4,0.0,0.3,6.3
233,Jay Huff,WAS,25,1.1,1.4,80.0,0.0,0.0,0.0,0.1,0.4,33.3,0.0,0.0,0.0,0.0,0.2,0.0,0.0,0.2,0.0,0.9,1.6,54.5
234,Jay Scrubb,ORL,22,1.0,1.5,66.7,0.5,1.0,50.0,0.0,0.0,0.0,0.0,0.0,0.0,1.0,1.0,100,1.0,1.0,100,0.5,0.5,100
235,Jaylen Brown,BOS,26,4.6,6.4,70.8,1.7,3.9,44.0,1.4,3.1,47.1,0.2,0.5,31.3,0.1,0.5,24.2,0.3,1.0,27.7,2.1,6.3,34.3
236,Jaylen Nowell,MIN,23,1.7,2.8,60.7,1.2,2.3,51.0,0.4,1.0,43.8,0.1,0.2,25.0,0.1,0.5,18.5,0.1,0.6,20.5,0.9,2.9,30.9
237,Jaylin Williams,OKC,20,0.6,1.0,60.0,0.3,1.0,29.2,0.3,0.5,54.2,0.1,0.2,44.4,0.1,0.2,60.0,0.2,0.4,52.6,0.7,1.9,37.6
238,Jayson Tatum,BOS,25,4.3,6.1,69.7,1.5,3.6,42.7,0.8,2.1,37.5,0.2,0.4,46.9,0.2,0.4,48.1,0.4,0.8,47.5,2.9,8.5,33.7
239,Jeenathan Williams,POR,24,4.2,5.6,75.0,0.0,0.4,0.0,0.0,0.2,0.0,0.2,0.2,100,0.2,0.8,25.0,0.4,1.0,40.0,0.2,0.6,33.3
240,Jeff Dowtin Jr.,TOR,25,0.3,0.5,61.5,0.3,0.7,46.7,0.2,0.6,38.5,0.1,0.3,40.0,0.1,0.2,33.3,0.1,0.3,37.5,0.1,0.3,25.0
241,Jeff Green,DEN,36,1.6,2.3,67.7,0.6,1.2,50.0,0.2,0.5,32.1,0.1,0.3,38.9,0.2,0.4,45.0,0.3,0.7,42.1,0.3,1.1,21.9
242,Jerami Grant,POR,29,3.0,4.5,65.0,0.7,1.8,38.4,1.0,2.5,38.6,0.3,0.8,41.7,0.5,1.4,37.8,0.9,2.2,39.1,1.4,3.5,41.1
243,Jeremiah Robinson-Earl,OKC,22,1.5,2.7,55.7,0.1,0.2,50.0,0.1,0.4,33.3,0.2,0.7,22.2,0.2,0.4,47.1,0.3,1.0,31.8,0.5,1.5,34.8
244,Jeremy Sochan,SAS,19,2.5,4.0,62.2,1.1,2.5,42.1,0.3,0.9,34.0,0.1,0.3,21.1,0.0,0.3,5.9,0.1,0.6,13.9,0.5,1.7,30.1
245,Jericho Sims,NYK,24,1.5,1.8,82.8,0.1,0.2,60.0,0.0,0.1,0.0,0.0,0.0,0.0,0.0,0.0,0.0,0.0,0.0,0.0,0.0,0.0,0.0
246,Jevon Carter,MIL,27,0.4,0.8,48.4,0.2,0.6,32.6,0.6,1.5,43.3,0.2,0.6,36.2,0.2,0.5,48.6,0.4,1.0,41.5,1.3,3.1,42.4
247,Jimmy Butler,MIA,33,3.8,5.6,67.5,1.9,4.0,48.6,1.2,2.7,44.7,0.2,0.5,36.7,0.1,0.4,30.8,0.3,0.9,33.9,0.3,0.7,37.0
248,Jock Landale,PHX,27,1.7,2.3,71.2,0.6,1.2,47.6,0.1,0.2,46.2,0.0,0.0,50.0,0.0,0.0,0.0,0.0,0.0,33.3,0.3,1.2,25.0
249,Joe Harris,BKN,31,0.6,0.8,67.7,0.1,0.3,33.3,0.1,0.3,40.9,0.3,0.6,51.2,0.3,0.8,43.4,0.6,1.3,46.9,1.3,3.2,41.1
250,Joe Ingles,MIL,35,0.3,0.5,64.0,0.2,0.3,50.0,0.0,0.1,33.3,0.3,0.5,50.0,0.3,0.7,37.5,0.5,1.2,42.9,1.3,3.2,40.4
251,Joe Wieskamp,TOR,23,0.0,0.2,0.0,0.0,0.0,0.0,0.0,0.0,0.0,0.3,0.8,33.3,0.2,0.8,25.0,0.4,1.4,28.6,0.1,0.6,20.0
252,Joel Embiid,PHI,29,4.8,6.4,75.1,2.6,5.4,49.0,2.6,5.3,48.7,0.0,0.1,33.3,0.0,0.0,0.0,0.0,0.1,25.0,1.0,2.8,34.0
253,John Butler Jr.,POR,20,0.3,0.5,66.7,0.1,0.3,50.0,0.1,0.3,20.0,0.0,0.3,0.0,0.2,0.4,50.0,0.2,0.6,28.6,0.3,1.5,21.4
254,John Collins,ATL,25,2.6,3.5,75.5,0.8,1.9,43.4,0.6,1.2,52.3,0.2,0.6,26.2,0.3,0.9,31.7,0.4,1.4,29.4,0.6,1.9,29.0
255,John Konchar,MEM,27,1.0,1.5,65.7,0.1,0.3,20.8,0.0,0.2,18.2,0.4,0.9,40.4,0.2,0.6,30.0,0.5,1.4,36.1,0.3,1.1,31.6
256,John Wall,LAC,32,1.7,2.9,59.8,0.6,1.8,35.5,0.7,2.1,35.2,0.1,0.3,33.3,0.0,0.1,0.0,0.1,0.4,23.1,0.9,2.8,31.3
257,Johnny Davis,WAS,21,0.8,1.2,67.6,0.5,1.4,39.5,0.4,1.0,37.9,0.1,0.5,18.2,0.2,0.4,37.5,0.2,0.8,26.3,0.4,1.8,23.5
258,Johnny Juzang,UTA,22,0.3,0.4,85.7,0.4,1.1,42.1,0.4,0.9,40.0,0.3,0.8,33.3,0.0,0.4,0.0,0.2,1.0,23.5,0.6,2.6,23.9
259,Jonas Valanciunas,NOP,30,3.0,4.4,69.2,1.6,3.1,50.2,0.6,1.5,39.1,0.0,0.1,0.0,0.0,0.0,100,0.0,0.1,20.0,0.5,1.3,35.6
260,Jonathan Isaac,ORL,25,0.9,1.8,50.0,0.2,0.6,28.6,0.4,1.0,36.4,0.1,0.1,100,0.2,0.3,66.7,0.3,0.4,75.0,0.3,1.0,27.3
261,Jonathan Kuminga,GSW,20,2.1,3.1,69.4,0.8,1.7,45.2,0.2,0.4,40.0,0.2,0.6,36.8,0.2,0.4,46.4,0.4,1.0,40.9,0.4,1.2,33.8
262,Jordan Clarkson,UTA,30,1.8,2.8,62.6,2.7,5.4,50.2,0.5,1.2,42.5,0.2,0.6,42.9,0.1,0.3,33.3,0.4,0.9,39.3,2.2,6.5,33.3
263,Jordan Goodwin,WAS,24,1.0,1.4,68.2,0.7,1.6,41.7,0.4,0.9,40.7,0.1,0.3,50.0,0.1,0.2,50.0,0.2,0.5,50.0,0.4,1.5,27.2
264,Jordan Hall,SAS,21,0.3,0.4,75.0,0.0,0.2,0.0,0.4,0.9,42.9,0.2,0.6,33.3,0.0,0.2,0.0,0.1,0.6,25.0,0.2,1.2,18.2
265,Jordan McLaughlin,MIN,27,0.5,0.8,58.8,0.3,0.7,53.6,0.0,0.1,40.0,0.2,0.4,46.7,0.1,0.3,20.0,0.2,0.6,36.0,0.3,1.1,31.3
266,Jordan Nwora,IND,24,1.1,1.9,55.0,0.4,1.0,37.7,0.3,0.9,35.8,0.3,0.7,35.0,0.2,0.5,42.3,0.4,1.1,37.9,1.0,2.3,42.1
267,Jordan Poole,GSW,23,2.1,3.2,67.3,1.2,2.6,46.1,0.7,2.0,37.2,0.2,0.5,44.2,0.1,0.4,21.2,0.3,0.9,34.2,2.3,6.7,34.0
268,Jordan Schakel,WAS,24,0.0,0.0,0.0,0.0,1.0,0.0,0.0,0.0,0.0,0.0,0.0,0.0,0.0,0.0,0.0,0.0,0.0,0.0,0.5,0.5,100
269,Jose Alvarado,NOP,24,1.3,2.0,64.5,0.6,1.7,34.6,0.1,0.3,23.5,0.2,0.5,44.8,0.3,0.7,36.4,0.5,1.2,39.7,0.9,2.8,31.6
270,Josh Christopher,HOU,21,1.0,1.5,69.9,0.9,1.8,48.3,0.2,0.5,35.5,0.1,0.2,45.5,0.0,0.2,0.0,0.1,0.3,26.3,0.3,1.1,22.9
271,Josh Giddey,OKC,20,3.5,5.5,62.5,2.3,5.2,44.4,0.3,0.9,36.2,0.1,0.3,30.4,0.1,0.1,71.4,0.2,0.4,40.0,0.8,2.7,31.5
272,Josh Green,DAL,22,1.7,2.3,71.7,0.5,1.0,50.9,0.2,0.3,50.0,0.4,0.9,47.2,0.4,1.1,32.3,0.8,2.0,39.0,0.4,0.8,44.9
273,Josh Hart,NYK,28,2.4,3.3,71.7,0.4,1.0,36.0,0.1,0.4,23.3,0.2,0.5,41.0,0.2,0.4,39.4,0.4,0.9,40.3,0.4,1.2,34.8
274,Josh Minott,MIN,20,1.1,1.6,68.2,0.1,0.6,14.3,0.0,0.1,0.0,0.0,0.1,0.0,0.1,0.3,50.0,0.1,0.3,33.3,0.1,0.2,33.3
275,Josh Okogie,PHX,24,1.0,1.8,51.9,0.3,0.8,33.3,0.1,0.4,32.1,0.3,0.9,32.7,0.2,0.7,29.7,0.4,1.4,31.5,0.5,1.5,35.2
276,Josh Richardson,NOP,29,0.6,0.9,61.7,0.7,1.4,47.9,0.8,1.6,46.7,0.2,0.4,48.1,0.1,0.4,34.8,0.3,0.8,42.0,1.3,3.7,35.5
277,Joshua Primo,SAS,20,0.5,1.0,50.0,0.8,1.8,42.9,0.3,0.8,33.3,0.0,0.3,0.0,0.3,0.7,50.0,0.3,0.8,33.3,0.5,2.3,22.2
278,Jrue Holiday,MIL,32,2.4,3.6,68.3,1.5,3.3,45.2,1.0,2.3,45.0,0.2,0.4,53.6,0.1,0.3,34.8,0.3,0.8,45.1,2.0,5.3,37.9
279,Juan Toscano-Anderson,UTA,30,0.8,1.2,64.4,0.3,0.6,43.8,0.1,0.2,44.4,0.0,0.3,9.1,0.1,0.3,27.3,0.1,0.5,18.2,0.1,0.4,20.0
280,Juancho Hernangomez,TOR,27,0.7,0.9,71.8,0.1,0.1,50.0,0.0,0.0,0.0,0.1,0.3,30.0,0.2,0.5,33.3,0.2,0.7,32.1,0.2,0.9,20.5
281,Julian Champagnie,SAS,21,0.9,1.6,57.1,0.4,0.8,50.0,0.2,0.5,50.0,0.4,1.0,40.0,0.3,0.5,57.1,0.6,1.4,45.5,1.4,3.8,38.3
282,Julius Randle,NYK,28,3.2,4.6,67.9,1.5,3.1,48.1,1.1,2.6,41.5,0.2,0.5,33.3,0.2,0.8,31.7,0.4,1.2,32.3,2.4,7.0,34.6
283,Justin Champagnie,BOS,21,0.4,0.8,50.0,0.4,1.2,33.3,0.0,0.0,0.0,0.0,1.0,0.0,0.0,0.0,0.0,0.0,0.5,0.0,0.2,0.6,33.3
284,Justin Holiday,DAL,34,0.5,0.7,71.9,0.0,0.1,0.0,0.2,0.6,30.8,0.3,0.9,35.9,0.3,0.9,30.8,0.6,1.7,33.3,0.4,1.4,30.8
285,Justin Jackson,BOS,28,0.0,0.1,50.0,0.0,0.2,25.0,0.0,0.1,0.0,0.1,0.6,25.0,0.0,0.2,0.0,0.1,0.5,16.7,0.2,0.6,28.6
286,Justin Minaya,POR,24,0.8,1.5,50.0,0.0,0.8,0.0,0.3,0.5,50.0,0.0,0.8,0.0,0.3,0.3,100,0.3,1.0,25.0,0.5,2.0,25.0
287,Justise Winslow,POR,27,1.7,3.0,55.2,0.5,1.8,28.8,0.1,0.5,28.6,0.1,0.4,36.4,0.1,0.3,22.2,0.2,0.7,30.0,0.3,0.9,32.0
288,Jusuf Nurkic,POR,28,3.2,5.2,62.5,0.8,1.9,41.6,0.2,0.3,52.9,0.0,0.1,50.0,0.1,0.2,27.3,0.1,0.3,33.3,0.7,2.0,36.9
289,KZ Okpala,SAC,23,0.2,0.3,75.0,0.1,0.2,33.3,0.0,0.1,25.0,0.1,0.2,40.0,0.1,0.3,50.0,0.2,0.4,45.5,0.1,0.3,22.2
290,Kai Jones,CHA,22,1.2,1.5,79.1,0.2,0.6,34.6,0.0,0.2,12.5,0.0,0.1,33.3,0.0,0.1,20.0,0.0,0.2,25.0,0.0,0.3,18.2
291,Karl-Anthony Towns,MIN,27,2.9,3.8,76.1,1.5,3.6,41.9,0.9,1.8,51.0,0.1,0.5,14.3,0.0,0.2,20.0,0.1,0.7,15.8,1.9,5.0,38.9
292,Kawhi Leonard,LAC,31,1.9,2.9,66.4,2.2,4.0,54.1,2.5,5.0,49.2,0.3,0.5,59.3,0.2,0.4,45.5,0.5,0.9,53.1,1.5,3.8,39.2
293,Keegan Murray,SAC,22,1.3,2.1,63.3,0.3,0.9,39.1,0.2,0.6,35.6,0.5,1.1,44.9,0.3,0.8,38.3,0.8,1.9,42.3,1.8,4.4,40.3
294,Keita Bates-Diop,SAS,27,2.0,2.9,67.9,0.7,1.7,40.4,0.0,0.2,18.8,0.2,0.6,28.6,0.2,0.4,48.1,0.4,1.0,37.1,0.5,1.2,41.3
295,Keldon Johnson,SAS,23,3.7,6.0,62.3,1.7,4.1,42.1,0.4,1.1,35.8,0.4,1.0,38.3,0.2,0.6,35.1,0.6,1.5,37.1,1.5,4.9,31.6
296,Kelly Olynyk,UTA,31,1.7,2.4,69.8,0.9,1.9,46.9,0.2,0.5,38.7,0.2,0.4,44.0,0.2,0.4,44.0,0.3,0.7,44.0,1.0,2.7,38.2
297,Kelly Oubre Jr.,CHA,27,3.1,5.2,60.4,1.3,3.3,39.2,0.7,1.5,44.4,0.4,1.0,42.0,0.4,1.2,35.1,0.9,2.2,38.3,1.4,4.8,28.9
298,Kemba Walker,DAL,32,0.9,1.4,61.5,0.4,0.9,50.0,0.6,1.0,62.5,0.0,0.1,0.0,0.1,0.3,50.0,0.1,0.3,33.3,0.7,2.8,24.0
299,Kendall Brown,IND,19,0.5,0.5,100.0,0.0,0.3,0.0,0.2,0.2,100,0.0,0.0,0.0,0.0,0.5,0.0,0.0,0.3,0.0,0.0,0.0,0.0
300,Kendrick Nunn,WAS,27,0.8,1.3,63.1,0.5,1.1,40.0,0.4,0.9,42.9,0.2,0.5,30.0,0.2,0.4,39.1,0.3,0.8,34.0,0.9,2.4,36.1
301,Kennedy Chandler,MEM,20,0.6,1.0,54.3,0.3,0.9,39.3,0.1,0.2,60.0,0.0,0.1,0.0,0.0,0.0,0.0,0.0,0.1,0.0,0.1,0.4,15.4
302,Kenneth Lofton Jr.,MEM,20,1.6,2.1,77.1,0.1,0.4,33.3,0.2,1.0,15.8,0.1,0.1,100,0.0,0.2,0.0,0.1,0.2,33.3,0.2,0.6,35.7
303,Kenrich Williams,OKC,28,1.7,2.5,69.2,0.4,0.8,46.3,0.4,0.8,47.6,0.2,0.5,40.0,0.2,0.5,47.8,0.4,0.9,43.8,0.5,1.6,34.1
304,Kentavious Caldwell-Pope,DEN,30,1.0,1.6,62.8,0.3,0.8,43.9,0.8,1.8,41.6,0.4,1.0,40.5,0.3,0.7,41.1,0.7,1.8,40.7,1.0,2.4,43.6
305,Kenyon Martin Jr.,HOU,22,3.5,4.7,75.5,0.6,1.5,44.2,0.0,0.0,0.0,0.1,0.4,40.0,0.1,0.3,30.4,0.2,0.6,35.8,0.6,2.0,30.1
306,Keon Ellis,SAC,23,0.0,0.0,0.0,0.1,0.2,33.3,0.0,0.1,0.0,0.1,0.1,100,0.0,0.1,0.0,0.1,0.2,50.0,0.3,0.7,50.0
307,Keon Johnson,POR,21,0.7,1.1,62.8,0.2,1.0,21.2,0.1,0.6,23.8,0.1,0.3,37.5,0.2,0.8,20.0,0.2,0.9,25.0,0.5,1.3,40.4
308,Kessler Edwards,SAC,22,0.4,0.6,70.0,0.1,0.3,27.3,0.1,0.2,28.6,0.1,0.6,14.3,0.2,0.3,71.4,0.3,0.8,33.3,0.3,1.1,29.4
309,Kevin Durant,PHX,34,1.8,2.2,79.0,2.6,4.3,62.0,3.9,7.0,56.0,0.1,0.2,66.7,0.1,0.2,44.4,0.2,0.4,55.6,1.8,4.5,39.2
310,Kevin Huerter,SAC,24,1.4,1.9,73.2,1.0,1.8,57.1,0.5,1.1,42.7,0.3,0.7,40.4,0.2,0.5,44.1,0.5,1.1,41.9,2.3,5.6,40.0
311,Kevin Knox II,POR,23,1.0,1.5,69.2,0.2,0.5,42.4,0.2,0.4,47.8,0.2,0.6,37.9,0.2,0.7,30.0,0.4,1.2,33.3,0.7,1.8,35.3
312,Kevin Love,MIA,34,0.5,0.9,58.5,0.3,0.6,53.8,0.2,0.6,40.5,0.2,0.5,44.8,0.1,0.4,27.3,0.3,0.8,37.3,1.3,3.9,32.4
313,Kevin Porter Jr.,HOU,22,2.1,3.2,65.4,1.4,3.6,39.3,0.7,1.6,43.3,0.2,0.4,61.9,0.2,0.4,36.0,0.4,0.8,47.8,2.0,5.7,35.2
314,Kevon Harris,ORL,25,0.8,1.4,56.3,0.1,0.4,30.8,0.0,0.1,0.0,0.2,0.4,54.5,0.0,0.1,33.3,0.2,0.4,50.0,0.3,0.9,31.0
315,Kevon Looney,GSW,27,2.3,3.2,71.6,0.5,1.2,45.3,0.1,0.3,41.7,0.0,0.0,0.0,0.0,0.0,0.0,0.0,0.0,0.0,0.0,0.0,0.0
316,Khem Birch,SAS,30,0.6,0.8,80.0,0.3,0.6,50.0,0.0,0.2,0.0,0.1,0.1,50.0,0.0,0.0,0.0,0.1,0.1,50.0,0.0,0.0,0.0
317,Khris Middleton,MIL,31,1.3,1.9,66.7,1.0,2.1,45.7,1.6,3.4,46.8,0.2,0.4,35.7,0.1,0.3,44.4,0.3,0.7,39.1,1.3,4.2,30.2
318,Killian Hayes,DET,21,0.7,1.2,55.3,1.4,3.3,43.2,0.9,2.4,36.2,0.1,0.5,20.5,0.1,0.5,27.0,0.2,1.0,23.7,0.8,2.8,29.5
319,Kira Lewis Jr.,NOP,22,0.6,1.1,55.6,0.1,0.6,21.4,0.3,0.5,53.8,0.1,0.2,66.7,0.1,0.2,66.7,0.2,0.3,66.7,0.4,1.1,40.7
320,Klay Thompson,GSW,33,1.0,1.6,64.8,1.0,2.3,44.3,1.5,3.7,41.0,0.3,0.9,35.5,0.4,1.0,44.9,0.8,1.9,40.5,3.6,8.7,41.4
321,Kobi Simmons,CHA,25,0.0,0.2,0.0,0.0,0.0,0.0,0.0,0.0,0.0,0.0,0.0,0.0,0.0,0.0,0.0,0.0,0.0,0.0,0.2,1.0,20.0
322,Kris Dunn,UTA,29,1.6,2.4,66.0,2.9,5.6,51.2,0.0,0.2,25.0,0.0,0.1,33.3,0.0,0.1,50.0,0.1,0.2,40.0,0.7,1.4,48.4
323,Kristaps Porzingis,WAS,27,2.4,3.3,72.9,1.9,4.0,49.0,1.4,2.9,46.1,0.1,0.1,66.7,0.1,0.2,40.0,0.2,0.3,47.6,2.0,5.1,38.1
324,Kyle Anderson,MIN,29,1.3,2.2,60.4,1.5,3.0,52.2,0.2,0.5,31.4,0.1,0.3,27.3,0.3,0.4,58.6,0.3,0.8,45.1,0.3,0.8,37.7
325,Kyle Kuzma,WAS,27,3.1,4.4,69.3,1.8,4.1,44.2,0.6,1.8,34.5,0.5,1.2,40.8,0.3,0.7,40.4,0.8,1.9,40.7,1.7,5.5,30.6
326,Kyle Lowry,MIA,37,0.8,1.4,57.0,0.5,1.1,50.0,0.3,0.7,40.5,0.3,0.7,43.6,0.2,0.3,47.4,0.5,1.1,44.8,1.5,4.5,32.0
327,Kyrie Irving,DAL,31,2.7,4.0,68.5,2.3,4.3,53.7,1.8,3.5,49.5,0.2,0.5,40.6,0.1,0.5,29.6,0.4,1.0,35.6,2.8,7.3,38.4
328,LaMelo Ball,CHA,21,2.3,4.2,54.0,1.1,3.2,33.0,0.9,2.0,45.2,0.4,0.9,42.4,0.2,0.6,27.3,0.6,1.5,36.4,3.4,9.1,38.0
329,Lamar Stevens,CLE,25,1.1,1.8,61.3,0.3,0.8,36.2,0.2,0.6,40.0,0.1,0.6,24.2,0.2,0.6,30.0,0.3,1.1,27.0,0.2,0.5,40.6
330,Landry Shamet,PHX,26,0.6,1.3,48.0,0.2,0.5,35.0,0.2,0.8,22.6,0.3,0.7,42.3,0.3,0.5,55.0,0.6,1.2,47.8,1.3,3.8,34.9
331,Larry Nance Jr.,NOP,30,2.0,2.6,74.4,0.6,1.1,54.2,0.1,0.3,30.0,0.0,0.1,42.9,0.1,0.3,41.2,0.2,0.4,41.7,0.0,0.3,17.6
332,Lauri Markkanen,UTA,25,3.5,5.0,69.6,1.7,3.5,47.0,0.5,1.1,45.2,0.5,0.9,55.7,0.3,0.6,40.5,0.8,1.6,49.5,2.3,6.2,36.6
333,LeBron James,LAL,38,6.2,8.4,74.3,1.3,3.2,41.4,1.4,3.8,36.4,0.1,0.2,23.1,0.1,0.3,36.8,0.2,0.6,31.3,2.0,6.3,31.7
334,Leandro Bolmaro,UTA,22,0.1,0.4,16.7,0.2,0.5,28.6,0.0,0.3,0.0,0.0,0.0,0.0,0.0,0.0,0.0,0.0,0.0,0.0,0.0,0.3,0.0
335,Lester Quinones,GSW,22,0.0,0.0,0.0,0.0,0.3,0.0,0.0,0.0,0.0,0.0,0.3,0.0,0.0,0.0,0.0,0.0,0.3,0.0,0.5,0.8,66.7
336,Lindell Wigginton,MIL,25,0.9,1.3,66.7,0.6,1.0,57.1,0.3,0.5,66.7,0.0,0.0,0.0,0.2,0.4,50.0,0.2,0.4,50.0,0.7,2.3,31.3
337,Lindy Waters III,OKC,25,0.2,0.3,72.7,0.1,0.1,66.7,0.1,0.1,100,0.3,0.6,60.0,0.1,0.3,30.0,0.4,0.8,50.0,1.0,3.2,32.8
338,Lonnie Walker IV,LAL,24,1.6,2.6,63.6,0.5,1.2,40.3,0.5,1.2,39.7,0.3,0.6,51.6,0.3,0.8,32.5,0.5,1.3,40.8,1.1,3.1,35.2
339,Louis King,PHI,24,2.0,2.0,100.0,0.0,1.0,0.0,2.0,2.0,100,1.0,1.0,100,0.0,0.0,0.0,1.0,1.0,100,3.0,7.0,42.9
340,Luguentz Dort,OKC,23,2.1,4.3,48.6,0.5,1.6,30.8,0.2,0.4,48.5,0.3,0.7,44.0,0.2,0.7,36.0,0.5,1.4,40.0,1.3,4.1,30.6
341,Luka Doncic,DAL,24,3.4,4.8,72.1,3.3,5.7,57.0,1.4,3.3,42.3,0.0,0.2,20.0,0.0,0.1,33.3,0.1,0.4,25.0,2.7,7.7,35.2
342,Luka Garza,MIN,24,1.3,1.6,77.8,0.4,0.9,41.7,0.1,0.3,50.0,0.0,0.1,0.0,0.1,0.1,100,0.0,0.1,33.3,0.5,1.3,36.1
343,Luka Samanic,UTA,23,2.1,2.6,83.3,0.4,0.9,50.0,0.0,0.3,0.0,0.3,0.7,40.0,0.0,0.5,0.0,0.3,1.1,25.0,0.9,3.3,26.1
344,Luke Kennard,MEM,26,0.3,0.5,50.0,0.4,0.7,51.2,0.3,0.6,44.7,0.2,0.5,42.3,0.3,0.6,54.8,0.5,1.0,49.1,1.8,3.6,49.8
345,Luke Kornet,BOS,27,1.4,1.9,75.0,0.2,0.4,53.8,0.0,0.0,0.0,0.0,0.0,0.0,0.0,0.1,33.3,0.0,0.1,25.0,0.0,0.1,25.0
346,Mac McClung,PHI,24,2.5,3.5,71.4,0.0,0.5,0.0,0.0,0.5,0.0,0.0,0.5,0.0,0.5,1.5,33.3,0.5,2.0,25.0,1.5,3.5,42.9
347,Malachi Flynn,TOR,24,0.4,0.8,52.5,0.2,0.7,31.6,0.1,0.6,22.6,0.1,0.2,28.6,0.2,0.4,52.9,0.2,0.5,45.8,0.7,2.1,33.0
348,Malaki Branham,SAS,19,1.2,1.9,63.4,1.1,2.0,51.9,0.7,1.5,44.9,0.2,0.5,40.0,0.1,0.4,36.0,0.3,0.8,38.2,0.8,3.0,28.0
349,Malcolm Brogdon,BOS,30,1.7,3.0,56.9,1.0,2.2,44.3,0.6,1.3,48.8,0.2,0.4,53.6,0.1,0.4,29.2,0.3,0.8,42.3,1.6,3.7,44.9
350,Malcolm Hill,CHI,27,0.3,0.3,100.0,0.0,0.0,0.0,0.0,0.0,0.0,0.0,1.0,0.0,0.0,0.0,0.0,0.0,0.3,0.0,0.3,0.5,50.0
351,Malik Beasley,LAL,26,0.5,0.7,71.4,0.7,1.6,45.7,0.5,1.2,39.6,0.2,0.6,34.8,0.4,1.0,35.9,0.6,1.6,35.5,2.3,6.5,35.7
352,Malik Monk,SAC,25,1.8,2.8,63.8,0.6,1.5,39.7,0.4,0.8,45.3,0.2,0.5,42.5,0.2,0.4,46.7,0.4,0.9,44.3,1.5,4.2,34.4
353,Mamadi Diakite,CLE,26,0.5,0.7,73.3,0.2,0.5,50.0,0.1,0.2,25.0,0.1,0.4,20.0,0.1,0.4,20.0,0.1,0.7,20.0,0.3,0.6,45.5
354,MarJon Beauchamp,MIL,22,0.7,1.2,60.7,0.1,0.3,26.7,0.2,0.5,32.0,0.2,0.6,30.8,0.4,0.9,39.4,0.5,1.3,35.6,0.5,1.6,31.7
355,Marcus Morris Sr.,LAC,33,0.5,0.8,63.0,0.9,2.0,46.9,1.0,2.3,44.1,0.2,0.9,26.8,0.1,0.3,43.8,0.3,1.1,30.6,1.4,3.6,38.6
356,Marcus Smart,BOS,29,1.2,1.8,66.4,0.9,2.0,41.9,0.2,0.4,38.5,0.2,0.7,33.3,0.2,0.5,37.0,0.4,1.1,34.8,1.5,4.4,33.7
357,Mark Williams,CHA,21,3.1,4.3,71.0,0.5,1.2,43.4,0.1,0.3,41.7,0.0,0.0,0.0,0.0,0.0,0.0,0.0,0.0,0.0,0.0,0.0,0.0
358,Markelle Fultz,ORL,24,2.7,4.2,64.8,1.5,3.0,50.3,1.2,2.7,42.6,0.2,0.4,39.1,0.1,0.2,33.3,0.2,0.5,37.5,0.3,0.9,28.3
359,Markieff Morris,DAL,33,0.1,0.2,62.5,0.1,0.3,20.0,0.4,0.8,46.2,0.1,0.3,30.0,0.2,0.5,42.9,0.3,0.7,37.5,0.5,1.3,40.4
360,Marko Simonovic,CHI,23,0.0,0.0,0.0,0.3,0.8,33.3,0.0,0.0,0.0,0.0,0.0,0.0,0.0,0.0,0.0,0.0,0.0,0.0,0.1,0.6,25.0
361,Marvin Bagley III,DET,24,2.5,3.5,71.9,1.5,3.0,49.2,0.4,1.0,35.7,0.1,0.3,23.1,0.1,0.2,50.0,0.1,0.5,31.6,0.3,1.1,28.3
362,Mason Plumlee,LAC,33,3.6,4.9,73.6,0.4,1.0,42.9,0.1,0.2,52.9,0.0,0.0,0.0,0.0,0.0,0.0,0.0,0.0,0.0,0.0,0.0,0.0
363,Matisse Thybulle,POR,26,0.7,1.1,59.5,0.1,0.3,30.4,0.0,0.0,66.7,0.3,0.7,35.9,0.3,0.7,35.9,0.5,1.3,35.9,0.4,1.0,37.7
364,Matt Ryan,MIN,25,0.1,0.2,80.0,0.0,0.2,20.0,0.1,0.5,21.4,0.4,0.7,61.1,0.2,0.6,41.7,0.6,1.1,53.3,0.5,1.6,29.6
365,Matthew Dellavedova,SAC,32,0.1,0.2,60.0,0.1,0.5,26.7,0.0,0.1,33.3,0.1,0.1,100,0.1,0.2,33.3,0.1,0.2,60.0,0.2,0.7,27.3
366,Max Christie,LAL,20,0.2,0.5,42.1,0.1,0.3,33.3,0.2,0.3,46.2,0.2,0.4,45.5,0.3,0.6,38.9,0.4,0.9,41.4,0.4,0.8,42.4
367,Max Strus,MIA,27,1.1,1.7,65.2,0.4,0.9,45.7,0.1,0.2,26.3,0.5,1.0,46.3,0.4,1.0,43.8,0.9,2.1,45.1,1.6,5.0,30.9
368,Maxi Kleber,DAL,31,0.8,1.2,70.5,0.1,0.2,50.0,0.1,0.2,57.1,0.1,0.4,31.3,0.1,0.5,23.5,0.2,0.9,27.3,0.8,2.1,38.0
369,McKinley Wright IV,DAL,24,0.8,1.2,65.5,0.5,1.2,46.4,0.2,0.5,38.5,0.0,0.1,33.3,0.0,0.2,25.0,0.1,0.3,28.6,0.3,0.7,35.0
370,Meyers Leonard,MIL,31,0.6,0.9,62.5,0.2,0.2,100,0.0,0.1,0.0,0.0,0.2,0.0,0.0,0.3,0.0,0.0,0.4,0.0,0.8,1.7,46.7
371,Mfiondu Kabengele,BOS,25,0.5,0.8,66.7,0.0,0.3,0.0,0.0,0.0,0.0,0.0,1.0,0.0,0.0,0.0,0.0,0.0,0.3,0.0,0.0,0.5,0.0
372,Micah Potter,UTA,25,0.6,0.6,100.0,0.3,0.6,50.0,0.0,0.0,0.0,0.2,0.2,100,0.0,0.0,0.0,0.1,0.1,100,0.4,0.9,50.0
373,Michael Carter-Williams,ORL,31,0.8,1.0,75.0,0.5,1.8,28.6,0.0,0.0,0.0,0.0,0.0,0.0,0.0,0.3,0.0,0.0,0.3,0.0,0.3,0.5,50.0
374,Michael Foster Jr.,PHI,20,0.0,0.0,0.0,-,-,-,0.0,0.0,0.0,-,-,-,-,-,-,-,-,-,-,-,-
375,Michael Porter Jr.,DEN,24,2.1,2.7,75.7,0.5,1.1,41.4,0.9,2.0,42.4,0.5,0.9,50.0,0.3,0.6,60.6,0.8,1.4,53.9,2.3,5.8,38.7
376,Mikal Bridges,BKN,26,2.0,3.0,67.6,1.7,3.8,43.8,1.5,3.2,45.3,0.6,1.3,48.1,0.5,1.1,40.4,1.1,2.4,44.4,1.0,3.0,33.5
377,Mike Conley,MIN,35,0.6,1.1,58.9,1.0,2.2,43.8,0.3,0.6,47.6,0.1,0.3,55.6,0.3,0.6,57.5,0.5,0.9,56.9,1.5,4.3,34.9
378,Mike Muscala,BOS,31,0.4,0.5,69.7,0.2,0.5,51.7,0.2,0.4,52.2,0.2,0.5,41.4,0.2,0.4,38.1,0.3,0.8,40.0,1.0,2.5,38.9
379,Miles McBride,NYK,22,0.4,0.7,57.5,0.1,0.3,42.1,0.1,0.4,27.3,0.3,0.6,46.4,0.1,0.4,31.8,0.4,0.9,40.0,0.3,1.3,24.1
380,Mitchell Robinson,NYK,25,3.1,4.6,67.7,0.1,0.2,60.0,0.0,0.0,0.0,0.0,0.0,0.0,0.0,0.0,0.0,0.0,0.0,0.0,0.0,0.0,0.0
381,Mo Bamba,LAL,24,1.3,1.9,67.8,0.1,0.3,37.5,0.1,0.3,28.6,0.0,0.1,0.0,0.1,0.3,41.7,0.1,0.3,33.3,0.9,2.2,39.4
382,Monte Morris,WAS,27,1.0,1.4,72.6,0.9,1.8,48.6,0.9,1.9,47.1,0.2,0.5,44.1,0.1,0.3,38.9,0.4,0.8,42.3,0.9,2.4,36.7
383,Montrezl Harrell,PHI,29,1.8,2.6,67.5,0.4,0.8,48.9,0.0,0.1,14.3,0.0,0.0,0.0,0.0,0.0,0.0,0.0,0.0,0.0,0.0,0.1,0.0
384,Moritz Wagner,ORL,25,2.3,3.3,69.5,0.2,0.6,32.4,0.1,0.1,50.0,0.1,0.3,29.4,0.1,0.2,30.8,0.2,0.5,30.0,0.7,2.3,31.6
385,Moses Brown,BKN,23,1.6,2.4,66.3,0.2,0.4,50.0,0.0,0.0,0.0,0.0,0.0,0.0,0.0,0.0,0.0,0.0,0.0,0.0,0.0,0.0,0.0
386,Moses Moody,GSW,20,0.7,1.0,68.3,0.2,0.3,55.0,0.1,0.2,58.3,0.2,0.6,30.6,0.1,0.3,35.7,0.3,0.8,32.0,0.5,1.3,39.3
387,Moussa Diabate,LAC,21,0.9,1.6,54.5,0.2,0.5,45.5,0.0,0.1,0.0,0.0,0.0,0.0,0.1,0.2,50.0,0.1,0.1,50.0,0.0,0.0,0.0
388,Myles Turner,IND,27,3.1,4.3,70.6,1.5,2.7,57.1,0.4,0.8,47.9,0.0,0.1,25.0,0.2,0.3,58.8,0.2,0.4,48.0,1.3,3.6,36.3
389,Naji Marshall,NOP,25,1.3,2.2,61.4,0.9,2.1,41.0,0.2,0.3,48.0,0.2,0.6,36.4,0.2,0.6,30.4,0.4,1.2,33.3,0.5,1.6,30.1
390,Nassir Little,POR,23,0.9,1.4,63.5,0.2,0.6,32.4,0.3,0.7,48.6,0.1,0.2,36.4,0.1,0.3,41.7,0.2,0.4,39.1,0.9,2.5,36.8
391,Nathan Knight,MIN,25,0.9,1.2,73.3,0.1,0.4,35.7,0.0,0.0,0.0,0.1,0.2,40.0,0.0,0.0,0.0,0.1,0.2,33.3,0.2,0.4,37.5
392,Naz Reid,MIN,23,2.7,3.5,76.5,0.7,1.7,43.9,0.0,0.1,37.5,0.1,0.4,18.2,0.1,0.3,33.3,0.2,0.6,25.0,1.0,2.6,36.7
393,Neemias Queta,SAC,23,1.2,1.6,75.0,0.0,0.2,0.0,0.0,0.0,0.0,0.0,0.0,0.0,0.0,0.0,0.0,0.0,0.0,0.0,0.0,0.0,0.0
394,Nerlens Noel,BKN,29,0.3,0.6,50.0,0.2,0.9,20.0,0.2,0.5,44.4,0.0,0.0,0.0,0.0,0.0,0.0,0.0,0.0,0.0,0.1,0.1,50.0
395,Nic Claxton,BKN,23,4.6,5.9,77.7,0.8,1.7,48.1,0.0,0.1,42.9,0.0,0.0,0.0,0.0,0.0,0.0,0.0,0.0,0.0,0.0,0.0,0.0
396,Nick Richards,CHA,25,2.8,3.9,70.6,0.2,0.8,23.5,0.1,0.1,66.7,0.0,0.0,0.0,0.0,0.0,0.0,0.0,0.0,0.0,0.0,0.0,100
397,Nickeil Alexander-Walker,MIN,24,0.6,1.0,60.7,0.3,0.8,39.1,0.3,0.5,51.6,0.2,0.5,41.7,0.2,0.5,34.8,0.3,0.9,38.3,0.7,1.9,38.9
398,Nicolas Batum,LAC,34,0.4,0.6,63.8,0.0,0.1,42.9,0.0,0.1,27.3,0.3,0.8,35.0,0.5,0.9,49.3,0.7,1.7,42.6,0.9,2.4,37.1
399,Nikola Jokic,DEN,28,4.6,6.2,74.5,3.3,5.2,62.7,0.7,1.2,52.3,0.0,0.0,0.0,0.0,0.1,25.0,0.0,0.1,16.7,0.8,2.0,39.7
400,Nikola Jovic,MIA,19,1.0,1.3,77.8,0.2,0.7,33.3,0.2,0.5,42.9,0.1,0.4,20.0,0.2,0.6,28.6,0.3,1.0,25.0,0.4,1.8,21.7
401,Nikola Vucevic,CHI,32,2.6,3.7,70.4,2.2,3.6,59.4,1.0,2.4,42.3,0.1,0.4,40.0,0.1,0.2,60.0,0.3,0.5,46.7,1.2,3.7,33.1
402,Noah Vonleh,BOS,27,0.3,0.6,57.1,0.0,0.2,25.0,0.0,0.1,50.0,0.0,0.1,0.0,0.1,0.2,50.0,0.1,0.2,33.3,0.0,0.0,0.0
403,Norman Powell,LAC,29,2.4,3.8,63.6,0.9,2.1,43.1,0.5,1.3,39.5,0.5,1.1,45.6,0.3,0.5,53.6,0.8,1.6,47.9,1.1,3.2,36.0
404,O.G. Anunoby,TOR,25,2.9,4.4,65.1,0.8,2.2,36.5,0.5,1.1,43.2,0.6,1.3,46.7,0.4,1.0,42.9,1.1,2.4,45.0,1.0,3.0,33.8
405,Obi Toppin,NYK,25,1.4,1.9,71.3,0.1,0.5,22.6,0.0,0.2,21.4,0.3,0.9,36.7,0.3,1.0,32.8,0.6,1.8,34.7,0.7,1.9,35.2
406,Ochai Agbaji,UTA,22,0.8,1.4,57.8,0.6,1.1,52.5,0.1,0.3,31.3,0.3,0.7,39.5,0.5,1.1,50.0,0.8,1.7,45.8,0.6,2.2,27.7
407,Olivier Sarr,OKC,24,1.2,2.1,57.9,0.2,0.2,100,0.1,0.1,100,0.0,0.1,0.0,0.0,0.1,0.0,0.0,0.3,0.0,0.1,0.7,16.7
408,Omer Yurtseven,MIA,24,0.7,0.9,75.0,0.8,1.2,63.6,0.0,0.1,0.0,0.0,0.3,0.0,0.5,0.5,100,0.3,0.5,50.0,0.1,0.3,33.3
409,Onyeka Okongwu,ATL,22,3.1,4.2,73.1,0.5,1.1,43.3,0.3,0.7,48.2,0.0,0.1,0.0,0.1,0.1,57.1,0.1,0.1,36.4,0.0,0.0,0.0
410,Orlando Robinson,MIA,22,1.2,1.6,70.6,0.4,1.0,36.7,0.0,0.1,0.0,0.0,0.1,0.0,0.0,0.0,0.0,0.0,0.1,0.0,0.0,0.1,0.0
411,Oshae Brissett,IND,24,1.0,2.0,51.6,0.1,0.4,30.8,0.0,0.2,10.0,0.1,0.4,23.1,0.1,0.3,27.8,0.2,0.7,25.0,0.6,1.7,33.3
412,Otto Porter Jr.,TOR,29,0.6,0.6,100.0,0.3,0.4,66.7,0.3,0.6,40.0,0.1,0.3,50.0,0.1,0.4,33.3,0.3,0.6,40.0,0.5,1.5,33.3
413,Ousmane Dieng,OKC,19,0.9,1.3,75.5,0.3,0.7,40.7,0.1,0.2,22.2,0.2,0.7,33.3,0.1,0.2,28.6,0.3,0.8,32.1,0.4,1.7,25.8
414,P.J. Tucker,PHI,37,0.3,0.6,46.8,0.2,0.4,46.9,0.1,0.1,66.7,0.4,1.0,36.5,0.4,0.8,44.3,0.7,1.8,40.0,0.0,0.1,20.0
415,P.J. Washington,CHA,24,2.1,3.2,66.4,1.4,3.2,43.5,0.4,1.2,35.2,0.2,0.8,28.8,0.2,0.5,47.2,0.5,1.3,35.8,1.6,4.5,34.6
416,PJ Dozier,SAC,26,0.3,0.5,66.7,0.0,0.2,0.0,0.4,0.8,44.4,0.2,0.5,33.3,0.0,0.4,0.0,0.1,0.7,16.7,0.1,0.6,11.1
417,Paolo Banchero,ORL,20,3.0,4.9,62.0,1.2,3.5,35.2,1.2,3.3,37.6,0.1,0.3,42.1,0.1,0.2,23.5,0.2,0.5,33.3,1.0,3.4,29.4
418,Pascal Siakam,TOR,29,3.3,4.6,71.5,2.7,6.1,45.1,1.5,3.8,40.5,0.2,0.4,45.2,0.1,0.4,23.3,0.3,0.9,34.4,1.0,3.1,32.4
419,Pat Connaughton,MIL,30,0.8,1.2,63.5,0.1,0.3,30.0,0.0,0.1,60.0,0.2,0.7,33.3,0.4,1.2,36.1,0.7,1.9,35.1,1.1,3.5,33.2
420,Patrick Baldwin Jr.,GSW,20,0.3,0.4,81.8,0.0,0.3,0.0,0.1,0.2,40.0,0.1,0.4,20.0,0.2,0.5,37.5,0.2,0.7,27.8,0.9,2.3,40.9
421,Patrick Beverley,CHI,34,0.5,0.8,59.3,0.4,0.9,44.8,0.1,0.1,66.7,0.2,0.7,28.0,0.2,0.6,42.1,0.4,1.3,34.1,0.7,2.2,33.6
422,Patrick Williams,CHI,21,1.5,2.4,61.7,0.3,0.9,31.6,0.7,1.6,42.2,0.4,0.7,54.5,0.3,0.7,38.6,0.6,1.4,46.4,0.8,2.0,38.2
423,Patty Mills,BKN,34,0.3,0.4,70.6,0.1,0.3,50.0,0.5,1.2,41.7,0.2,0.5,36.8,0.2,0.5,43.8,0.4,0.9,40.0,0.9,2.5,35.7
424,Paul George,LAC,32,2.4,3.6,68.5,1.1,2.4,45.3,1.8,4.3,42.3,0.2,0.4,40.0,0.3,0.6,54.5,0.5,1.0,48.3,2.3,6.5,35.6
425,Paul Reed,PHI,23,1.6,2.3,69.0,0.2,0.5,31.4,0.1,0.2,38.5,0.0,0.0,0.0,0.0,0.0,0.0,0.0,0.0,0.0,0.0,0.1,20.0
426,Payton Pritchard,BOS,25,0.6,1.1,58.8,0.2,0.5,39.1,0.1,0.4,35.3,0.1,0.3,25.0,0.2,0.6,33.3,0.2,0.8,30.3,1.0,2.5,39.0
427,Peyton Watson,DEN,20,0.8,1.3,57.1,0.3,0.7,50.0,0.1,0.3,20.0,0.3,0.5,60.0,0.0,0.1,0.0,0.2,0.4,50.0,0.1,0.4,37.5
428,Precious Achiuwa,TOR,23,2.3,3.3,71.1,0.6,1.7,37.4,0.1,0.5,20.0,0.1,0.6,25.8,0.1,0.3,23.5,0.2,0.9,25.0,0.3,1.1,28.8
429,Quentin Grimes,NYK,22,1.6,2.3,71.9,0.1,0.3,26.3,0.1,0.3,30.0,0.7,1.4,48.5,0.3,0.7,37.5,0.9,2.0,44.8,1.3,3.6,35.3
430,Quenton Jackson,WAS,24,1.1,2.0,55.6,0.7,1.0,66.7,0.3,0.4,66.7,0.0,0.2,0.0,0.0,0.2,0.0,0.0,0.3,0.0,0.1,1.1,10.0
431,R.J. Hampton,DET,22,0.7,1.1,63.3,0.5,1.1,46.0,0.1,0.5,31.8,0.2,0.4,40.0,0.2,0.4,53.3,0.3,0.7,46.7,0.6,1.8,31.4
432,RJ Barrett,NYK,22,3.5,5.9,59.0,1.6,4.0,39.7,0.3,0.9,30.9,0.1,0.6,24.4,0.4,1.0,36.5,0.5,1.6,32.2,1.1,3.8,30.3
433,RaiQuan Gray,BKN,23,4.0,6.0,66.7,0.0,1.0,0.0,0.0,0.0,0.0,0.0,0.0,0.0,0.0,2.0,0.0,0.0,2.0,0.0,2.0,3.0,66.7
434,Raul Neto,CLE,30,0.6,0.9,70.0,0.3,0.4,61.9,0.1,0.1,57.1,0.1,0.1,50.0,0.1,0.1,60.0,0.1,0.2,55.6,0.1,0.7,21.9
435,Reggie Bullock,DAL,32,0.4,0.6,70.5,0.1,0.2,41.7,0.1,0.2,29.4,0.5,1.2,40.0,0.7,1.4,48.1,1.1,2.6,44.3,0.8,2.5,31.6
436,Reggie Jackson,DEN,32,1.0,1.7,56.4,1.0,2.2,46.9,0.5,1.3,36.4,0.1,0.5,25.8,0.3,0.7,45.7,0.4,1.1,37.7,1.0,3.1,31.4
437,Richaun Holmes,SAC,29,0.9,1.3,70.2,0.4,0.8,53.1,0.0,0.1,0.0,0.0,0.0,100,0.0,0.0,0.0,0.0,0.1,50.0,0.1,0.1,66.7
438,Ricky Rubio,CLE,32,0.4,1.0,37.5,0.2,0.7,31.8,0.6,1.3,50.0,0.2,0.8,25.0,0.2,0.4,41.7,0.3,1.1,30.6,0.3,1.4,22.2
439,Robert Covington,LAC,32,0.8,1.3,66.7,0.1,0.6,22.2,0.0,0.1,33.3,0.1,0.3,35.7,0.1,0.2,50.0,0.2,0.5,40.9,0.9,2.4,39.5
440,Robert Williams III,BOS,25,3.2,3.7,86.9,0.4,0.9,40.6,0.0,0.2,14.3,0.0,0.0,0.0,0.0,0.0,0.0,0.0,0.0,0.0,0.0,0.0,0.0
441,Robin Lopez,CLE,35,0.6,0.8,78.6,0.6,1.1,55.0,0.1,0.1,66.7,0.0,0.0,0.0,0.1,0.1,100,0.0,0.0,100,0.0,0.1,33.3
442,Rodney McGruder,DET,31,0.5,0.7,65.2,0.2,0.8,20.8,0.1,0.3,22.2,0.4,1.0,37.0,0.2,0.6,35.3,0.5,1.5,36.4,0.8,1.6,46.2
443,Romeo Langford,SAS,23,1.4,2.2,66.7,0.7,1.9,37.0,0.3,0.6,54.2,0.2,0.5,35.3,0.1,0.5,27.8,0.3,0.8,31.4,0.1,0.6,19.2
444,Ron Harper Jr.,TOR,22,0.5,0.6,80.0,0.1,0.3,50.0,0.0,0.0,0.0,0.4,0.6,66.7,0.0,0.2,0.0,0.3,0.5,50.0,0.1,0.6,20.0
445,Royce O'Neale,BKN,29,0.6,1.4,44.9,0.2,0.8,29.5,0.0,0.1,14.3,0.2,0.5,31.7,0.1,0.4,39.3,0.3,0.9,34.8,1.8,4.6,39.9
446,Rudy Gay,UTA,36,0.4,0.7,61.0,0.5,0.9,50.0,0.4,1.1,39.1,0.1,0.3,37.5,0.2,0.5,27.6,0.3,0.8,31.1,0.3,1.5,22.4
447,Rudy Gobert,MIN,30,4.8,6.5,72.9,0.3,1.1,31.2,0.0,0.1,25.0,0.0,0.0,0.0,0.0,0.0,0.0,0.0,0.0,0.0,0.0,0.0,0.0
448,Rui Hachimura,LAL,25,1.9,2.9,67.8,0.7,1.7,39.6,1.1,2.2,50.0,0.2,0.7,33.3,0.1,0.2,35.7,0.3,0.8,34.0,0.5,1.7,30.8
449,Russell Westbrook,LAC,34,3.2,5.4,58.7,0.8,2.2,36.4,0.7,2.0,34.9,0.1,0.6,22.2,0.1,0.4,29.6,0.2,1.0,25.0,1.0,2.9,33.3
450,Ryan Arcidiacono,POR,29,0.0,0.1,0.0,0.1,0.5,12.5,0.0,0.2,0.0,0.0,0.1,0.0,0.0,0.0,0.0,0.0,0.1,0.0,0.4,1.1,36.4
451,Ryan Rollins,GSW,20,0.3,0.9,37.5,0.1,0.3,33.3,0.0,0.0,0.0,0.0,0.4,0.0,0.1,0.3,50.0,0.1,0.5,20.0,0.2,0.4,50.0
452,Saben Lee,PHX,23,1.2,2.6,46.0,0.3,0.9,33.3,0.1,0.3,28.6,0.1,0.4,37.5,0.1,0.1,100,0.2,0.4,44.4,0.3,0.8,33.3
453,Saddiq Bey,ATL,24,1.9,3.1,60.6,0.5,1.3,35.0,0.3,1.0,29.1,0.6,1.5,40.2,0.3,0.5,48.7,0.8,2.0,42.4,1.1,3.4,33.3
454,Sam Hauser,BOS,25,0.4,0.5,82.5,0.1,0.2,38.5,0.0,0.1,25.0,0.4,0.8,50.0,0.3,0.7,36.7,0.6,1.4,43.9,1.2,2.8,41.2
455,Sam Merrill,CLE,26,0.4,0.4,100.0,0.2,0.2,100,0.2,0.2,100,0.0,0.0,0.0,0.0,0.3,0.0,0.0,0.3,0.0,1.0,3.4,29.4
456,Sandro Mamukelashvili,SAS,23,1.2,2.1,58.2,0.2,0.7,33.3,0.1,0.2,40.0,0.1,0.3,40.0,0.1,0.3,30.0,0.2,0.6,35.0,0.5,1.8,29.1
457,Santi Aldama,MEM,22,1.4,2.1,68.1,0.4,1.0,45.9,0.1,0.3,36.4,0.3,0.8,37.9,0.2,0.7,33.3,0.5,1.4,35.8,0.7,2.0,35.3
458,Scottie Barnes,TOR,21,2.9,4.5,65.3,1.7,4.1,42.2,0.6,1.7,32.1,0.2,0.4,41.9,0.1,0.6,23.9,0.3,1.0,31.2,0.5,1.8,26.8
459,Scotty Pippen Jr.,LAL,22,0.4,0.8,50.0,0.2,0.3,50.0,0.0,0.5,0.0,0.0,0.2,0.0,0.0,0.0,0.0,0.0,0.2,0.0,0.2,0.3,50.0
460,Serge Ibaka,MIL,33,0.9,1.2,78.9,0.2,0.7,27.3,0.1,0.4,33.3,0.0,0.1,0.0,0.1,0.1,100,0.1,0.2,50.0,0.3,1.0,31.3
461,Seth Curry,BKN,32,0.3,0.6,61.8,0.3,0.5,50.0,1.3,2.5,51.0,0.2,0.5,33.3,0.3,0.6,48.4,0.4,1.0,41.0,1.1,2.8,40.4
462,Shaedon Sharpe,POR,19,1.8,2.6,67.9,0.3,0.8,38.5,0.5,1.1,40.7,0.2,0.7,34.7,0.3,0.6,44.9,0.5,1.2,39.8,0.8,2.3,34.4
463,Shai Gilgeous-Alexander,OKC,24,4.7,7.3,63.5,3.3,6.9,48.2,1.5,3.6,42.1,0.0,0.1,30.0,0.0,0.1,14.3,0.1,0.3,23.5,0.8,2.2,36.0
464,Shake Milton,PHI,26,1.4,2.3,62.9,0.7,1.8,41.4,0.3,0.6,42.6,0.2,0.4,39.3,0.0,0.2,8.3,0.2,0.5,30.0,0.6,1.4,41.9
465,Shaquille Harrison,LAL,29,1.6,3.2,50.0,0.6,1.2,50.0,0.2,0.8,25.0,0.2,0.2,100,0.0,0.0,0.0,0.2,0.2,100,0.4,1.8,22.2
466,Simone Fontecchio,UTA,27,0.5,0.9,52.1,0.3,0.8,38.1,0.2,0.6,35.5,0.2,0.4,41.2,0.3,0.8,38.7,0.4,1.1,39.6,0.9,2.8,30.8
467,Skylar Mays,POR,25,1.8,3.2,57.9,1.2,2.3,50.0,0.7,1.5,44.4,0.2,0.7,25.0,0.0,0.2,0.0,0.2,0.8,20.0,1.8,3.5,52.4
468,Spencer Dinwiddie,BKN,30,1.9,3.1,60.5,1.0,2.5,38.5,0.7,1.4,46.0,0.3,0.5,61.0,0.3,0.7,44.2,0.6,1.2,51.6,1.7,5.0,33.7
469,Stanley Johnson,SAS,26,1.0,1.4,70.7,0.5,1.0,45.2,0.1,0.3,40.0,0.2,0.3,44.4,0.2,0.2,83.3,0.3,0.5,60.0,0.3,0.8,37.5
470,Stanley Umude,DET,23,0.0,0.0,0.0,0.0,0.0,0.0,0.0,0.0,0.0,0.0,0.0,0.0,0.0,1.0,0.0,0.0,1.0,0.0,0.0,0.0,0.0
471,Stephen Curry,GSW,35,2.2,3.0,72.9,1.7,3.4,51.3,1.2,2.4,47.8,0.4,0.7,57.9,0.3,0.5,63.0,0.7,1.2,60.0,4.2,10.1,41.3
472,Sterling Brown,LAL,28,0.0,0.5,0.0,0.0,0.0,0.0,0.0,0.0,0.0,0.0,0.3,0.0,0.0,0.0,0.0,0.0,0.3,0.0,0.0,0.3,0.0
473,Steven Adams,MEM,29,3.0,4.8,63.1,0.7,1.4,50.9,0.0,0.0,0.0,0.0,0.0,0.0,0.0,0.0,0.0,0.0,0.0,0.0,0.0,0.0,0.0
474,Svi Mykhailiuk,CHA,25,0.9,1.3,65.8,0.0,0.6,5.9,0.3,0.7,47.4,0.3,1.0,30.4,0.4,0.5,66.7,0.5,1.3,42.9,0.8,2.0,42.2
475,T.J. McConnell,IND,31,1.8,2.8,64.6,1.0,2.1,48.4,0.6,1.2,47.3,0.1,0.1,62.5,0.1,0.1,55.6,0.1,0.2,58.8,0.2,0.6,38.1
476,T.J. Warren,PHX,29,0.9,1.2,68.6,0.9,1.9,46.3,0.9,1.7,52.8,0.2,0.4,46.7,0.0,0.3,8.3,0.2,0.7,29.6,0.3,1.0,35.0
477,Taj Gibson,WAS,37,0.7,1.0,70.8,0.2,0.6,37.9,0.3,0.5,50.0,0.1,0.2,66.7,0.0,0.2,20.0,0.1,0.3,45.5,0.1,0.3,23.1
478,Talen Horton-Tucker,UTA,22,1.8,3.1,57.2,1.0,2.4,42.7,0.3,0.8,32.7,0.2,0.4,45.5,0.0,0.2,10.0,0.2,0.5,34.4,0.7,2.6,28.3
479,Tari Eason,HOU,21,2.5,4.2,57.8,0.4,1.5,27.6,0.0,0.2,16.7,0.1,0.3,34.6,0.1,0.3,37.5,0.2,0.6,36.0,0.5,1.5,33.6
480,Taurean Prince,MIN,29,1.2,1.9,64.4,0.4,0.9,47.1,0.3,0.6,42.4,0.4,0.8,44.4,0.3,0.7,42.1,0.7,1.6,43.4,0.7,2.0,34.5
481,Terance Mann,LAC,26,1.9,2.6,72.2,0.3,0.9,31.6,0.2,0.5,47.4,0.2,0.6,28.6,0.3,0.8,37.3,0.4,1.3,33.7,0.5,1.2,44.2
482,Terence Davis,SAC,25,0.7,1.2,60.0,0.2,0.4,44.0,0.1,0.3,42.9,0.3,0.7,40.5,0.2,0.5,36.0,0.4,1.0,38.7,1.0,2.8,36.1
483,Terrence Ross,PHX,32,0.2,0.4,60.9,0.5,1.0,49.2,0.9,1.9,50.0,0.4,0.8,47.9,0.1,0.4,34.8,0.5,1.2,43.7,1.0,3.0,34.0
484,Terry Rozier,CHA,29,2.7,4.6,57.6,1.5,3.7,39.5,1.1,2.5,43.1,0.5,1.6,28.2,0.3,0.8,32.7,0.7,2.4,29.6,1.9,5.6,34.2
485,Terry Taylor,CHI,23,1.0,1.4,72.5,0.2,0.6,33.3,0.0,0.0,0.0,0.1,0.3,20.0,0.0,0.1,33.3,0.1,0.4,25.0,0.1,0.4,27.3
486,Thaddeus Young,TOR,34,1.1,1.5,74.7,0.7,1.3,49.3,0.1,0.2,50.0,0.0,0.4,11.1,0.1,0.1,50.0,0.1,0.5,20.8,0.0,0.2,11.1
487,Thanasis Antetokounmpo,MIL,30,0.5,0.9,56.7,0.1,0.2,50.0,0.0,0.1,0.0,0.0,0.1,0.0,0.0,0.2,0.0,0.0,0.2,0.0,0.0,0.1,0.0
488,Theo Maledon,CHA,21,0.8,1.5,56.9,0.7,1.8,38.0,0.2,0.3,46.7,0.0,0.1,0.0,0.0,0.1,0.0,0.0,0.2,0.0,0.6,2.0,32.6
489,Theo Pinson,DAL,27,0.2,0.4,42.9,0.1,0.3,22.2,0.0,0.1,50.0,0.3,0.4,71.4,0.0,0.1,0.0,0.2,0.3,55.6,0.4,1.4,32.1
490,Thomas Bryant,DEN,25,2.5,3.2,77.2,0.7,1.3,50.0,0.3,0.7,44.2,0.0,0.1,40.0,0.1,0.2,50.0,0.1,0.2,46.2,0.3,0.8,44.4
491,Tim Hardaway Jr.,DAL,31,0.8,1.6,52.6,0.4,1.2,36.6,0.5,1.4,37.6,0.5,1.1,41.6,0.4,1.1,35.5,0.8,2.2,38.6,2.2,5.5,38.9
492,Tobias Harris,PHI,30,2.4,3.5,67.6,1.2,2.5,47.0,0.4,1.0,44.0,0.2,0.8,29.3,0.5,1.0,49.4,0.7,1.8,40.7,1.0,2.5,37.8
493,Tony Bradley,CHI,25,0.3,0.5,60.0,0.0,0.0,0.0,0.0,0.2,0.0,0.3,0.5,50.0,0.1,0.3,50.0,0.2,0.4,50.0,0.1,0.1,100
494,Torrey Craig,PHX,32,1.2,1.8,64.4,0.3,1.0,35.5,0.1,0.3,28.0,0.4,0.9,43.5,0.3,0.7,45.3,0.7,1.5,44.3,0.6,1.6,35.4
495,Trae Young,ATL,24,2.1,3.8,54.3,2.7,5.7,46.3,1.3,3.2,41.9,0.0,0.1,14.3,0.1,0.3,33.3,0.1,0.3,28.0,2.0,5.9,34.0
496,Tre Jones,SAS,23,2.3,3.7,62.2,1.5,3.6,41.3,0.6,1.3,43.2,0.1,0.3,27.3,0.1,0.5,22.6,0.2,0.8,24.5,0.5,1.5,30.8
497,Tre Mann,OKC,22,0.8,1.3,61.4,0.6,1.6,37.4,0.3,0.7,44.9,0.2,0.3,50.0,0.1,0.2,42.9,0.2,0.5,47.1,1.0,3.3,29.4
498,Trendon Watford,POR,22,1.5,2.3,65.0,1.0,1.8,55.1,0.1,0.2,44.4,0.0,0.1,20.0,0.0,0.1,33.3,0.0,0.1,25.0,0.4,0.9,41.1
499,Trent Forrest,ATL,24,0.3,0.9,40.0,0.7,1.6,44.4,0.0,0.1,50.0,0.0,0.0,0.0,0.0,0.1,0.0,0.0,0.0,0.0,0.0,0.0,0.0
500,Trevelin Queen,IND,26,0.7,1.3,55.6,0.0,0.6,0.0,0.0,0.2,0.0,0.2,0.4,50.0,0.0,0.0,0.0,0.2,0.3,50.0,0.1,1.9,7.7
501,Trevor Hudgins,HOU,24,0.0,0.0,0.0,0.0,0.2,0.0,0.0,0.0,0.0,0.0,0.0,0.0,0.0,0.0,0.0,0.0,0.0,0.0,0.4,1.6,25.0
502,Trevor Keels,NYK,19,0.0,0.0,0.0,0.0,0.0,0.0,0.0,0.0,0.0,0.5,0.5,100,0.0,0.0,0.0,0.5,0.5,100,0.0,1.0,0.0
503,Trey Lyles,SAC,27,1.2,1.8,66.2,0.2,0.5,38.2,0.0,0.1,40.0,0.3,0.6,46.7,0.2,0.6,40.0,0.5,1.2,43.5,0.7,2.1,31.8
504,Trey Murphy III,NOP,22,1.8,2.4,74.3,0.4,1.0,41.8,0.1,0.4,29.4,0.3,0.7,41.5,0.5,1.1,43.7,0.8,1.8,42.9,1.8,4.5,40.0
505,Troy Brown Jr.,LAL,23,0.9,1.4,63.6,0.1,0.6,26.2,0.2,0.5,40.0,0.3,0.8,37.1,0.3,0.7,43.4,0.6,1.5,40.0,0.8,2.2,36.7
506,Ty Jerome,GSW,25,0.7,1.0,72.7,0.9,1.8,49.4,0.2,0.6,38.5,0.1,0.2,57.1,0.2,0.4,50.0,0.3,0.5,52.4,0.5,1.5,35.3
507,TyTy Washington Jr.,HOU,21,0.2,0.4,53.8,0.9,1.7,53.8,0.1,0.5,26.7,0.1,0.4,30.0,0.1,0.3,33.3,0.2,0.6,31.6,0.4,2.0,21.3
508,Tyler Dorsey,DAL,27,0.0,0.0,0.0,0.0,0.0,0.0,1.5,1.5,100,0.0,0.0,0.0,1.0,1.0,100,1.0,1.0,100,0.0,0.5,0.0
509,Tyler Herro,MIA,23,1.4,2.2,64.6,1.7,3.4,50.9,1.1,2.9,36.9,0.4,0.9,50.9,0.3,0.7,38.6,0.7,1.5,45.5,2.3,6.5,36.2
510,Tyrese Haliburton,IND,23,2.7,4.0,66.8,1.1,2.4,45.6,0.7,1.4,50.0,0.1,0.3,40.0,0.2,0.5,50.0,0.3,0.7,46.3,2.5,6.3,39.7
511,Tyrese Martin,ATL,24,0.3,0.5,62.5,0.1,0.2,33.3,0.2,0.5,40.0,0.0,0.2,0.0,0.0,0.3,0.0,0.0,0.3,0.0,0.1,0.2,33.3
512,Tyrese Maxey,PHI,22,2.5,4.3,58.7,1.3,3.0,44.6,0.8,1.8,44.4,0.3,0.7,51.3,0.4,0.8,48.9,0.7,1.4,50.0,2.0,4.7,41.5
513,Tyus Jones,MEM,26,0.5,0.9,54.7,1.4,2.8,50.0,0.5,1.1,43.8,0.4,0.6,58.3,0.1,0.3,40.0,0.5,0.9,52.9,1.1,3.2,32.9
514,Udoka Azubuike,UTA,23,1.5,1.6,92.7,0.2,0.5,47.1,0.0,0.0,0.0,0.0,0.0,0.0,0.0,0.0,0.0,0.0,0.0,0.0,0.0,0.0,0.0
515,Udonis Haslem,MIA,42,0.3,1.0,28.6,0.3,0.4,66.7,0.4,1.4,30.0,0.0,0.3,0.0,0.2,0.4,50.0,0.2,0.7,25.0,0.3,0.7,40.0
516,Usman Garuba,HOU,21,0.8,1.2,62.4,0.1,0.3,16.0,0.0,0.0,0.0,0.1,0.3,50.0,0.1,0.2,30.8,0.2,0.4,41.4,0.2,0.4,40.0
517,Vernon Carey Jr.,UTA,22,0.2,0.4,50.0,0.0,0.1,0.0,0.0,0.4,0.0,0.0,0.0,0.0,0.0,0.0,0.0,0.0,0.0,0.0,0.0,0.0,0.0
518,Victor Oladipo,MIA,30,1.1,2.0,56.0,0.6,1.5,38.5,0.4,1.0,42.9,0.1,0.6,16.7,0.1,0.4,22.2,0.2,1.0,19.0,1.5,4.0,36.7
519,Vince Williams Jr.,MEM,22,0.6,0.9,66.7,0.0,0.0,0.0,0.0,0.0,0.0,0.0,1.0,0.0,0.1,0.8,16.7,0.1,1.3,8.3,0.3,1.3,18.8
520,Vit Krejci,ATL,22,0.3,0.4,66.7,0.0,0.1,33.3,0.0,0.0,100,0.1,0.1,50.0,0.1,0.1,50.0,0.1,0.2,50.0,0.1,0.6,17.6
521,Vlatko Cancar,DEN,26,0.8,1.2,69.6,0.2,0.6,35.3,0.1,0.2,55.6,0.3,0.6,43.3,0.1,0.2,44.4,0.3,0.8,43.6,0.4,1.2,34.7
522,Walker Kessler,UTA,21,3.6,4.7,76.7,0.4,0.8,50.0,0.0,0.1,33.3,0.0,0.0,50.0,0.0,0.0,0.0,0.0,0.0,50.0,0.0,0.0,0.0
523,Wendell Carter Jr.,ORL,23,2.9,3.8,78.1,0.7,1.5,47.0,0.6,1.6,38.9,0.3,0.7,46.2,0.1,0.2,36.4,0.4,0.9,44.0,1.0,3.1,33.1
524,Wendell Moore Jr.,MIN,21,0.5,0.7,73.7,0.1,0.2,40.0,0.0,0.1,0.0,0.0,0.1,0.0,0.1,0.4,16.7,0.0,0.3,14.3,0.0,0.4,10.0
525,Wenyen Gabriel,LAL,26,1.7,2.6,68.4,0.4,0.7,55.1,0.0,0.1,25.0,0.1,0.2,40.0,0.0,0.2,18.2,0.1,0.3,28.6,0.1,0.2,28.6
526,Wesley Matthews,MIL,36,0.3,0.4,66.7,0.1,0.2,33.3,0.0,0.1,33.3,0.1,0.6,24.1,0.1,0.4,29.4,0.2,0.9,26.1,0.5,1.5,34.6
527,Will Barton,TOR,32,0.6,1.1,52.4,0.4,1.2,31.3,0.4,1.0,34.5,0.2,0.4,41.2,0.2,0.4,58.8,0.3,0.7,50.0,0.9,2.6,33.6
528,Willy Hernangomez,NOP,28,2.1,3.1,65.5,0.3,1.1,28.9,0.0,0.2,14.3,0.0,0.1,0.0,0.0,0.0,0.0,0.0,0.1,0.0,0.1,0.2,37.5
529,Xavier Cooks,WAS,27,1.2,1.6,75.0,0.6,1.2,45.5,0.0,0.0,0.0,0.0,0.0,0.0,0.0,0.0,0.0,0.0,0.0,0.0,0.0,0.0,0.0
530,Xavier Moon,LAC,28,0.0,0.0,0.0,0.3,0.7,50.0,0.3,1.0,25.0,0.0,1.0,0.0,0.0,0.0,0.0,0.0,0.5,0.0,0.3,0.5,50.0
531,Xavier Sneed,CHA,25,0.5,0.5,100.0,0.0,0.3,0.0,0.0,0.3,0.0,0.0,0.0,0.0,0.3,0.3,100,0.3,0.3,100,0.5,1.3,40.0
532,Xavier Tillman,MEM,24,2.1,2.9,71.3,0.9,1.8,51.4,0.1,0.2,50.0,0.0,0.1,20.0,0.0,0.1,0.0,0.0,0.1,12.5,0.0,0.1,42.9
533,Yuta Watanabe,BKN,28,0.7,1.1,66.7,0.1,0.4,33.3,0.1,0.2,38.5,0.4,0.7,53.8,0.3,0.7,48.5,0.7,1.3,51.4,0.4,1.1,37.1
534,Zach Collins,SAS,25,2.1,3.2,66.8,1.2,2.2,52.1,0.3,0.9,35.6,0.0,0.0,0.0,0.0,0.1,28.6,0.0,0.1,22.2,0.8,2.2,38.7
535,Zach LaVine,CHI,28,3.9,5.8,67.1,0.7,1.6,44.0,1.5,3.6,42.2,0.3,0.6,52.4,0.2,0.5,41.7,0.5,1.0,47.4,2.2,6.1,35.8
536,Zeke Nnaji,DEN,22,1.7,2.3,74.2,0.1,0.2,33.3,0.0,0.0,50.0,0.0,0.2,20.0,0.1,0.4,28.6,0.1,0.5,25.0,0.2,0.8,28.2
537,Ziaire Williams,MEM,21,1.1,1.5,70.9,0.4,0.7,52.0,0.2,0.5,35.0,0.2,1.0,19.4,0.2,0.5,46.2,0.4,1.4,27.3,0.3,1.4,23.5
538,Zion Williamson,NOP,22,8.2,11.8,69.1,1.4,3.4,40.8,0.0,0.3,11.1,0.0,0.0,0.0,0.0,0.0,0.0,0.0,0.0,0.0,0.2,0.7,36.8
