,PLAYER,TEAM,AGE,GP,G,FREQ,FGM,FGA,FG%,EFG%,2FG FREQ,2FGM,2FGA,2FG%,3FG FREQ,3PM,3PA,3P%
0,LeBron James,LAL,38,47,47,100,11.3,22.5,50.2,55.0,69.3,9.2,15.6,58.8,30.7,2.1,6.9,30.8
1,Luka Doncic,DAL,24,59,59,100,11.1,22.1,49.9,56.1,63.9,8.3,14.2,58.7,36.1,2.8,8.0,34.4
2,Jayson Tatum,BOS,25,69,69,100,9.8,21.4,46.0,53.6,56.0,6.6,12.0,55.1,44.0,3.2,9.4,34.4
3,Damian Lillard,POR,32,58,58,100,9.6,20.7,46.3,56.4,45.3,5.4,9.4,57.4,54.7,4.2,11.3,37.1
4,Devin Booker,PHX,26,47,47,100,10.3,20.5,50.2,55.5,71.2,8.1,14.6,55.5,28.8,2.2,5.9,36.8
5,Jaylen Brown,BOS,26,62,62,100,10.0,20.4,49.1,55.3,64.2,7.5,13.1,57.2,35.8,2.5,7.3,34.6
6,Shai Gilgeous-Alexander,OKC,24,63,63,100,10.4,20.4,51.0,53.2,87.9,9.5,17.9,53.2,12.1,0.9,2.5,35.1
7,Giannis Antetokounmpo,MIL,28,59,59,100,11.2,20.4,55.0,56.9,86.3,10.4,17.6,59.2,13.7,0.8,2.8,28.6
8,Donovan Mitchell,CLE,26,63,63,100,9.7,20.4,47.7,56.3,54.2,6.2,11.0,55.9,45.8,3.5,9.3,37.8
9,Ja Morant,MEM,23,55,55,100,9.5,20.4,46.6,50.4,75.6,7.9,15.4,51.4,24.4,1.6,5.0,31.5
10,Joel Embiid,PHI,29,61,61,100,11.0,20.3,54.5,57.0,85.0,10.0,17.2,58.1,15.0,1.0,3.0,34.0
11,Kyrie Irving,DAL,31,54,54,100,9.9,20.2,49.0,57.0,57.8,6.7,11.7,57.3,42.2,3.2,8.5,37.7
12,Stephen Curry,GSW,35,48,48,100,10.1,20.2,49.9,62.1,43.4,5.2,8.8,59.0,56.6,4.9,11.4,43.0
13,LaMelo Ball,CHA,21,36,36,100,8.2,20.0,41.1,51.0,46.9,4.2,9.4,44.9,53.1,4.0,10.6,37.6
14,Anthony Edwards,MIN,21,71,71,100,9.0,19.4,46.1,53.0,62.3,6.2,12.1,51.5,37.7,2.7,7.3,37.1
15,Trae Young,ATL,24,67,67,100,8.4,19.4,43.4,49.0,66.8,6.2,13.0,48.0,33.2,2.2,6.5,34.0
16,Julius Randle,NYK,28,75,75,100,8.6,18.8,46.0,53.6,55.5,5.8,10.4,55.3,44.5,2.9,8.3,34.4
17,Terry Rozier,CHA,29,63,63,100,7.8,18.7,41.6,48.6,57.7,5.2,10.8,48.3,42.3,2.6,7.9,32.7
18,Cade Cunningham,DET,21,12,12,100,7.8,18.7,41.5,45.3,72.8,6.3,13.6,46.6,27.2,1.4,5.1,28.0
19,Pascal Siakam,TOR,28,64,64,100,8.8,18.6,47.6,51.3,77.9,7.5,14.5,51.6,22.1,1.4,4.1,33.6
20,Kevin Durant,PHX,34,42,42,100,10.4,18.4,56.5,61.5,74.1,8.6,13.6,62.9,25.9,1.8,4.8,38.4
21,De'Aaron Fox,SAC,25,66,66,100,9.4,18.2,51.6,56.2,72.8,7.7,13.3,58.3,27.2,1.7,5.0,33.8
22,Klay Thompson,GSW,33,62,62,100,7.9,18.2,43.4,55.1,41.9,3.6,7.6,47.3,58.1,4.3,10.6,40.5
23,Brandon Ingram,NOP,25,37,37,100,8.7,18.2,47.8,52.2,78.0,7.1,14.2,50.0,22.0,1.6,4.0,39.8
24,Zach LaVine,CHI,28,68,68,100,8.7,18.1,48.1,55.8,59.8,5.9,10.8,54.5,40.2,2.8,7.3,38.6
25,Dejounte Murray,ATL,26,67,66,100,8.3,18.0,45.9,51.1,70.2,6.4,12.7,50.5,29.8,1.9,5.4,35.0
26,CJ McCollum,NOP,31,67,67,100,7.8,18.0,43.6,51.5,59.4,5.0,10.7,47.1,40.6,2.8,7.3,38.6
27,Paul George,LAC,32,56,56,100,8.2,17.9,45.7,53.6,57.6,5.4,10.3,52.1,42.4,2.8,7.6,37.1
28,Jalen Green,HOU,21,68,68,100,7.4,17.9,41.4,48.3,58.8,4.9,10.5,46.8,41.2,2.5,7.4,33.7
29,Kyle Kuzma,WAS,27,64,64,100,8.0,17.8,44.8,51.8,57.9,5.5,10.3,53.2,42.1,2.5,7.5,33.2
30,DeMar DeRozan,CHI,33,65,65,100,9.1,17.8,50.9,52.6,89.9,8.4,16.0,52.9,10.1,0.6,1.8,33.3
31,Keldon Johnson,SAS,23,60,60,100,8.0,17.7,45.3,51.4,63.2,5.9,11.2,52.5,36.8,2.1,6.5,33.1
32,Bradley Beal,WAS,29,50,50,100,8.9,17.5,50.6,55.2,75.0,7.3,13.2,55.3,25.0,1.6,4.4,36.5
33,Jalen Brunson,NYK,26,65,65,100,8.5,17.4,48.9,54.4,73.1,6.6,12.7,51.6,26.9,1.9,4.7,41.0
34,Anthony Davis,LAL,30,48,47,100,9.7,17.3,56.3,57.4,91.8,9.3,15.8,58.9,8.2,0.4,1.4,26.8
35,Lauri Markkanen,UTA,25,64,64,100,8.7,17.2,50.5,59.5,55.3,5.6,9.5,59.1,44.7,3.1,7.7,40.0
36,Kelly Oubre Jr.,CHA,27,48,48,100,7.3,17.0,43.3,49.9,58.8,5.1,10.0,51.0,41.2,2.3,7.0,32.1
37,Jordan Clarkson,UTA,30,61,61,100,7.5,16.9,44.5,52.0,55.5,5.0,9.4,53.0,44.5,2.5,7.5,33.8
38,Anfernee Simons,POR,23,62,62,100,7.5,16.9,44.7,54.8,46.2,4.1,7.8,52.8,53.8,3.4,9.1,37.7
39,Tyler Herro,MIA,23,61,61,100,7.3,16.7,43.8,52.9,51.7,4.3,8.6,49.5,48.3,3.0,8.1,37.7
40,Kawhi Leonard,LAC,31,46,46,100,8.5,16.6,51.2,56.9,71.9,6.6,12.0,55.2,28.1,1.9,4.7,40.9
41,Fred VanVleet,TOR,29,62,62,100,6.5,16.3,39.7,49.1,45.8,3.4,7.5,45.5,54.2,3.1,8.8,34.7
42,Jamal Murray,DEN,26,60,60,100,7.3,16.3,45.2,53.3,59.3,4.7,9.7,48.9,40.7,2.6,6.6,39.7
43,Darius Garland,CLE,23,64,64,100,7.6,16.2,46.7,54.5,62.3,5.0,10.1,49.9,37.7,2.5,6.1,41.4
44,Zion Williamson,NOP,22,29,29,100,9.8,16.1,61.0,61.8,95.9,9.6,15.4,62.1,4.1,0.2,0.7,36.4
45,RJ Barrett,NYK,22,68,68,100,7.0,16.1,43.5,48.8,66.9,5.3,10.8,49.4,33.1,1.7,5.3,31.8
46,Desmond Bane,MEM,24,51,51,100,7.6,16.0,47.3,56.1,56.5,4.8,9.0,52.5,43.5,2.8,7.0,40.5
47,Devin Vassell,SAS,22,37,37,100,7.0,15.8,44.1,52.8,55.2,4.2,8.7,48.2,44.8,2.8,7.0,39.1
48,Jordan Poole,GSW,23,74,74,100,6.7,15.7,42.6,50.9,50.3,4.1,7.9,52.0,49.7,2.6,7.8,33.2
49,Paolo Banchero,ORL,20,67,67,100,6.7,15.7,42.6,46.2,74.6,5.5,11.7,47.4,25.4,1.1,4.0,28.5
50,Kristaps Porzingis,WAS,27,63,63,100,7.7,15.6,49.4,56.0,64.9,5.6,10.1,55.6,35.1,2.1,5.5,37.7
51,Tyrese Maxey,PHI,22,55,55,100,7.4,15.4,47.8,56.3,59.9,4.7,9.2,51.2,40.1,2.6,6.2,42.7
52,Bam Adebayo,MIA,25,70,70,100,8.2,15.2,54.2,54.3,98.9,8.2,15.0,54.7,1.1,0.0,0.2,5.9
53,Jrue Holiday,MIL,32,62,62,100,7.1,15.1,47.1,54.9,59.1,4.8,8.9,53.5,40.9,2.3,6.2,37.9
54,Nikola Jokic,DEN,28,66,66,100,9.5,15.1,63.3,66.2,85.3,8.7,12.8,67.6,14.7,0.9,2.2,38.9
55,Tyrese Haliburton,IND,23,56,56,100,7.4,15.0,49.0,58.6,52.2,4.5,7.8,57.1,47.8,2.9,7.2,40.1
56,Bojan Bogdanovic,DET,33,58,58,100,7.2,14.8,48.9,57.2,60.2,4.8,8.9,53.8,39.8,2.5,5.9,41.5
57,Kevin Porter Jr.,HOU,22,52,52,100,6.5,14.8,43.6,51.0,57.7,4.3,8.5,50.0,42.3,2.2,6.3,34.9
58,Mikal Bridges,BKN,26,75,75,100,7.0,14.7,47.1,53.9,65.3,5.0,9.6,51.5,34.7,2.0,5.1,38.9
59,James Harden,PHI,33,53,53,100,6.5,14.7,44.0,53.6,49.9,3.6,7.3,49.7,50.1,2.8,7.3,38.3
60,Karl-Anthony Towns,MIN,27,22,22,100,7.3,14.6,50.2,56.4,62.6,5.5,9.1,60.2,37.4,1.8,5.5,33.4
61,Josh Giddey,OKC,20,69,69,100,7.0,14.5,48.5,51.7,79.6,6.1,11.6,52.6,20.4,1.0,3.0,32.4
62,Jerami Grant,POR,29,63,63,100,6.9,14.5,47.5,55.4,60.7,4.6,8.8,52.3,39.3,2.3,5.7,40.2
63,Gary Trent Jr.,TOR,24,63,63,100,6.3,14.4,43.4,52.4,51.8,3.7,7.5,49.3,48.2,2.6,6.9,37.0
64,Andrew Wiggins,GSW,28,36,36,100,6.8,14.2,47.5,56.0,57.6,4.3,8.2,52.9,42.4,2.4,6.0,40.1
65,Nikola Vucevic,CHI,32,72,72,100,7.3,14.1,51.5,57.1,68.6,5.7,9.7,58.9,31.4,1.6,4.4,35.5
66,Franz Wagner,ORL,21,73,73,100,6.9,14.1,48.9,54.8,67.4,5.2,9.5,55.1,32.6,1.7,4.6,36.2
67,Jimmy Butler,MIA,33,60,60,100,7.4,14.0,53.0,55.0,88.4,6.8,12.3,55.3,11.6,0.6,1.6,35.2
68,Deandre Ayton,PHX,24,61,61,100,8.0,13.6,58.9,59.3,97.1,7.9,13.2,59.8,2.9,0.1,0.4,28.2
69,Dillon Brooks,MEM,27,66,66,100,5.3,13.6,39.3,46.3,56.8,3.4,7.7,44.3,43.2,1.9,5.8,32.6
70,D'Angelo Russell,LAL,27,65,65,100,6.3,13.5,46.6,56.8,48.4,3.6,6.5,54.6,51.6,2.7,7.0,39.3
71,Russell Westbrook,LAC,34,66,66,100,5.7,13.4,42.5,46.7,70.9,4.6,9.5,48.1,29.1,1.1,3.9,29.2
72,Spencer Dinwiddie,BKN,29,72,72,100,5.9,13.3,44.5,53.5,52.9,3.6,7.1,50.4,47.1,2.4,6.3,38.0
73,Scottie Barnes,TOR,21,69,69,100,6.0,13.3,45.3,48.6,77.6,5.1,10.3,49.8,22.4,0.9,3.0,29.6
74,Buddy Hield,IND,30,75,75,100,6.0,13.2,45.4,59.1,35.1,2.4,4.6,51.5,64.9,3.6,8.6,42.1
75,P.J. Washington,CHA,24,70,70,100,5.8,13.2,43.7,51.1,56.2,3.8,7.4,51.4,43.8,2.0,5.8,34.0
76,O.G. Anunoby,TOR,25,60,60,100,6.2,13.1,47.2,55.0,59.7,4.1,7.8,52.9,40.3,2.0,5.3,38.5
77,Michael Porter Jr.,DEN,24,57,57,100,6.4,12.9,49.3,60.9,44.6,3.4,5.8,58.1,55.4,3.0,7.2,42.2
78,Jaren Jackson Jr.,MEM,23,56,56,100,6.4,12.8,50.0,55.9,64.8,4.9,8.3,59.0,35.2,1.5,4.5,33.3
79,Jaden Ivey,DET,21,65,65,100,5.2,12.6,41.1,46.9,64.9,3.7,8.2,45.2,35.1,1.5,4.4,33.5
80,De'Andre Hunter,ATL,25,63,63,100,5.7,12.2,46.4,52.7,65.1,4.1,8.0,51.9,34.9,1.5,4.3,36.1
81,Khris Middleton,MIL,31,29,29,100,5.3,12.2,43.3,49.9,59.8,3.7,7.3,50.7,40.2,1.6,4.9,32.4
82,Evan Mobley,CLE,21,73,73,100,6.7,12.1,55.2,56.4,88.9,6.4,10.7,59.4,11.1,0.3,1.3,21.6
83,Bennedict Mathurin,IND,20,71,71,100,5.2,12.0,43.1,48.5,66.5,3.9,8.0,48.6,33.5,1.3,4.0,32.4
84,Domantas Sabonis,SAC,26,72,72,100,7.3,11.9,60.7,62.3,90.8,6.9,10.8,63.2,9.2,0.4,1.1,35.5
85,Malik Beasley,LAL,26,73,73,100,4.7,11.9,39.2,51.6,30.3,1.7,3.6,47.8,69.7,3.0,8.3,35.5
86,Tim Hardaway Jr.,DAL,31,65,65,100,4.7,11.9,39.1,51.4,34.8,1.7,4.2,41.9,65.2,2.9,7.8,37.6
87,Christian Wood,DAL,27,61,61,100,6.1,11.9,51.5,58.1,63.9,4.6,7.6,59.9,36.1,1.6,4.3,36.5
88,Myles Turner,IND,27,62,62,100,6.5,11.8,54.8,61.2,66.0,5.0,7.8,63.8,34.0,1.5,4.0,37.3
89,Luguentz Dort,OKC,23,67,67,100,4.6,11.8,39.4,47.6,52.6,2.7,6.2,43.9,47.4,1.9,5.6,34.6
90,Norman Powell,LAC,29,54,54,100,5.5,11.7,47.5,56.1,57.8,3.5,6.7,52.2,42.2,2.0,4.9,41.0
91,Tobias Harris,PHI,30,69,69,100,5.8,11.7,50.1,57.7,61.7,4.1,7.2,56.6,38.3,1.8,4.5,39.7
92,Gordon Hayward,CHA,33,49,49,100,5.5,11.6,47.3,51.8,72.0,4.4,8.3,53.2,28.0,1.0,3.2,32.1
93,Kevin Huerter,SAC,24,68,68,100,5.6,11.5,48.8,60.8,41.1,2.9,4.8,60.4,58.9,2.8,6.8,40.6
94,Bogdan Bogdanovic,ATL,30,48,48,100,5.1,11.5,44.0,55.6,42.4,2.4,4.9,49.2,57.6,2.7,6.6,40.3
95,Brook Lopez,MIL,34,72,72,100,6.0,11.5,52.1,60.1,57.7,4.2,6.6,62.8,42.3,1.8,4.8,37.5
96,Markelle Fultz,ORL,24,53,53,100,5.8,11.4,50.7,52.5,87.7,5.4,10.0,53.6,12.3,0.4,1.4,30.0
97,Bobby Portis,MIL,28,63,63,100,5.6,11.3,49.6,54.8,69.3,4.4,7.8,56.5,30.7,1.2,3.5,33.8
98,Chris Paul,PHX,37,53,53,100,4.9,11.2,43.4,50.3,62.1,3.3,7.0,47.7,37.9,1.6,4.3,36.5
99,Cameron Johnson,BKN,27,35,35,100,5.1,11.2,45.4,56.8,43.4,2.5,4.9,52.3,56.6,2.5,6.3,40.1
100,Jabari Smith Jr.,HOU,19,71,71,100,4.5,11.1,40.6,47.8,53.8,2.9,6.0,48.7,46.2,1.6,5.1,31.3
101,Wendell Carter Jr.,ORL,23,51,51,100,5.8,11.0,52.6,58.7,64.7,4.4,7.1,62.2,35.3,1.4,3.9,34.8
102,Tre Jones,SAS,23,59,58,100,4.8,11.0,44.0,46.8,78.4,4.2,8.6,49.4,21.6,0.6,2.4,24.9
103,Aaron Gordon,DEN,27,62,62,100,6.3,10.9,57.8,62.0,76.4,5.4,8.3,64.6,23.6,0.9,2.6,35.7
104,Immanuel Quickley,NYK,23,74,74,100,4.8,10.9,43.9,52.5,50.8,2.9,5.5,52.1,49.2,1.9,5.3,35.3
105,Saddiq Bey,ATL,23,68,68,100,4.5,10.8,41.7,51.1,49.5,2.5,5.3,46.4,50.5,2.0,5.4,37.0
106,Malcolm Brogdon,BOS,30,61,61,100,5.1,10.6,48.2,57.6,58.6,3.1,6.2,50.4,41.4,2.0,4.4,45.1
107,Alperen Sengun,HOU,20,67,67,100,5.8,10.5,55.5,56.5,92.9,5.6,9.8,57.4,7.1,0.2,0.8,29.3
108,Jonas Valanciunas,NOP,30,71,70,100,5.7,10.4,55.1,57.5,86.1,5.2,9.0,58.4,13.9,0.5,1.4,35.2
109,Killian Hayes,DET,21,67,67,100,3.9,10.4,37.6,42.7,64.7,2.8,6.7,42.4,35.3,1.1,3.7,29.0
110,Jalen Williams,OKC,21,68,68,100,5.3,10.3,51.6,56.3,73.2,4.3,7.5,57.8,26.8,1.0,2.8,34.9
111,Malik Monk,SAC,25,71,71,100,4.6,10.3,44.7,53.6,50.0,2.8,5.1,53.7,50.0,1.8,5.1,35.6
112,Max Strus,MIA,26,73,73,100,4.2,10.2,40.9,53.1,29.3,1.7,3.0,56.9,70.7,2.5,7.2,34.3
113,Bones Hyland,LAC,22,49,49,100,4.0,10.1,39.7,50.1,44.8,1.9,4.5,42.4,55.2,2.1,5.6,37.6
114,Caris LeVert,CLE,28,69,69,100,4.3,10.1,42.4,50.5,57.2,2.6,5.8,45.8,42.8,1.6,4.3,38.0
115,Dennis Schroder,LAL,29,60,60,100,4.2,10.1,42.0,47.8,65.5,3.0,6.6,46.0,34.5,1.2,3.5,34.0
116,Cole Anthony,ORL,22,54,54,100,4.5,10.0,44.5,50.6,65.7,3.2,6.6,48.9,34.3,1.2,3.4,36.0
117,John Collins,ATL,25,64,64,100,5.1,10.0,51.4,55.9,67.1,4.2,6.7,63.2,32.9,0.9,3.3,27.1
118,John Wall,LAC,32,34,34,100,4.1,9.9,40.8,45.7,67.8,3.1,6.7,45.8,32.2,1.0,3.2,30.2
119,Marcus Morris Sr.,LAC,33,65,65,100,4.2,9.9,42.6,51.3,52.1,2.5,5.2,48.3,47.9,1.7,4.7,36.3
120,Jeremy Sochan,SAS,19,55,55,100,4.5,9.9,45.7,48.7,75.5,3.9,7.5,52.5,24.5,0.6,2.4,24.8
121,Lonnie Walker IV,LAL,24,52,52,100,4.4,9.9,44.8,53.5,52.4,2.7,5.2,52.4,47.6,1.7,4.7,36.5
122,Trey Murphy III,NOP,22,71,71,100,4.7,9.8,48.2,61.0,37.7,2.2,3.7,60.3,62.3,2.5,6.1,41.1
123,Cameron Payne,PHX,28,42,42,100,4.1,9.8,41.7,49.5,58.0,2.5,5.7,45.0,42.0,1.5,4.1,37.1
124,Jusuf Nurkic,POR,28,52,52,100,5.0,9.7,51.9,56.1,76.4,4.2,7.4,56.7,23.6,0.8,2.3,36.2
125,Harrison Barnes,SAC,30,74,74,100,4.6,9.7,47.2,55.8,54.6,2.9,5.3,55.1,45.4,1.7,4.4,37.6
126,Marcus Smart,BOS,29,56,56,100,4.0,9.7,41.4,50.7,44.2,2.2,4.3,51.5,55.8,1.8,5.4,33.3
127,Collin Sexton,UTA,24,47,47,100,4.9,9.7,50.5,55.8,74.3,3.9,7.2,53.8,25.7,1.0,2.5,41.0
128,Keegan Murray,SAC,22,72,72,100,4.3,9.7,44.9,58.1,35.4,1.8,3.4,52.0,64.6,2.6,6.2,41.0
129,Jaylen Nowell,MIN,23,64,64,100,4.3,9.6,44.7,50.1,62.8,3.3,6.0,54.0,37.2,1.0,3.6,28.9
130,Eric Gordon,LAC,34,63,63,100,4.3,9.6,44.6,54.3,47.3,2.4,4.5,53.3,52.7,1.9,5.0,36.8
131,Reggie Jackson,DEN,32,62,62,100,3.8,9.4,40.5,48.1,55.8,2.4,5.2,45.6,44.2,1.4,4.2,34.2
132,Rui Hachimura,LAL,25,56,56,100,4.5,9.3,48.3,53.0,72.4,3.6,6.8,53.8,27.6,0.9,2.6,34.2
133,Kris Dunn,UTA,29,14,14,100,4.5,9.3,48.5,52.7,78.5,3.7,7.3,50.9,21.5,0.8,2.0,39.5
134,Jarrett Allen,CLE,24,64,63,100,6.0,9.3,64.4,64.4,98.5,5.9,9.1,65.2,1.5,0.0,0.1,14.3
135,Victor Oladipo,MIA,30,38,38,100,3.6,9.2,39.1,47.1,49.1,2.1,4.5,47.0,50.9,1.5,4.7,31.4
136,Derrick White,BOS,28,74,74,100,4.2,9.2,46.1,55.9,48.7,2.4,4.5,54.4,51.3,1.8,4.7,38.3
137,Kyle Lowry,MIA,37,50,50,100,3.7,9.2,40.7,51.9,36.6,1.7,3.4,50.6,63.4,2.0,5.8,35.1
138,Jaden McDaniels,MIN,22,71,71,100,4.7,9.1,51.8,59.2,62.4,3.4,5.7,59.3,37.6,1.4,3.4,39.2
139,Josh Richardson,NOP,29,56,56,100,3.9,9.1,43.2,52.8,47.9,2.2,4.4,50.5,52.1,1.7,4.7,36.6
140,Marvin Bagley III,DET,24,36,36,100,4.9,9.0,53.8,56.0,83.4,4.5,7.5,59.4,16.6,0.4,1.5,26.0
141,Alec Burks,DET,31,50,50,100,4.0,9.0,44.0,54.9,47.8,2.0,4.3,46.5,52.2,2.0,4.7,41.7
142,Mike Conley,MIN,35,59,59,100,3.8,9.0,41.9,52.6,42.8,1.8,3.9,47.5,57.2,1.9,5.1,37.5
143,Tyus Jones,MEM,26,73,73,100,4.0,8.9,44.4,53.1,55.0,2.4,4.9,49.2,45.0,1.6,4.0,38.7
144,Bruce Brown,DEN,26,73,73,100,4.3,8.9,48.1,54.9,63.4,3.1,5.6,54.7,36.6,1.2,3.3,36.6
145,Isaiah Stewart,DET,21,49,49,100,4.0,8.8,45.0,52.8,53.4,2.6,4.7,55.2,46.6,1.4,4.1,33.4
146,Jakob Poeltl,TOR,27,63,63,100,5.6,8.7,64.1,64.1,99.8,5.6,8.7,64.3,0.2,0.0,0.0,0.0
147,Kenyon Martin Jr.,HOU,22,74,74,100,5.0,8.7,56.8,61.6,68.9,4.1,6.0,68.5,31.1,0.8,2.7,31.1
148,Malaki Branham,SAS,19,57,57,100,3.7,8.6,43.4,49.8,57.0,2.6,4.9,53.6,43.0,1.1,3.7,30.0
149,De'Anthony Melton,PHI,24,71,71,100,3.7,8.6,43.2,55.5,37.9,1.6,3.2,48.8,62.1,2.1,5.3,39.7
150,Talen Horton-Tucker,UTA,22,60,59,100,3.5,8.4,41.2,45.8,66.0,2.7,5.5,48.3,34.0,0.8,2.9,27.4
151,Gabe Vincent,MIA,26,61,61,100,3.3,8.4,39.6,49.8,37.6,1.6,3.1,51.1,62.4,1.7,5.2,32.6
152,Kentavious Caldwell-Pope,DEN,30,71,71,100,3.9,8.3,46.9,57.6,49.9,2.1,4.2,51.1,50.1,1.8,4.2,42.8
153,Clint Capela,ATL,28,58,58,100,5.4,8.3,65.0,65.0,99.8,5.4,8.3,65.1,0.2,0.0,0.0,0.0
154,Jalen Suggs,ORL,21,45,45,100,3.5,8.3,41.6,48.5,55.5,2.3,4.6,50.0,44.5,1.2,3.7,31.3
155,Dennis Smith Jr.,CHA,25,53,53,100,3.4,8.3,41.0,43.7,75.7,3.0,6.3,47.3,24.3,0.4,2.0,21.3
156,Zach Collins,SAS,25,58,58,100,4.4,8.3,52.7,57.9,72.8,3.5,6.0,58.2,27.2,0.9,2.3,38.1
157,Duane Washington Jr.,NYK,23,31,30,100,3.0,8.3,36.7,44.5,56.6,1.7,4.7,37.2,43.4,1.3,3.6,36.0
158,Monte Morris,WAS,27,60,60,100,4.0,8.3,47.9,55.6,60.6,2.7,5.0,53.6,39.4,1.3,3.3,39.1
159,Naz Reid,MIN,23,65,64,100,4.4,8.2,53.8,60.2,62.1,3.4,5.1,66.1,37.9,1.1,3.1,33.7
160,Patrick Williams,CHI,21,72,72,100,3.8,8.2,45.9,54.2,59.8,2.4,4.9,49.0,40.2,1.4,3.3,41.3
161,Kelly Olynyk,UTA,31,62,62,100,4.0,8.1,49.4,57.9,56.6,2.6,4.6,57.4,43.4,1.4,3.5,38.9
162,Doug McDermott,SAS,31,60,60,100,3.7,8.1,45.9,58.0,43.0,1.8,3.5,50.4,57.0,1.9,4.6,42.4
163,Andrew Nembhard,IND,23,68,68,100,3.5,8.1,43.7,51.4,56.1,2.3,4.5,50.6,43.9,1.2,3.5,35.0
164,Aaron Nesmith,IND,23,66,66,100,3.4,8.0,42.6,52.0,46.6,1.9,3.7,51.3,53.4,1.5,4.3,35.0
165,Jose Alvarado,NOP,24,61,61,100,3.3,8.0,41.1,49.6,49.5,1.9,4.0,48.6,50.5,1.4,4.0,33.6
166,Rudy Gobert,MIN,30,62,61,100,5.3,8.0,66.5,66.5,99.4,5.3,8.0,66.9,0.6,0.0,0.1,0.0
167,Caleb Martin,MIA,27,64,64,100,3.7,7.9,46.4,54.5,56.3,2.4,4.5,53.7,43.7,1.3,3.5,37.1
168,Grayson Allen,MIL,27,68,68,100,3.5,7.9,44.6,57.9,34.4,1.4,2.7,52.6,65.6,2.1,5.2,40.5
169,Cam Reddish,POR,23,38,38,100,3.5,7.9,44.3,51.8,52.7,2.3,4.2,55.8,47.3,1.2,3.7,31.6
170,Quentin Grimes,NYK,22,64,64,100,3.6,7.9,45.5,58.0,33.0,1.6,2.6,62.9,67.0,1.9,5.3,37.0
171,Landry Shamet,PHX,26,34,33,100,3.0,7.8,38.6,51.3,33.0,1.0,2.6,39.8,67.0,2.0,5.3,38.0
172,Tari Eason,HOU,21,74,74,100,3.6,7.8,46.2,50.9,74.0,2.9,5.8,49.8,26.0,0.7,2.0,35.8
173,Aleksej Pokusevski,OKC,21,31,31,100,3.5,7.8,44.0,51.9,58.4,2.2,4.6,48.7,41.6,1.2,3.3,37.7
174,Royce O'Neale,BKN,29,70,70,100,3.0,7.8,39.0,52.7,30.4,0.9,2.4,38.0,69.6,2.1,5.4,39.4
175,Jalen McDaniels,PHI,25,72,71,100,3.5,7.8,45.2,51.3,61.6,2.6,4.8,53.6,38.4,0.9,3.0,31.6
176,Naji Marshall,NOP,25,69,69,100,3.4,7.7,43.5,49.6,60.4,2.4,4.7,51.8,39.6,0.9,3.1,30.7
177,Seth Curry,BKN,32,55,54,100,3.6,7.7,46.3,57.0,48.0,1.9,3.7,52.3,52.0,1.6,4.0,41.0
178,Coby White,CHI,23,64,63,100,3.3,7.7,43.1,54.3,39.4,1.6,3.0,52.5,60.6,1.7,4.7,36.9
179,Nic Claxton,BKN,23,69,69,100,5.4,7.7,70.4,70.4,99.6,5.4,7.7,70.7,0.4,0.0,0.0,0.0
180,Tre Mann,OKC,22,61,61,100,3.0,7.7,38.8,47.0,47.8,1.7,3.7,46.4,52.2,1.3,4.0,31.5
181,Cam Thomas,BKN,21,52,48,100,3.4,7.7,43.7,49.4,70.1,2.5,5.4,46.2,29.9,0.9,2.3,38.0
182,Dorian Finney-Smith,BKN,29,60,60,100,2.9,7.6,38.7,49.9,31.9,1.2,2.4,50.8,68.1,1.7,5.2,32.9
183,Al Horford,BOS,36,58,58,100,3.6,7.5,48.5,63.7,33.6,1.4,2.5,54.0,66.4,2.3,5.0,45.8
184,Herbert Jones,NOP,24,58,58,100,3.4,7.5,45.9,50.8,66.1,2.7,5.0,54.3,33.9,0.7,2.5,29.2
185,Jonathan Kuminga,GSW,20,60,59,100,3.8,7.5,51.1,56.5,69.9,3.0,5.2,57.9,30.1,0.8,2.3,35.6
186,Terrence Ross,PHX,32,55,53,100,3.3,7.5,44.4,55.4,44.1,1.7,3.3,50.8,55.9,1.6,4.2,39.4
187,Jae'Sean Tate,HOU,27,31,31,100,3.5,7.4,48.0,50.9,79.9,3.1,5.9,53.1,20.1,0.4,1.5,28.4
188,AJ Griffin,ATL,19,66,66,100,3.5,7.4,46.9,56.3,51.2,2.1,3.8,55.1,48.8,1.4,3.6,38.2
189,Austin Reaves,LAL,24,56,56,100,3.8,7.4,51.1,59.4,55.7,2.5,4.1,61.8,44.3,1.2,3.3,37.6
190,Donte DiVincenzo,GSW,26,64,64,100,3.1,7.4,42.3,56.5,28.9,1.0,2.1,47.9,71.1,2.1,5.2,40.0
191,Deni Avdija,WAS,22,72,72,100,3.2,7.3,43.9,50.1,59.5,2.3,4.4,53.2,40.5,0.9,3.0,30.3
192,Moritz Wagner,ORL,25,51,51,100,3.6,7.3,49.6,56.0,58.4,2.7,4.3,63.0,41.6,0.9,3.0,30.9
193,Corey Kispert,WAS,24,66,66,100,3.6,7.3,49.7,63.5,34.2,1.6,2.5,64.9,65.8,2.0,4.8,41.9
194,Jalen Smith,IND,23,63,63,100,3.4,7.2,46.5,51.8,61.4,2.6,4.4,58.6,38.6,0.8,2.8,27.2
195,Chris Duarte,IND,25,46,46,100,2.7,7.2,36.9,45.2,47.7,1.5,3.5,42.8,52.3,1.2,3.8,31.7
196,Ayo Dosunmu,CHI,23,70,69,100,3.6,7.2,49.6,54.9,67.0,2.8,4.8,58.1,33.0,0.8,2.4,32.2
197,Precious Achiuwa,TOR,23,47,47,100,3.4,7.2,47.4,50.4,75.0,3.0,5.4,54.9,25.0,0.5,1.8,24.9
198,Pat Connaughton,MIL,30,56,56,100,2.8,7.2,39.3,52.3,23.2,0.9,1.7,56.5,76.8,1.9,5.5,34.1
199,James Wiseman,DET,21,37,35,100,4.1,7.2,57.7,58.5,94.0,4.0,6.7,59.9,6.0,0.1,0.4,25.6
200,Cedi Osman,CLE,27,70,68,100,3.2,7.0,45.5,56.2,41.4,1.7,2.9,58.3,58.6,1.5,4.1,36.6
201,Chris Boucher,TOR,30,68,67,100,3.5,7.0,49.7,55.7,63.6,2.6,4.4,59.1,36.4,0.8,2.5,33.2
202,Santi Aldama,MEM,22,70,70,100,3.3,7.0,47.0,56.2,48.3,2.0,3.4,59.5,51.7,1.3,3.6,35.3
203,Josh Hart,NYK,28,69,69,100,3.6,6.9,52.6,58.6,67.8,2.8,4.7,60.1,32.2,0.8,2.2,37.2
204,Shaedon Sharpe,POR,19,72,70,100,3.3,6.9,47.6,55.5,56.2,2.2,3.9,56.7,43.8,1.1,3.0,36.2
205,Kyle Anderson,MIN,29,61,58,100,3.5,6.9,50.6,55.0,79.0,2.9,5.5,52.9,21.0,0.6,1.5,41.8
206,Jevon Carter,MIL,27,74,73,100,2.9,6.8,42.4,54.5,41.4,1.2,2.8,43.7,58.6,1.7,4.0,41.4
207,Kevin Love,MIA,34,56,56,100,2.7,6.8,38.9,50.7,30.5,1.1,2.1,50.2,69.5,1.6,4.8,33.9
208,Taurean Prince,MIN,29,48,48,100,3.3,6.8,48.2,58.4,48.8,1.9,3.3,57.1,51.2,1.4,3.5,40.0
209,Justise Winslow,POR,26,29,28,100,2.8,6.8,40.9,44.4,77.3,2.3,5.3,43.8,22.7,0.5,1.6,31.0
210,Jaden Hardy,DAL,20,40,39,100,2.9,6.8,43.0,52.4,52.9,1.6,3.6,45.8,47.1,1.3,3.2,40.0
211,Ivica Zubac,LAC,26,69,69,100,4.2,6.7,62.8,62.8,99.6,4.2,6.6,63.1,0.4,0.0,0.0,0.0
212,Hamidou Diallo,DET,24,55,55,100,3.8,6.7,56.7,57.4,94.3,3.7,6.3,58.7,5.7,0.1,0.4,23.7
213,T.J. McConnell,IND,31,70,70,100,3.5,6.7,52.8,55.3,88.4,3.2,5.9,54.2,11.6,0.3,0.8,42.9
214,Josh Green,DAL,22,54,53,100,3.5,6.6,53.4,62.3,56.1,2.4,3.7,63.2,43.9,1.2,2.9,40.9
215,T.J. Warren,PHX,29,37,34,100,3.3,6.6,50.2,54.3,75.9,2.8,5.0,55.3,24.1,0.5,1.6,34.0
216,Bol Bol,ORL,23,67,66,100,3.7,6.6,56.6,59.8,77.6,3.3,5.1,64.5,22.4,0.4,1.5,29.1
217,Evan Fournier,NYK,30,23,23,100,2.3,6.6,35.1,46.0,32.5,0.9,2.1,40.8,67.5,1.4,4.4,32.3
218,Kenrich Williams,OKC,28,53,53,100,3.4,6.5,51.7,59.0,61.3,2.4,4.0,60.8,38.7,0.9,2.5,37.2
219,Keita Bates-Diop,SAS,27,58,53,100,3.3,6.5,50.7,56.5,70.7,2.5,4.6,55.2,29.3,0.8,1.9,39.8
220,Gary Harris,ORL,28,43,43,100,3.0,6.5,45.9,61.6,28.8,0.9,1.9,50.5,71.2,2.0,4.7,44.1
221,Isaiah Joe,OKC,23,66,62,100,2.9,6.5,44.8,61.5,20.4,0.7,1.3,55.6,79.6,2.2,5.2,41.9
222,Jordan Nwora,IND,24,55,53,100,2.8,6.5,43.5,53.3,52.4,1.6,3.4,45.3,47.6,1.3,3.1,41.5
223,Terance Mann,LAC,26,74,72,100,3.4,6.5,52.7,59.9,63.1,2.5,4.1,60.8,36.9,0.9,2.4,38.6
224,Draymond Green,GSW,33,65,65,100,3.4,6.5,52.7,57.1,72.1,2.9,4.7,61.0,27.9,0.6,1.8,31.3
225,Joshua Primo,SAS,20,4,4,100,2.3,6.5,34.6,40.4,53.8,1.5,3.5,42.9,46.2,0.8,3.0,25.0
226,Will Barton,TOR,32,51,48,100,2.4,6.5,37.2,45.9,50.8,1.3,3.3,38.6,49.2,1.1,3.2,35.6
227,Georges Niang,PHI,29,71,71,100,2.8,6.4,43.8,59.2,22.8,0.8,1.5,56.8,77.2,2.0,5.0,40.0
228,Shake Milton,PHI,26,70,68,100,3.1,6.4,48.9,54.8,70.2,2.4,4.5,53.0,29.8,0.8,1.9,39.8
229,Torrey Craig,PHX,32,71,71,100,2.8,6.4,43.9,54.2,47.7,1.5,3.0,49.0,52.3,1.3,3.3,39.2
230,Kemba Walker,DAL,32,9,9,100,2.7,6.3,42.1,48.2,50.9,1.9,3.2,58.7,49.1,0.8,3.1,25.1
231,Mason Plumlee,LAC,33,72,72,100,4.3,6.3,67.5,67.5,100.0,4.3,6.3,67.6,0.0,0.0,0.0,-
232,Daniel Theis,IND,30,7,7,100,3.0,6.3,47.7,50.0,75.0,2.7,4.7,57.5,25.0,0.3,1.6,18.5
233,Steven Adams,MEM,29,42,42,100,3.7,6.3,59.7,59.7,99.6,3.7,6.2,59.9,0.4,0.0,0.0,0.0
234,Thomas Bryant,DEN,25,57,57,100,3.9,6.3,62.6,66.0,84.6,3.5,5.3,66.1,15.4,0.4,1.0,43.8
235,Troy Brown Jr.,LAL,23,68,67,100,2.7,6.3,42.8,54.1,39.5,1.3,2.5,51.0,60.5,1.4,3.8,37.3
236,Brandon Clarke,MEM,26,56,56,100,4.1,6.2,65.6,65.8,98.3,4.1,6.1,66.4,1.7,0.0,0.1,18.2
237,Grant Williams,BOS,24,71,69,100,2.8,6.2,45.5,57.7,39.1,1.3,2.4,53.7,60.9,1.5,3.8,40.3
238,Romeo Langford,SAS,23,36,35,100,2.9,6.2,47.5,50.7,77.1,2.6,4.8,53.6,22.9,0.4,1.4,27.5
239,Damion Lee,PHX,30,70,69,100,2.7,6.2,44.4,56.8,44.4,1.2,2.7,44.2,55.6,1.5,3.4,44.6
240,Onyeka Okongwu,ATL,22,72,71,100,3.9,6.2,63.7,63.9,98.2,3.9,6.0,64.4,1.8,0.0,0.1,27.3
241,Luke Kennard,MEM,26,52,50,100,2.9,6.1,47.6,64.4,31.2,0.9,1.9,45.8,68.8,2.0,4.2,48.7
242,Reggie Bullock,DAL,32,71,71,100,2.5,6.0,41.3,57.7,15.6,0.5,0.9,54.3,84.4,2.0,5.1,39.0
243,Joe Harris,BKN,31,67,67,100,2.8,6.0,46.0,62.0,25.7,0.8,1.6,54.8,74.3,1.9,4.5,43.1
244,Kendrick Nunn,WAS,27,62,61,100,2.5,5.9,41.8,50.3,50.3,1.5,3.0,49.7,49.7,1.0,3.0,33.9
245,Goran Dragic,MIL,36,50,49,100,2.5,5.9,42.6,50.2,57.1,1.6,3.4,47.9,42.9,0.9,2.5,35.4
246,Jarred Vanderbilt,LAL,23,70,70,100,3.2,5.9,54.7,57.5,81.1,2.9,4.8,60.5,18.9,0.3,1.1,29.7
247,Derrick Rose,NYK,34,27,27,100,2.3,5.9,38.4,44.3,60.4,1.6,3.6,43.8,39.6,0.7,2.3,30.0
248,Devonte' Graham,SAS,28,68,68,100,2.2,5.8,37.9,52.0,21.4,0.6,1.3,45.6,78.6,1.6,4.6,35.9
249,Jeff Green,DEN,36,50,50,100,2.9,5.8,50.0,54.5,70.2,2.4,4.1,58.5,29.8,0.5,1.7,29.9
250,Jeremiah Robinson-Earl,OKC,22,38,37,100,2.7,5.8,45.9,53.4,55.0,1.8,3.2,56.7,45.0,0.9,2.6,33.1
251,Blake Wesley,SAS,20,28,28,100,1.8,5.8,31.3,36.2,74.2,1.3,4.3,28.9,25.8,0.6,1.5,38.0
252,David Roddy,MEM,21,61,59,100,2.5,5.8,43.8,51.4,49.2,1.7,2.9,58.2,50.8,0.9,3.0,30.2
253,Jalen Duren,DET,19,58,57,100,3.6,5.8,63.0,63.0,99.4,3.6,5.7,63.4,0.6,0.0,0.0,0.0
254,Brandon Boston Jr.,LAC,21,21,19,100,2.4,5.8,42.1,47.1,76.0,1.9,4.4,42.5,24.0,0.6,1.4,41.3
255,Josh Okogie,PHX,24,64,57,100,2.2,5.6,39.3,47.1,52.4,1.3,2.9,45.2,47.6,0.9,2.7,33.0
256,Ben Simmons,BKN,26,42,42,100,3.2,5.6,56.6,56.6,99.1,3.2,5.5,57.1,0.9,0.0,0.1,0.0
257,Duncan Robinson,MIA,28,36,35,100,2.0,5.6,36.5,49.8,19.0,0.6,1.1,52.8,81.0,1.5,4.5,32.7
258,Obi Toppin,NYK,25,60,60,100,2.3,5.5,41.4,51.1,39.9,1.2,2.2,55.5,60.1,1.1,3.3,32.2
259,Ty Jerome,GSW,25,44,42,100,2.7,5.5,48.8,56.0,62.8,1.9,3.5,54.8,37.2,0.8,2.0,39.0
260,Joe Ingles,MIL,35,40,40,100,2.4,5.5,44.1,60.7,19.1,0.6,1.1,57.1,80.9,1.8,4.5,41.1
261,Isaiah Livers,DET,24,46,46,100,2.2,5.5,40.9,53.2,28.2,0.9,1.5,57.8,71.8,1.4,3.9,34.4
262,Delon Wright,WAS,30,45,45,100,2.6,5.5,47.6,54.7,58.5,1.8,3.2,56.9,41.5,0.8,2.3,34.4
263,Terence Davis,SAC,25,58,57,100,2.4,5.5,43.2,55.5,34.1,1.0,1.9,54.8,65.9,1.3,3.6,37.2
264,Trey Lyles,SAC,27,66,64,100,2.6,5.4,47.5,58.4,41.6,1.4,2.3,61.5,58.4,1.2,3.2,37.2
265,Walker Kessler,UTA,21,70,68,100,3.9,5.4,72.2,72.4,99.5,3.9,5.4,72.4,0.5,0.0,0.0,33.3
266,Ochai Agbaji,UTA,22,51,45,100,2.4,5.4,44.7,56.5,37.5,1.1,2.0,56.4,62.5,1.3,3.4,37.7
267,Mark Williams,CHA,21,38,36,100,3.5,5.4,64.2,64.2,100.0,3.5,5.4,64.2,0.0,0.0,0.0,-
268,Patrick Beverley,CHI,34,59,59,100,2.1,5.4,39.6,50.6,34.2,0.9,1.8,50.8,65.8,1.2,3.5,33.7
269,Ricky Rubio,CLE,32,26,26,100,2.0,5.3,36.7,43.2,51.8,1.3,2.8,45.8,48.2,0.7,2.6,26.7
270,Edmond Sumner,BKN,27,49,46,100,2.5,5.3,46.0,51.9,67.0,1.8,3.6,51.0,33.0,0.6,1.8,35.8
271,Eugene Omoruyi,DET,26,34,32,100,2.4,5.3,45.3,49.2,66.9,2.0,3.6,56.2,33.1,0.4,1.8,23.3
272,Simone Fontecchio,UTA,27,45,40,100,1.9,5.3,36.4,47.1,37.7,0.8,2.0,40.0,62.3,1.1,3.3,34.1
273,Anthony Lamb,GSW,25,54,53,100,2.5,5.3,46.7,58.6,34.7,1.2,1.8,65.6,65.3,1.3,3.4,36.6
274,Nickeil Alexander-Walker,MIN,24,51,48,100,2.3,5.2,44.6,54.5,47.9,1.3,2.5,51.4,52.1,1.0,2.7,38.1
275,Cory Joseph,DET,31,54,53,100,2.2,5.2,42.7,51.6,52.7,1.3,2.7,47.4,47.3,0.9,2.5,37.8
276,TyTy Washington Jr.,HOU,21,30,29,100,1.8,5.2,35.5,41.0,49.7,1.3,2.6,49.4,50.3,0.6,2.6,21.9
277,Cody Martin,CHA,27,7,6,100,2.0,5.1,38.9,43.1,61.1,1.6,3.1,50.0,38.9,0.4,2.0,21.5
278,Rudy Gay,UTA,36,56,55,100,1.9,5.1,38.0,43.7,54.7,1.4,2.8,48.6,45.3,0.6,2.3,25.4
279,Mo Bamba,LAL,24,47,44,100,2.5,5.1,48.7,58.8,48.3,1.4,2.5,59.2,51.7,1.0,2.6,38.9
280,Jordan Goodwin,WAS,24,54,52,100,2.3,5.0,46.0,51.5,67.6,1.8,3.4,51.6,32.4,0.6,1.6,34.4
281,Robert Williams III,BOS,25,30,30,100,3.7,5.0,74.2,74.2,99.3,3.7,5.0,74.6,0.7,0.0,0.0,0.0
282,Aaron Wiggins,OKC,24,62,59,100,2.5,5.0,49.7,56.1,66.3,1.9,3.3,55.4,33.7,0.7,1.7,38.5
283,Nassir Little,POR,23,50,49,100,2.3,5.0,45.4,55.8,45.4,1.2,2.3,54.4,54.6,1.0,2.7,38.0
284,Davion Mitchell,SAC,24,73,73,100,2.3,5.0,45.8,53.7,50.7,1.5,2.5,58.9,49.3,0.8,2.5,32.0
285,Patty Mills,BKN,34,38,37,100,2.1,5.0,41.8,53.7,37.0,0.9,1.8,48.4,63.0,1.2,3.1,37.7
286,Ziaire Williams,MEM,21,36,33,100,2.1,4.9,42.4,48.6,49.7,1.5,2.4,60.2,50.3,0.6,2.5,24.7
287,Dario Saric,OKC,28,53,50,100,2.3,4.9,45.8,53.5,59.2,1.5,2.9,51.2,40.8,0.8,2.0,37.5
288,Robert Covington,LAC,32,42,40,100,2.1,4.9,42.7,53.4,40.8,1.1,2.0,52.5,59.2,1.1,2.9,36.2
289,Ousmane Dieng,OKC,19,31,30,100,2.1,4.9,42.4,50.3,46.4,1.3,2.3,57.1,53.6,0.8,2.6,29.5
290,Nicolas Batum,LAC,34,71,70,100,2.1,4.9,42.2,58.2,17.9,0.5,0.9,56.3,82.1,1.6,4.0,39.0
291,Larry Nance Jr.,NOP,30,57,54,100,3.0,4.9,61.4,63.9,85.6,2.7,4.2,65.9,14.4,0.3,0.7,35.7
292,Jaylin Williams,OKC,20,42,41,100,2.1,4.9,43.6,53.2,53.4,1.2,2.6,45.8,46.6,0.9,2.3,41.2
293,Jonathan Isaac,ORL,25,11,11,100,2.0,4.8,41.5,47.2,71.7,1.4,3.5,42.0,28.3,0.6,1.4,40.4
294,Isaiah Jackson,IND,21,56,52,100,2.8,4.8,57.6,58.0,94.8,2.7,4.5,60.0,5.2,0.0,0.3,16.0
295,Julian Champagnie,SAS,21,9,9,100,2.2,4.8,46.5,60.5,30.2,0.9,1.4,61.8,69.8,1.3,3.3,39.9
296,Trendon Watford,POR,22,56,55,100,2.6,4.8,55.4,59.6,79.8,2.3,3.8,59.2,20.2,0.4,1.0,40.6
297,Jock Landale,PHX,27,65,63,100,2.5,4.8,52.3,55.5,73.5,2.2,3.5,62.1,26.5,0.3,1.3,24.6
298,MarJon Beauchamp,MIL,22,45,43,100,1.9,4.8,40.2,49.5,42.1,1.0,2.0,51.0,57.9,0.9,2.8,32.2
299,Josh Christopher,HOU,21,56,53,100,2.2,4.8,45.5,49.2,71.1,1.8,3.4,53.3,28.9,0.4,1.4,26.1
300,Rodney McGruder,DET,31,32,28,100,1.9,4.8,40.8,54.3,36.2,0.7,1.7,38.4,63.8,1.3,3.0,42.2
301,Johnny Juzang,UTA,22,12,12,100,1.5,4.8,31.6,41.2,28.1,0.6,1.3,43.6,71.9,0.9,3.4,26.9
302,Sam Hauser,BOS,25,72,67,100,2.1,4.7,45.2,62.9,15.5,0.5,0.7,62.2,84.5,1.7,4.0,42.0
303,Nick Richards,CHA,25,60,57,100,2.9,4.7,62.0,62.0,100.0,2.9,4.7,61.9,0.0,0.0,0.0,-
304,Daniel Gafford,WAS,24,72,70,100,3.5,4.7,74.1,74.1,100.0,3.5,4.7,74.2,0.0,0.0,0.0,-
305,R.J. Hampton,DET,22,39,35,100,2.1,4.7,44.0,53.0,52.2,1.2,2.5,50.0,47.8,0.8,2.3,37.6
306,Isaac Okoro,CLE,22,75,73,100,2.3,4.7,49.3,58.1,51.6,1.5,2.4,61.3,48.4,0.8,2.3,36.4
307,Oshae Brissett,IND,24,58,55,100,1.9,4.7,40.3,48.5,49.8,1.1,2.3,47.9,50.2,0.8,2.4,33.1
308,Kevon Looney,GSW,27,74,73,100,3.0,4.7,64.4,64.4,99.7,3.0,4.7,64.6,0.3,0.0,0.0,0.0
309,Xavier Tillman,MEM,24,54,52,100,2.8,4.7,59.9,60.7,94.0,2.7,4.4,62.0,6.0,0.1,0.3,25.0
310,Mike Muscala,BOS,31,55,50,100,2.0,4.6,43.7,57.5,28.7,0.8,1.3,56.4,71.3,1.3,3.3,38.6
311,Mitchell Robinson,NYK,24,53,51,100,3.2,4.6,69.3,69.3,100.0,3.2,4.6,69.3,0.0,0.0,0.0,-
312,Nikola Jovic,MIA,19,15,13,100,1.9,4.6,40.6,46.4,49.3,1.3,2.3,58.6,50.7,0.5,2.3,22.7
313,Lamar Stevens,CLE,25,55,52,100,2.1,4.6,46.6,52.0,66.9,1.6,3.0,53.8,33.1,0.5,1.5,32.5
314,Payton Pritchard,BOS,25,45,41,100,1.8,4.6,39.0,49.3,38.0,0.8,1.7,48.6,62.0,0.9,2.8,33.0
315,Malachi Flynn,TOR,24,48,45,100,1.6,4.6,35.6,45.9,42.9,0.7,2.0,35.2,57.1,0.9,2.6,36.2
316,JaMychal Green,GSW,32,55,52,100,2.5,4.5,54.2,62.7,55.8,1.7,2.5,66.8,44.2,0.8,2.0,38.0
317,Maxi Kleber,DAL,31,32,31,100,2.1,4.5,46.2,57.2,35.2,1.1,1.6,68.6,64.8,1.0,2.9,34.0
318,John Konchar,MEM,27,65,62,100,1.9,4.5,42.7,52.7,42.7,1.0,1.9,53.1,57.3,0.9,2.6,35.3
319,Willy Hernangomez,NOP,28,37,34,100,2.4,4.5,52.4,53.3,93.4,2.3,4.2,54.2,6.6,0.1,0.3,26.7
320,Justin Holiday,DAL,33,41,40,100,1.7,4.4,38.5,50.8,28.5,0.6,1.2,49.2,71.5,1.1,3.1,34.3
321,Daishen Nix,HOU,21,50,46,100,1.5,4.4,35.3,44.3,41.3,0.8,1.8,42.2,58.7,0.8,2.6,30.5
322,James Bouknight,CHA,22,27,23,100,1.5,4.3,34.2,41.0,47.9,0.9,2.1,43.0,52.1,0.6,2.3,26.1
323,Alex Caruso,CHI,29,59,57,100,1.9,4.3,45.3,54.9,47.6,1.1,2.0,54.6,52.4,0.8,2.3,36.9
324,Theo Maledon,CHA,21,37,34,100,1.7,4.3,40.3,46.9,60.4,1.2,2.6,44.8,39.6,0.6,1.7,33.5
325,Jarrett Culver,ATL,24,10,9,100,1.7,4.3,39.5,40.7,72.1,1.6,3.1,51.6,27.9,0.1,1.2,8.3
326,Luka Garza,MIN,24,26,25,100,2.4,4.3,55.0,61.3,65.8,1.8,2.8,64.4,34.2,0.5,1.5,37.0
327,Jalen Johnson,ATL,21,64,61,100,2.0,4.3,48.0,52.7,67.4,1.6,2.9,56.9,32.6,0.4,1.4,29.5
328,Chuma Okeke,ORL,24,22,22,100,1.6,4.2,36.6,47.3,30.1,0.6,1.3,50.4,69.9,0.9,3.0,30.8
329,Dalano Banton,TOR,23,27,25,100,1.7,4.2,40.7,46.5,59.3,1.2,2.5,49.2,40.7,0.5,1.7,28.2
330,Lindy Waters III,OKC,25,37,35,100,1.6,4.2,39.4,56.1,8.4,0.2,0.3,68.6,91.6,1.4,3.8,36.7
331,Jae Crowder,MIL,32,11,11,100,2.0,4.2,47.8,62.0,28.3,0.8,1.2,69.5,71.7,1.2,3.0,39.3
332,Stanley Johnson,SAS,26,29,29,100,2.2,4.2,52.9,60.3,66.9,1.6,2.8,57.0,33.1,0.6,1.4,44.9
333,Sandro Mamukelashvili,SAS,23,35,33,100,1.6,4.1,38.6,45.5,51.7,1.0,2.1,48.1,48.3,0.6,2.0,28.5
334,Trevelin Queen,IND,26,7,7,100,1.0,4.1,24.1,27.6,48.3,0.7,2.0,35.5,51.7,0.3,2.1,13.6
335,Andre Drummond,CHI,29,60,56,100,2.5,4.1,60.1,60.1,98.8,2.5,4.1,60.8,1.2,0.0,0.1,0.0
336,Darius Bazley,PHX,22,41,35,100,1.8,4.0,44.6,50.3,70.5,1.3,2.9,47.0,29.5,0.5,1.2,38.3
337,Keon Johnson,POR,21,38,35,100,1.5,4.0,36.4,43.8,54.5,0.9,2.2,39.4,45.5,0.6,1.8,33.2
338,Yuta Watanabe,BKN,28,51,50,100,2.0,4.0,50.5,63.3,43.7,1.0,1.8,56.8,56.3,1.0,2.3,45.8
339,Wenyen Gabriel,LAL,25,60,56,100,2.4,4.0,59.8,61.8,86.3,2.2,3.5,64.3,13.7,0.2,0.6,30.9
340,Austin Rivers,MIN,30,52,48,100,1.8,4.0,43.5,53.8,41.1,0.9,1.6,55.8,58.9,0.8,2.4,35.0
341,Jarrell Brantley,UTA,26,3,2,100,2.3,4.0,58.3,75.0,33.3,1.0,1.3,75.2,66.7,1.3,2.7,49.8
342,Saben Lee,PHX,23,22,20,100,1.7,4.0,42.0,46.0,77.3,1.4,3.1,44.0,22.7,0.3,0.9,35.2
343,Carlik Jones,CHI,25,1,1,100,0.0,4.0,0.0,0.0,75.0,0.0,3.0,0.0,25.0,0.0,1.0,0.0
344,Isaiah Hartenstein,NYK,24,75,74,100,2.1,4.0,52.0,53.4,87.6,2.0,3.5,56.3,12.4,0.1,0.5,22.4
345,Haywood Highsmith,MIA,26,50,44,100,1.7,4.0,42.9,52.0,48.0,1.0,1.9,51.6,52.0,0.7,2.1,35.0
346,Vlatko Cancar,DEN,25,53,43,100,1.9,3.9,49.0,59.1,49.5,1.1,1.9,58.2,50.5,0.8,2.0,39.9
347,Dewayne Dedmon,PHI,33,35,34,100,2.0,3.9,50.4,54.4,72.3,1.7,2.8,58.7,27.7,0.3,1.1,28.4
348,Kevin Knox II,POR,23,54,51,100,1.9,3.9,47.4,58.5,37.9,1.0,1.5,66.2,62.1,0.9,2.4,35.8
349,Dean Wade,CLE,26,39,35,100,1.6,3.9,40.8,53.3,28.3,0.6,1.1,56.4,71.7,1.0,2.8,34.8
350,Charles Bassey,SAS,22,35,31,100,2.5,3.9,64.4,65.6,94.1,2.4,3.6,66.1,5.9,0.1,0.2,39.1
351,Patrick Baldwin Jr.,GSW,20,26,21,100,1.5,3.9,40.0,55.0,23.0,0.4,0.9,43.2,77.0,1.1,3.0,38.9
352,Ish Wainright,PHX,28,54,48,100,1.4,3.8,37.7,50.2,25.0,0.5,0.9,51.1,75.0,0.9,2.8,33.2
353,Dwight Powell,DAL,31,69,65,100,2.7,3.8,73.0,73.0,98.1,2.7,3.7,74.5,1.9,0.0,0.1,0.0
354,Otto Porter Jr.,TOR,29,8,8,100,1.9,3.8,50.0,60.0,43.3,1.1,1.6,69.3,56.7,0.8,2.1,35.2
355,Kira Lewis Jr.,NOP,21,23,20,100,1.6,3.7,44.2,51.7,62.8,1.1,2.4,46.4,37.2,0.6,1.4,41.0
356,Drew Eubanks,POR,26,71,68,100,2.5,3.7,68.4,69.0,97.3,2.5,3.6,69.0,2.7,0.0,0.1,40.0
357,Isaiah Roby,SAS,25,41,35,100,1.6,3.7,43.0,49.0,61.6,1.1,2.3,50.7,38.4,0.4,1.4,31.2
358,Thaddeus Young,TOR,34,54,49,100,2.0,3.7,54.5,56.1,82.8,1.9,3.0,62.2,17.2,0.1,0.6,17.5
359,George Hill,IND,36,42,38,100,1.7,3.7,45.5,54.5,43.5,1.0,1.6,62.5,56.5,0.7,2.1,32.4
360,Garrison Mathews,ATL,26,51,48,100,1.3,3.6,36.6,52.4,10.2,0.2,0.4,48.6,89.8,1.2,3.3,35.5
361,Day'Ron Sharpe,BKN,21,40,34,100,1.9,3.6,53.8,55.9,92.4,1.8,3.4,53.7,7.6,0.1,0.3,53.6
362,Montrezl Harrell,PHI,29,52,47,100,2.1,3.6,59.9,59.9,98.9,2.1,3.6,60.4,1.1,0.0,0.0,0.0
363,Jordan McLaughlin,MIN,26,36,36,100,1.5,3.6,42.6,49.6,47.3,1.0,1.7,60.9,52.7,0.5,1.9,26.5
364,Dyson Daniels,NOP,20,52,47,100,1.5,3.6,40.9,46.8,59.1,1.0,2.1,49.1,40.9,0.4,1.5,28.8
365,Dru Smith,BKN,25,11,9,100,1.6,3.5,46.2,52.6,53.8,1.2,1.9,61.8,46.2,0.5,1.6,27.4
366,Aaron Holiday,ATL,26,57,51,100,1.5,3.5,42.3,50.5,60.7,0.9,2.1,42.5,39.3,0.6,1.4,41.7
367,Derrick Jones Jr.,CHI,26,55,49,100,1.8,3.5,49.7,54.9,67.9,1.4,2.4,58.0,32.1,0.4,1.1,31.9
368,Javonte Green,CHI,29,30,27,100,2.0,3.5,58.1,64.3,67.6,1.6,2.4,67.5,32.4,0.4,1.1,38.1
369,Blake Griffin,BOS,34,34,29,100,1.7,3.5,49.2,57.6,50.8,1.1,1.8,63.6,49.2,0.6,1.7,34.5
370,Bryce McGowens,CHA,20,39,35,100,1.2,3.4,35.8,41.4,61.2,0.8,2.1,40.5,38.8,0.4,1.3,28.6
371,Matisse Thybulle,POR,26,66,53,100,1.5,3.4,44.9,55.6,40.9,0.8,1.4,57.6,59.1,0.7,2.0,36.1
372,AJ Green,MIL,23,32,24,100,1.5,3.4,44.0,61.9,16.5,0.3,0.6,50.0,83.5,1.2,2.8,43.0
373,Moses Moody,GSW,20,57,50,100,1.5,3.4,44.3,54.6,39.2,0.8,1.3,60.9,60.8,0.7,2.1,33.8
374,Jaxson Hayes,NOP,22,45,40,100,1.9,3.4,55.9,56.9,82.2,1.8,2.8,65.5,17.8,0.1,0.6,11.7
375,Serge Ibaka,MIL,33,16,16,100,1.6,3.4,48.1,53.7,66.7,1.3,2.3,55.6,33.3,0.4,1.1,33.6
376,Chimezie Metu,SAC,26,61,56,100,2.0,3.3,59.3,61.5,81.9,1.8,2.7,67.2,18.1,0.1,0.6,24.6
377,Zeke Nnaji,DEN,22,47,40,100,1.9,3.3,58.0,62.1,70.7,1.7,2.4,70.3,29.3,0.3,1.0,28.6
378,Jamal Cain,MIA,24,15,13,100,1.7,3.3,52.0,54.0,76.0,1.6,2.5,63.2,24.0,0.1,0.8,16.3
379,Christian Braun,DEN,21,68,55,100,1.6,3.3,49.1,55.5,66.4,1.2,2.2,54.8,33.6,0.4,1.1,38.4
380,Davis Bertans,DAL,30,41,39,100,1.4,3.3,41.9,58.8,11.8,0.3,0.4,69.2,88.2,1.1,2.9,38.2
381,Bryn Forbes,MIN,29,25,23,100,1.2,3.3,36.1,44.6,44.6,0.6,1.5,43.2,55.4,0.6,1.8,30.4
382,Caleb Houstan,ORL,20,44,41,100,1.3,3.3,38.6,51.7,28.3,0.4,0.9,44.1,71.7,0.9,2.4,36.4
383,Buddy Boeheim,DET,23,7,5,100,0.6,3.3,17.4,26.1,4.3,0.0,0.1,0.0,95.7,0.6,3.1,18.2
384,Miles McBride,NYK,22,58,48,100,1.2,3.3,36.0,46.0,35.4,0.5,1.2,44.8,64.6,0.7,2.1,31.4
385,Matt Ryan,MIN,25,33,26,100,1.2,3.2,37.4,52.3,22.4,0.2,0.7,32.9,77.6,1.0,2.5,38.5
386,Gorgui Dieng,SAS,33,26,22,100,1.2,3.2,36.9,45.2,34.5,0.7,1.1,58.0,65.5,0.5,2.1,25.5
387,David Duke Jr.,BKN,23,19,16,100,1.5,3.2,45.9,46.7,86.9,1.4,2.8,50.9,13.1,0.1,0.4,11.9
388,Bismack Biyombo,PHX,30,54,47,100,1.8,3.2,57.9,57.9,100.0,1.8,3.2,57.7,0.0,0.0,0.0,-
389,Jason Preston,LAC,23,13,12,100,1.4,3.1,43.9,50.0,56.1,1.0,1.8,56.5,43.9,0.4,1.4,27.5
390,Danuel House Jr.,PHI,29,48,44,100,1.5,3.1,48.0,58.7,40.0,0.8,1.3,66.4,60.0,0.7,1.9,35.6
391,Jordan Hall,SAS,21,9,8,100,1.0,3.1,32.1,37.5,46.4,0.7,1.4,46.5,53.6,0.3,1.7,19.8
392,Admiral Schofield,ORL,25,31,24,100,1.5,3.1,48.4,58.9,40.0,0.8,1.2,68.3,60.0,0.7,1.8,35.3
393,Amir Coffey,LAC,25,47,33,100,1.1,3.0,38.0,41.5,73.2,0.9,2.2,42.5,26.8,0.2,0.8,25.9
394,McKinley Wright IV,DAL,24,24,19,100,1.4,3.0,47.2,52.1,70.8,1.1,2.1,53.1,29.2,0.3,0.9,33.0
395,Darius Days,HOU,23,4,4,100,1.3,3.0,41.7,54.2,16.7,0.5,0.5,100,83.3,0.8,2.5,30.0
396,Frank Jackson,UTA,24,1,1,100,0.0,3.0,0.0,0.0,66.7,0.0,2.0,0.0,33.3,0.0,1.0,0.0
397,Wesley Matthews,MIL,36,44,42,100,1.0,3.0,34.4,47.3,19.8,0.3,0.6,42.4,80.2,0.8,2.4,32.2
398,Orlando Robinson,MIA,22,29,26,100,1.6,3.0,53.5,53.5,94.2,1.6,2.8,57.0,5.8,0.0,0.2,0.0
399,P.J. Tucker,PHI,37,69,62,100,1.2,2.9,42.3,54.2,38.3,0.5,1.1,48.2,61.7,0.7,1.8,38.9
400,Cody Zeller,MIA,30,10,10,100,1.5,2.9,51.7,51.7,96.6,1.5,2.8,53.6,3.4,0.0,0.1,0.0
401,JaVale McGee,DAL,35,37,34,100,1.8,2.9,60.7,61.2,96.3,1.7,2.8,62.2,3.7,0.0,0.1,27.3
402,Kenneth Lofton Jr.,MEM,20,18,16,100,1.4,2.9,50.0,54.8,76.9,1.2,2.2,52.7,23.1,0.3,0.7,41.8
403,JT Thor,CHA,20,62,54,100,1.1,2.9,39.9,46.9,50.0,0.7,1.4,51.4,50.0,0.4,1.4,27.8
404,Svi Mykhailiuk,CHA,25,25,20,100,1.3,2.8,45.1,60.6,38.0,0.4,1.1,37.0,62.0,0.9,1.8,50.0
405,Moses Brown,BKN,23,34,28,100,1.8,2.8,63.5,63.5,100.0,1.8,2.8,63.5,0.0,0.0,0.0,-
406,Jamaree Bouyea,WAS,23,5,4,100,1.2,2.8,42.9,50.0,57.1,0.8,1.6,50.0,42.9,0.4,1.2,33.3
407,Furkan Korkmaz,PHI,25,32,25,100,1.2,2.8,42.7,50.0,58.4,0.8,1.6,47.9,41.6,0.4,1.2,35.3
408,Markieff Morris,DAL,33,32,30,100,1.2,2.8,41.6,53.9,39.3,0.5,1.1,43.1,60.7,0.7,1.7,40.8
409,DeAndre Jordan,DEN,34,35,33,100,2.1,2.8,77.3,77.8,99.0,2.1,2.7,77.0,1.0,0.0,0.0,100
410,Bruno Fernando,ATL,24,35,31,100,1.4,2.8,51.5,51.5,99.0,1.4,2.7,52.2,1.0,0.0,0.0,0.0
411,Max Christie,LAL,20,38,31,100,1.2,2.8,41.9,54.3,41.0,0.5,1.1,41.6,59.0,0.7,1.6,41.7
412,Jake LaRavia,MEM,21,33,26,100,1.1,2.8,38.5,50.5,26.4,0.4,0.7,53.4,73.6,0.7,2.0,33.0
413,Gary Payton II,GSW,30,15,14,100,1.6,2.7,58.5,69.5,58.5,1.0,1.6,62.5,41.5,0.6,1.1,53.1
414,Juancho Hernangomez,TOR,27,42,34,100,1.1,2.7,42.1,49.6,41.2,0.7,1.1,66.1,58.8,0.4,1.6,25.0
415,Ish Smith,DEN,34,38,27,100,1.2,2.7,43.1,44.1,94.1,1.1,2.5,43.9,5.9,0.1,0.2,31.3
416,Kevon Harris,ORL,25,31,26,100,1.1,2.7,41.0,47.6,63.9,0.7,1.7,43.3,36.1,0.3,1.0,36.1
417,Paul Reed,PHI,23,61,48,100,1.5,2.7,57.7,57.7,97.5,1.5,2.6,59.0,2.5,0.0,0.1,0.0
418,Goga Bitadze,ORL,23,30,25,100,1.4,2.7,52.5,55.6,76.3,1.2,2.0,60.6,23.8,0.2,0.6,27.0
419,Johnny Davis,WAS,21,20,15,100,1.0,2.6,37.7,38.7,75.5,0.9,2.0,47.5,24.5,0.1,0.7,7.7
420,Trent Forrest,ATL,24,19,15,100,1.3,2.6,48.0,48.0,96.0,1.3,2.5,49.8,4.0,0.0,0.1,0.0
421,Christian Koloko,TOR,22,51,45,100,1.2,2.6,47.0,47.4,92.5,1.2,2.4,50.2,7.5,0.0,0.2,10.0
422,Danny Green,CLE,35,9,8,100,1.0,2.6,39.1,56.5,21.7,0.1,0.6,19.6,78.3,0.9,2.0,44.5
423,Dominick Barlow,SAS,19,20,18,100,1.3,2.5,49.0,49.0,92.2,1.3,2.4,53.2,7.8,0.0,0.2,0.0
424,Jeff Dowtin Jr.,TOR,25,20,15,100,1.1,2.5,45.1,49.0,74.5,0.9,1.9,50.0,25.5,0.2,0.7,30.8
425,Jabari Walker,POR,20,47,39,100,1.1,2.5,43.3,46.3,75.0,1.0,1.9,50.3,25.0,0.1,0.6,23.4
426,James Johnson,IND,36,15,12,100,1.1,2.5,42.1,46.1,65.8,0.9,1.7,52.1,34.2,0.2,0.9,23.0
427,Frank Ntilikina,DAL,24,44,35,100,0.9,2.5,36.4,42.7,47.3,0.6,1.2,50.0,52.7,0.3,1.3,24.2
428,Taj Gibson,WAS,37,46,40,100,1.3,2.4,53.6,55.4,83.0,1.2,2.0,60.4,17.0,0.1,0.4,22.0
429,Josh Minott,MIN,20,14,11,100,1.3,2.4,52.9,55.9,82.4,1.1,2.0,57.0,17.6,0.1,0.4,32.6
430,Olivier Sarr,OKC,24,5,4,100,1.0,2.4,41.7,45.8,58.3,0.8,1.4,57.1,41.7,0.2,1.0,20.0
431,Terry Taylor,CHI,23,28,21,100,1.1,2.4,47.8,50.7,73.1,1.0,1.8,57.1,26.9,0.1,0.6,21.9
432,Kennedy Chandler,MEM,20,32,23,100,1.0,2.4,40.8,42.1,80.3,0.9,1.9,47.6,19.7,0.1,0.5,12.8
433,Usman Garuba,HOU,21,67,60,100,1.2,2.4,51.3,58.9,69.0,0.8,1.6,52.1,31.0,0.4,0.7,49.3
434,Kessler Edwards,SAC,22,28,22,100,0.9,2.4,39.4,48.5,42.4,0.5,1.0,50.0,57.6,0.4,1.4,31.6
435,Luke Kornet,BOS,27,61,44,100,1.6,2.3,68.5,69.6,93.0,1.6,2.2,71.6,7.0,0.1,0.2,31.3
436,Meyers Leonard,MIL,31,6,6,100,1.3,2.3,57.1,75.0,28.6,0.5,0.7,74.6,71.4,0.8,1.7,49.7
437,Kai Jones,CHA,22,39,32,100,1.3,2.3,55.7,57.4,86.4,1.2,1.9,60.5,13.6,0.1,0.3,25.8
438,Lindell Wigginton,MIL,24,4,3,100,0.8,2.3,33.3,33.3,55.6,0.8,1.3,60.0,44.4,0.0,1.0,0.0
439,Moussa Diabate,LAC,21,19,12,100,1.2,2.2,52.4,53.6,95.2,1.1,2.1,52.6,4.8,0.1,0.1,45.5
440,Juan Toscano-Anderson,UTA,29,44,37,100,1.1,2.2,48.5,51.5,71.1,0.9,1.6,59.2,28.9,0.1,0.6,21.9
441,Nathan Knight,MIN,25,36,24,100,1.2,2.2,56.4,61.5,71.8,1.0,1.6,64.1,28.2,0.2,0.6,36.1
442,Jared Rhoden,DET,23,8,6,100,0.8,2.1,35.3,38.2,52.9,0.6,1.1,55.8,47.1,0.1,1.0,13.0
443,Jericho Sims,NYK,24,49,38,100,1.6,2.1,76.9,76.9,99.0,1.6,2.1,77.6,1.0,0.0,0.0,0.0
444,Nerlens Noel,BKN,28,17,15,100,0.8,2.1,36.1,37.5,94.4,0.7,2.0,35.5,5.6,0.1,0.1,50.0
445,Raul Neto,CLE,30,45,33,100,1.1,2.1,53.2,59.6,60.6,0.8,1.3,66.1,39.4,0.3,0.8,32.9
446,Davon Reed,LAL,27,40,28,100,0.7,2.1,32.5,42.8,44.6,0.3,0.9,26.9,55.4,0.4,1.1,37.4
447,Neemias Queta,SAC,23,4,2,100,1.5,2.0,75.0,75.0,100.0,1.5,2.0,75.0,0.0,0.0,0.0,-
448,Richaun Holmes,SAC,29,37,28,100,1.3,2.0,66.2,68.9,93.2,1.2,1.9,65.6,6.8,0.1,0.1,78.6
449,A.J. Lawson,DAL,22,13,10,100,1.0,2.0,50.0,63.5,38.5,0.5,0.8,59.7,61.5,0.5,1.2,43.9
450,Jared Butler,OKC,22,2,2,100,1.0,2.0,50.0,62.5,50.0,0.5,1.0,50.0,50.0,0.5,1.0,50.0
451,Scotty Pippen Jr.,LAL,22,6,5,100,0.7,2.0,33.3,37.5,75.0,0.5,1.5,33.3,25.0,0.2,0.5,34.0
452,Udonis Haslem,MIA,42,6,6,100,0.2,2.0,8.3,8.3,83.3,0.2,1.7,10.2,16.7,0.0,0.3,0.0
453,Xavier Moon,LAC,28,1,1,100,0.0,2.0,0.0,0.0,100.0,0.0,2.0,0.0,0.0,0.0,0.0,-
454,Anthony Gill,WAS,30,51,36,100,1.1,2.0,57.0,58.5,78.0,1.1,1.5,69.3,22.0,0.1,0.4,14.0
455,Boban Marjanovic,HOU,34,26,19,100,1.3,1.9,68.8,68.8,97.9,1.3,1.8,70.2,2.1,0.0,0.0,0.0
456,Mamadi Diakite,CLE,26,18,15,100,0.7,1.8,39.4,45.5,54.5,0.5,1.0,50.0,45.5,0.2,0.8,26.5
457,Garrett Temple,NOP,36,23,19,100,0.7,1.8,38.1,50.0,42.9,0.3,0.8,33.3,57.1,0.4,1.0,41.3
458,Damian Jones,UTA,27,34,20,100,1.1,1.8,58.1,61.3,85.5,0.9,1.6,60.3,14.5,0.1,0.3,46.2
459,Trevor Hudgins,HOU,24,5,2,100,0.4,1.8,22.2,33.3,11.1,0.0,0.2,0.0,88.9,0.4,1.6,25.0
460,Robin Lopez,CLE,34,34,24,100,1.1,1.8,65.0,66.7,95.0,1.1,1.7,64.9,5.0,0.1,0.1,66.7
461,Micah Potter,UTA,24,4,2,100,1.3,1.8,71.4,78.6,71.4,1.0,1.3,80.0,28.6,0.3,0.5,50.0
462,Ron Harper Jr.,TOR,22,4,4,100,1.0,1.8,57.1,71.4,42.9,0.5,0.8,66.7,57.1,0.5,1.0,50.0
463,Greg Brown III,POR,21,16,12,100,0.7,1.8,39.3,41.1,75.0,0.6,1.3,48.1,25.0,0.1,0.4,13.6
464,Andre Iguodala,GSW,39,7,6,100,0.7,1.7,41.7,41.7,41.7,0.7,0.7,100,58.3,0.0,1.0,0.0
465,Tyler Dorsey,DAL,27,3,2,100,1.3,1.7,80.0,90.0,60.0,1.0,1.0,100,40.0,0.3,0.7,49.3
466,Frank Kaminsky,HOU,29,33,22,100,0.8,1.7,49.1,60.0,45.5,0.5,0.8,59.2,54.5,0.4,0.9,39.6
467,Ryan Rollins,GSW,20,12,9,100,0.6,1.7,35.0,42.5,55.0,0.3,0.9,35.9,45.0,0.3,0.8,33.3
468,Theo Pinson,DAL,27,37,22,100,0.5,1.6,32.8,45.1,27.9,0.1,0.5,30.4,72.1,0.4,1.2,34.5
469,Facundo Campazzo,DAL,32,8,4,100,0.4,1.6,23.1,34.6,15.4,0.0,0.3,0.0,84.6,0.4,1.4,27.5
470,Jaden Springer,PHI,20,13,12,100,0.7,1.6,42.9,42.9,90.5,0.7,1.5,47.3,9.5,0.0,0.1,0.0
471,Matthew Dellavedova,SAC,32,31,21,100,0.6,1.6,34.0,43.0,46.0,0.3,0.7,35.1,54.0,0.3,0.9,33.3
472,Khem Birch,SAS,30,20,15,100,0.9,1.6,59.4,60.9,93.8,0.9,1.5,60.0,6.3,0.1,0.1,50.0
473,Joe Wieskamp,TOR,23,5,3,100,0.6,1.6,37.5,56.3,12.5,0.0,0.2,0.0,87.5,0.6,1.4,42.9
474,Udoka Azubuike,UTA,23,30,19,100,1.2,1.6,78.7,78.7,100.0,1.2,1.6,78.3,0.0,0.0,0.0,-
475,Wendell Moore Jr.,MIN,21,27,20,100,0.6,1.6,40.5,42.9,59.5,0.6,0.9,60.2,40.5,0.1,0.6,11.1
476,Dalen Terry,CHI,20,29,18,100,0.7,1.6,44.4,51.1,60.0,0.5,0.9,51.6,40.0,0.2,0.6,33.9
477,Dylan Windler,CLE,26,2,2,100,1.0,1.5,66.7,83.3,33.3,0.5,0.5,100,66.7,0.5,1.0,50.0
478,Omer Yurtseven,MIA,24,6,6,100,0.8,1.5,55.6,55.6,88.9,0.8,1.3,62.4,11.1,0.0,0.2,0.0
479,Quenton Jackson,WAS,24,4,4,100,0.8,1.5,50.0,58.3,50.0,0.5,0.8,66.7,50.0,0.3,0.8,33.3
480,Alize Johnson,SAS,26,4,2,100,0.8,1.5,50.0,50.0,66.7,0.8,1.0,75.0,33.3,0.0,0.5,0.0
481,Trevor Keels,NYK,19,2,2,100,0.5,1.5,33.3,50.0,0.0,0.0,0.0,-,100.0,0.5,1.5,33.3
482,Cole Swider,LAL,23,6,4,100,0.5,1.5,33.3,50.0,11.1,0.0,0.2,0.0,88.9,0.5,1.3,37.6
483,Sam Merrill,CLE,26,2,2,100,0.5,1.5,33.3,33.3,33.3,0.5,0.5,100,66.7,0.0,1.0,0.0
484,Ryan Arcidiacono,POR,28,18,9,100,0.4,1.5,25.9,37.0,40.7,0.1,0.6,9.8,59.3,0.3,0.9,37.1
485,Devon Dotson,WAS,23,6,5,100,0.2,1.5,11.1,16.7,66.7,0.0,1.0,0.0,33.3,0.2,0.5,34.0
486,Peyton Watson,DEN,20,16,12,100,0.8,1.4,56.5,65.2,73.9,0.6,1.1,52.8,26.1,0.3,0.4,65.8
487,Leandro Bolmaro,UTA,22,14,11,100,0.2,1.4,15.8,15.8,78.9,0.2,1.1,19.6,21.1,0.0,0.3,0.0
488,Vit Krejci,ATL,22,24,14,100,0.5,1.3,41.9,50.0,41.9,0.3,0.5,61.1,58.1,0.2,0.8,28.0
489,Vince Williams Jr.,MEM,22,11,8,100,0.4,1.3,28.6,35.7,28.6,0.2,0.4,50.0,71.4,0.2,0.9,19.8
490,Tyrese Martin,ATL,24,13,9,100,0.5,1.2,37.5,40.6,68.8,0.4,0.8,44.7,31.3,0.1,0.4,21.1
491,JD Davison,BOS,20,9,5,100,0.3,1.2,27.3,27.3,72.7,0.3,0.9,37.1,27.3,0.0,0.3,0.0
492,Kendall Brown,IND,19,6,4,100,0.7,1.2,57.1,57.1,85.7,0.7,1.0,67.0,14.3,0.0,0.2,0.0
493,Justin Jackson,BOS,27,23,15,100,0.3,1.2,25.9,35.2,25.9,0.1,0.3,30.0,74.1,0.2,0.9,25.3
494,Isaiah Mobley,CLE,23,9,6,100,0.6,1.1,50.0,55.0,70.0,0.4,0.8,56.4,30.0,0.1,0.3,33.3
495,KZ Okpala,SAC,23,35,18,100,0.5,1.1,42.1,51.3,44.7,0.3,0.5,53.1,55.3,0.2,0.6,33.3
496,Noah Vonleh,BOS,27,23,10,100,0.5,1.0,45.8,47.9,83.3,0.4,0.9,49.4,16.7,0.0,0.2,23.5
497,Justin Champagnie,TOR,21,3,2,100,1.0,1.0,100.0,100.0,100.0,1.0,1.0,100,0.0,0.0,0.0,-
498,Chris Silva,DAL,26,1,1,100,1.0,1.0,100.0,100.0,100.0,1.0,1.0,100,0.0,0.0,0.0,-
499,Tony Bradley,CHI,25,11,8,100,0.6,1.0,54.5,68.2,54.5,0.3,0.6,49.1,45.5,0.3,0.5,60.0
500,Keon Ellis,SAC,23,13,7,100,0.5,1.0,53.8,76.9,23.1,0.1,0.2,34.8,76.9,0.5,0.8,59.7
501,Mfiondu Kabengele,BOS,25,2,1,100,0.5,1.0,50.0,50.0,50.0,0.5,0.5,100,50.0,0.0,0.5,0.0
502,Malcolm Hill,CHI,27,4,1,100,0.5,1.0,50.0,62.5,25.0,0.3,0.3,100,75.0,0.3,0.8,33.3
503,Jordan Schakel,WAS,24,2,1,100,0.5,1.0,50.0,75.0,50.0,0.0,0.5,0.0,50.0,0.5,0.5,100
504,Chima Moneke,SAC,27,2,2,100,0.5,1.0,50.0,50.0,100.0,0.5,1.0,50.0,0.0,0.0,0.0,-
505,Jack White,DEN,25,16,8,100,0.4,1.0,43.8,53.1,50.0,0.3,0.5,50.0,50.0,0.2,0.5,38.0
506,Dereon Seabron,NOP,22,5,3,100,0.4,1.0,40.0,40.0,100.0,0.4,1.0,40.0,0.0,0.0,0.0,-
507,PJ Dozier,SAC,26,10,7,100,0.3,1.0,30.0,35.0,50.0,0.2,0.5,40.0,50.0,0.1,0.5,20.0
508,Isaiah Todd,WAS,21,4,3,100,0.3,1.0,25.0,25.0,25.0,0.3,0.3,100,75.0,0.0,0.8,0.0
509,Sterling Brown,LAL,28,4,2,100,0.0,1.0,0.0,0.0,50.0,0.0,0.5,0.0,50.0,0.0,0.5,0.0
510,Stanley Umude,DET,23,1,1,100,0.0,1.0,0.0,0.0,0.0,0.0,0.0,-,100.0,0.0,1.0,0.0
511,Deonte Burton,SAC,29,2,2,100,0.0,1.0,0.0,0.0,50.0,0.0,0.5,0.0,50.0,0.0,0.5,0.0
512,Thanasis Antetokounmpo,MIL,30,30,14,100,0.3,0.9,34.6,34.6,80.8,0.3,0.7,42.9,19.2,0.0,0.2,0.0
513,Vernon Carey Jr.,WAS,22,11,5,100,0.2,0.7,25.0,25.0,100.0,0.2,0.7,24.7,0.0,0.0,0.0,-
514,Jay Huff,WAS,25,3,2,100,0.3,0.7,50.0,50.0,50.0,0.3,0.3,100,50.0,0.0,0.3,0.0
515,Alex Len,SAC,29,18,8,100,0.3,0.7,41.7,41.7,83.3,0.3,0.6,50.0,16.7,0.0,0.1,0.0
516,Marko Simonovic,CHI,23,2,1,100,0.0,0.5,0.0,0.0,0.0,0.0,0.0,-,100.0,0.0,0.5,0.0
517,John Butler Jr.,POR,20,11,4,100,0.1,0.5,20.0,20.0,20.0,0.1,0.1,100,80.0,0.0,0.4,0.0
518,Braxton Key,DET,26,3,1,100,0.3,0.3,100.0,100.0,100.0,0.3,0.3,100,0.0,0.0,0.0,-
