trad_player,player_points_percentage,player_rebounds_percentage,player_assists_percentage,player_turnovers_percentage,player_steals_percentage,player_free_throws_attempted_percentage,player_field_goal_attepted_percentage,player_points_percentage_per_min,player_rebounds_percentage_per_min,player_assists_percentage_per_min,player_turnovers_percentage_per_min,player_steals_percentage_per_min,player_points_percentage_percentile,player_rebounds_percentage_percentile,player_assists_percentage_percentile,player_turnovers_percentage_percentile,player_steals_percentage_percentile,player_free_throws_attempted_percentage_percentile,player_field_goal_attepted_percentage_percentile,player_points_percentage_per_min_percentile,player_rebounds_percentage_per_min_percentile,player_assists_percentage_per_min_percentile,player_turnovers_percentage_per_min_percentile,player_steals_percentage_per_min_percentile
Joel Embiid,0.29,0.25,0.17,0.27,0.13,0.44,0.25,0.84,0.73,0.5,0.78,0.38,1.0,0.99,0.87,0.99,0.83,1.0,1.0,1.0,0.91,0.76,0.96,0.51
Luka Doncic,0.28,0.23,0.37,0.31,0.2,0.4,0.26,0.76,0.63,0.99,0.84,0.54,1.0,0.98,0.99,1.0,0.97,0.99,1.0,0.99,0.84,0.98,0.97,0.8
Damian Lillard,0.28,0.12,0.31,0.25,0.13,0.37,0.25,0.76,0.32,0.85,0.68,0.35,1.0,0.81,0.98,0.98,0.83,0.99,1.0,0.99,0.4,0.96,0.92,0.42
Shai Gilgeous-Alexander,0.27,0.11,0.23,0.22,0.21,0.46,0.22,0.76,0.3,0.64,0.61,0.6,0.99,0.77,0.94,0.95,0.99,1.0,0.98,0.99,0.33,0.87,0.86,0.87
Giannis Antetokounmpo,0.26,0.24,0.22,0.28,0.13,0.51,0.22,0.81,0.75,0.71,0.86,0.4,0.99,0.99,0.93,1.0,0.83,1.0,0.98,1.0,0.91,0.91,0.98,0.55
Kevin Durant,0.26,0.17,0.2,0.25,0.1,0.34,0.22,0.72,0.47,0.55,0.7,0.28,0.99,0.92,0.9,0.98,0.67,0.98,0.98,0.99,0.7,0.8,0.94,0.28
Jayson Tatum,0.25,0.2,0.18,0.23,0.15,0.38,0.24,0.69,0.53,0.48,0.62,0.41,0.99,0.95,0.89,0.97,0.9,0.99,0.99,0.98,0.76,0.73,0.87,0.58
Stephen Curry,0.25,0.14,0.21,0.21,0.13,0.25,0.22,0.7,0.41,0.59,0.59,0.38,0.99,0.87,0.92,0.94,0.83,0.96,0.98,0.99,0.59,0.83,0.83,0.51
LeBron James,0.25,0.19,0.26,0.23,0.13,0.24,0.24,0.69,0.53,0.73,0.65,0.37,0.99,0.94,0.96,0.97,0.83,0.95,0.99,0.98,0.76,0.92,0.89,0.48
Donovan Mitchell,0.25,0.1,0.18,0.21,0.2,0.23,0.24,0.69,0.29,0.5,0.58,0.57,0.99,0.72,0.89,0.94,0.97,0.94,0.99,0.98,0.3,0.76,0.82,0.84
Devin Booker,0.24,0.11,0.2,0.23,0.12,0.32,0.22,0.69,0.3,0.58,0.65,0.33,0.98,0.77,0.9,0.97,0.78,0.98,0.98,0.98,0.33,0.82,0.89,0.38
Kyrie Irving,0.23,0.13,0.22,0.17,0.18,0.22,0.24,0.63,0.34,0.57,0.47,0.47,0.98,0.85,0.93,0.89,0.94,0.93,0.99,0.96,0.45,0.82,0.69,0.71
Ja Morant,0.23,0.12,0.32,0.26,0.15,0.33,0.22,0.7,0.39,0.99,0.82,0.45,0.98,0.81,0.99,0.99,0.9,0.98,0.98,0.99,0.56,0.98,0.97,0.67
Jaylen Brown,0.23,0.15,0.13,0.22,0.17,0.24,0.23,0.64,0.41,0.37,0.63,0.47,0.98,0.89,0.81,0.95,0.93,0.95,0.99,0.97,0.59,0.61,0.88,0.71
Anthony Davis,0.23,0.26,0.1,0.15,0.15,0.29,0.19,0.66,0.78,0.33,0.46,0.46,0.98,0.99,0.73,0.86,0.9,0.97,0.93,0.97,0.93,0.55,0.67,0.69
Pascal Siakam,0.22,0.18,0.25,0.22,0.09,0.29,0.21,0.58,0.5,0.68,0.59,0.24,0.97,0.93,0.96,0.95,0.6,0.97,0.96,0.93,0.73,0.9,0.83,0.22
Brandon Ingram,0.22,0.12,0.21,0.23,0.07,0.27,0.21,0.65,0.36,0.62,0.7,0.21,0.97,0.81,0.92,0.97,0.46,0.97,0.96,0.97,0.5,0.85,0.94,0.17
Lauri Markkanen,0.22,0.19,0.07,0.13,0.1,0.24,0.19,0.63,0.54,0.22,0.38,0.29,0.97,0.94,0.62,0.82,0.67,0.95,0.93,0.96,0.77,0.31,0.5,0.31
DeMar DeRozan,0.22,0.11,0.21,0.15,0.15,0.33,0.2,0.59,0.31,0.59,0.42,0.4,0.97,0.77,0.92,0.86,0.9,0.98,0.95,0.94,0.37,0.83,0.59,0.55
Zach LaVine,0.22,0.11,0.17,0.19,0.12,0.26,0.21,0.62,0.3,0.48,0.54,0.35,0.97,0.77,0.87,0.92,0.78,0.96,0.96,0.96,0.33,0.73,0.78,0.42
Julius Randle,0.22,0.21,0.18,0.23,0.11,0.27,0.21,0.61,0.6,0.51,0.66,0.3,0.97,0.96,0.89,0.97,0.73,0.97,0.96,0.95,0.82,0.77,0.9,0.33
Trae Young,0.22,0.07,0.4,0.32,0.16,0.38,0.21,0.64,0.2,1.16,0.94,0.48,0.97,0.51,1.0,1.0,0.92,0.99,0.96,0.97,0.09,1.0,0.98,0.73
Zion Williamson,0.22,0.15,0.18,0.22,0.13,0.33,0.18,0.67,0.45,0.54,0.66,0.41,0.97,0.89,0.89,0.95,0.83,0.98,0.91,0.97,0.67,0.79,0.9,0.58
De'Aaron Fox,0.21,0.1,0.22,0.2,0.15,0.24,0.21,0.61,0.29,0.65,0.62,0.44,0.95,0.72,0.93,0.93,0.9,0.95,0.96,0.95,0.3,0.88,0.87,0.65
Nikola Jokic,0.21,0.28,0.33,0.26,0.17,0.27,0.17,0.63,0.81,0.98,0.75,0.51,0.95,1.0,0.99,0.99,0.93,0.97,0.9,0.96,0.94,0.98,0.95,0.78
Jimmy Butler,0.21,0.15,0.22,0.12,0.2,0.35,0.16,0.62,0.44,0.66,0.37,0.62,0.95,0.89,0.93,0.79,0.97,0.99,0.88,0.96,0.65,0.89,0.48,0.89
Paul George,0.21,0.14,0.22,0.23,0.22,0.22,0.21,0.6,0.41,0.63,0.64,0.64,0.95,0.87,0.93,0.97,0.99,0.93,0.96,0.95,0.59,0.86,0.88,0.9
Anthony Edwards,0.21,0.14,0.17,0.22,0.2,0.22,0.22,0.59,0.38,0.49,0.6,0.53,0.95,0.87,0.87,0.95,0.97,0.93,0.98,0.94,0.54,0.75,0.85,0.8
Kristaps Porzingis,0.2,0.19,0.1,0.16,0.12,0.29,0.18,0.63,0.59,0.31,0.5,0.37,0.94,0.94,0.73,0.87,0.78,0.97,0.91,0.96,0.81,0.51,0.74,0.48
Kawhi Leonard,0.2,0.15,0.16,0.13,0.2,0.22,0.19,0.59,0.44,0.5,0.39,0.58,0.94,0.89,0.85,0.82,0.97,0.93,0.93,0.94,0.65,0.76,0.53,0.85
Jalen Brunson,0.2,0.08,0.27,0.17,0.14,0.22,0.19,0.58,0.22,0.79,0.5,0.42,0.94,0.59,0.97,0.89,0.87,0.93,0.93,0.93,0.12,0.94,0.74,0.6
Jalen Green,0.2,0.08,0.16,0.17,0.1,0.24,0.2,0.58,0.24,0.48,0.49,0.29,0.94,0.59,0.85,0.89,0.67,0.95,0.95,0.93,0.16,0.73,0.73,0.31
LaMelo Ball,0.2,0.14,0.33,0.27,0.15,0.13,0.22,0.57,0.4,0.93,0.79,0.41,0.94,0.87,0.99,0.99,0.9,0.83,0.98,0.92,0.57,0.97,0.96,0.58
Bradley Beal,0.2,0.09,0.21,0.23,0.14,0.21,0.2,0.6,0.28,0.63,0.68,0.41,0.94,0.65,0.92,0.97,0.87,0.92,0.95,0.95,0.28,0.86,0.92,0.58
Tyler Herro,0.19,0.13,0.18,0.19,0.09,0.12,0.2,0.52,0.38,0.51,0.52,0.28,0.93,0.85,0.89,0.92,0.6,0.8,0.95,0.88,0.54,0.77,0.76,0.28
Keldon Johnson,0.19,0.12,0.11,0.15,0.09,0.26,0.19,0.59,0.36,0.32,0.46,0.28,0.93,0.81,0.76,0.86,0.6,0.96,0.93,0.94,0.5,0.53,0.67,0.28
Bam Adebayo,0.19,0.23,0.14,0.21,0.15,0.24,0.18,0.55,0.65,0.4,0.6,0.43,0.93,0.98,0.82,0.94,0.9,0.95,0.91,0.91,0.86,0.65,0.85,0.62
Terry Rozier,0.19,0.09,0.21,0.15,0.14,0.14,0.21,0.54,0.27,0.6,0.44,0.41,0.93,0.65,0.92,0.86,0.87,0.85,0.96,0.9,0.25,0.84,0.62,0.58
Kelly Oubre Jr.,0.19,0.12,0.04,0.1,0.17,0.19,0.19,0.57,0.36,0.14,0.31,0.55,0.93,0.81,0.38,0.72,0.93,0.91,0.93,0.92,0.5,0.12,0.34,0.81
Kyle Kuzma,0.19,0.17,0.15,0.22,0.08,0.16,0.21,0.54,0.48,0.45,0.62,0.23,0.93,0.92,0.84,0.95,0.53,0.88,0.96,0.9,0.71,0.7,0.87,0.2
Bojan Bogdanovic,0.19,0.09,0.11,0.16,0.07,0.19,0.17,0.59,0.27,0.33,0.5,0.23,0.93,0.65,0.76,0.87,0.46,0.91,0.9,0.94,0.25,0.55,0.74,0.2
Darius Garland,0.19,0.07,0.32,0.24,0.18,0.21,0.19,0.55,0.19,0.91,0.7,0.51,0.93,0.51,0.99,0.98,0.94,0.92,0.93,0.91,0.06,0.97,0.94,0.78
Tyrese Maxey,0.18,0.07,0.14,0.11,0.12,0.16,0.19,0.54,0.22,0.42,0.33,0.33,0.91,0.51,0.82,0.76,0.78,0.88,0.93,0.9,0.12,0.67,0.4,0.38
Jerami Grant,0.18,0.11,0.1,0.13,0.13,0.21,0.17,0.5,0.31,0.28,0.36,0.36,0.91,0.77,0.73,0.82,0.83,0.92,0.9,0.85,0.37,0.45,0.45,0.45
Klay Thompson,0.18,0.09,0.08,0.11,0.1,0.1,0.2,0.54,0.27,0.24,0.33,0.29,0.91,0.65,0.66,0.76,0.67,0.75,0.95,0.9,0.25,0.37,0.4,0.31
James Harden,0.18,0.15,0.43,0.28,0.19,0.26,0.17,0.49,0.42,1.16,0.78,0.5,0.91,0.89,1.0,1.0,0.95,0.96,0.9,0.84,0.61,1.0,0.96,0.76
Desmond Bane,0.18,0.11,0.17,0.19,0.11,0.16,0.18,0.59,0.36,0.53,0.6,0.35,0.91,0.77,0.87,0.92,0.73,0.88,0.91,0.94,0.5,0.78,0.85,0.42
Anfernee Simons,0.18,0.06,0.17,0.15,0.11,0.12,0.2,0.52,0.18,0.47,0.41,0.29,0.91,0.42,0.87,0.86,0.73,0.8,0.95,0.88,0.05,0.72,0.57,0.31
Jordan Clarkson,0.18,0.09,0.17,0.2,0.09,0.16,0.19,0.54,0.27,0.52,0.62,0.28,0.91,0.65,0.87,0.93,0.6,0.88,0.93,0.9,0.25,0.78,0.87,0.28
Paolo Banchero,0.18,0.16,0.16,0.2,0.12,0.29,0.18,0.52,0.47,0.47,0.59,0.36,0.91,0.91,0.85,0.93,0.78,0.97,0.91,0.88,0.7,0.72,0.83,0.45
Cade Cunningham,0.18,0.14,0.29,0.24,0.16,0.13,0.21,0.54,0.41,0.86,0.72,0.48,0.91,0.87,0.98,0.98,0.92,0.83,0.96,0.9,0.59,0.96,0.95,0.73
Karl-Anthony Towns,0.18,0.18,0.18,0.2,0.09,0.2,0.16,0.53,0.55,0.56,0.62,0.29,0.91,0.93,0.89,0.93,0.6,0.91,0.88,0.89,0.78,0.81,0.87,0.31
CJ McCollum,0.18,0.1,0.23,0.17,0.13,0.13,0.2,0.52,0.28,0.64,0.49,0.37,0.91,0.72,0.94,0.89,0.83,0.83,0.95,0.88,0.28,0.87,0.73,0.48
Mikal Bridges,0.17,0.11,0.12,0.11,0.15,0.17,0.17,0.49,0.29,0.34,0.32,0.45,0.89,0.77,0.79,0.76,0.9,0.89,0.9,0.84,0.3,0.57,0.37,0.67
Franz Wagner,0.17,0.09,0.16,0.15,0.12,0.16,0.16,0.51,0.28,0.47,0.45,0.36,0.89,0.65,0.85,0.86,0.78,0.88,0.88,0.86,0.28,0.72,0.65,0.45
Kevin Porter Jr.,0.17,0.12,0.26,0.21,0.2,0.18,0.17,0.49,0.35,0.76,0.6,0.59,0.89,0.81,0.96,0.94,0.97,0.9,0.9,0.84,0.48,0.93,0.85,0.87
Tyrese Haliburton,0.17,0.09,0.38,0.18,0.21,0.15,0.17,0.52,0.26,1.15,0.56,0.64,0.89,0.65,1.0,0.91,0.99,0.87,0.9,0.88,0.21,0.99,0.79,0.9
Dejounte Murray,0.17,0.12,0.25,0.18,0.21,0.12,0.19,0.47,0.33,0.67,0.48,0.56,0.89,0.81,0.96,0.91,0.99,0.8,0.93,0.81,0.43,0.89,0.71,0.82
Devin Vassell,0.17,0.09,0.13,0.1,0.14,0.12,0.17,0.54,0.29,0.43,0.31,0.48,0.89,0.65,0.81,0.72,0.87,0.8,0.9,0.9,0.3,0.68,0.34,0.73
Jordan Poole,0.17,0.06,0.15,0.2,0.11,0.24,0.17,0.57,0.2,0.51,0.67,0.36,0.89,0.42,0.84,0.93,0.73,0.95,0.9,0.92,0.09,0.77,0.91,0.45
Fred VanVleet,0.17,0.1,0.29,0.19,0.19,0.17,0.18,0.46,0.27,0.8,0.53,0.52,0.89,0.72,0.98,0.92,0.95,0.89,0.91,0.8,0.25,0.95,0.77,0.79
RJ Barrett,0.17,0.11,0.12,0.19,0.08,0.22,0.18,0.49,0.31,0.37,0.55,0.22,0.89,0.77,0.79,0.92,0.53,0.93,0.91,0.84,0.37,0.61,0.79,0.18
Jamal Murray,0.17,0.09,0.21,0.17,0.13,0.15,0.19,0.51,0.28,0.64,0.49,0.4,0.89,0.65,0.92,0.89,0.83,0.87,0.93,0.86,0.28,0.87,0.73,0.55
Spencer Dinwiddie,0.16,0.08,0.28,0.17,0.13,0.17,0.16,0.45,0.25,0.8,0.49,0.38,0.88,0.59,0.97,0.89,0.83,0.89,0.88,0.78,0.19,0.95,0.73,0.51
Domantas Sabonis,0.16,0.29,0.27,0.23,0.13,0.21,0.14,0.46,0.84,0.76,0.65,0.38,0.88,1.0,0.97,0.97,0.83,0.92,0.84,0.8,0.96,0.93,0.89,0.51
Deandre Ayton,0.16,0.23,0.06,0.15,0.08,0.14,0.15,0.52,0.74,0.2,0.48,0.25,0.88,0.98,0.56,0.86,0.53,0.85,0.86,0.88,0.91,0.26,0.71,0.23
Jaren Jackson Jr.,0.16,0.15,0.03,0.13,0.12,0.2,0.14,0.55,0.53,0.12,0.45,0.43,0.88,0.89,0.27,0.82,0.78,0.91,0.84,0.91,0.76,0.1,0.65,0.62
Jrue Holiday,0.16,0.1,0.29,0.21,0.2,0.13,0.17,0.5,0.31,0.88,0.66,0.59,0.88,0.72,0.98,0.94,0.97,0.83,0.9,0.85,0.37,0.97,0.9,0.87
Gary Trent Jr.,0.16,0.06,0.07,0.07,0.18,0.13,0.16,0.47,0.19,0.21,0.22,0.56,0.88,0.42,0.62,0.55,0.94,0.83,0.88,0.81,0.06,0.29,0.17,0.82
Bennedict Mathurin,0.15,0.1,0.05,0.13,0.08,0.24,0.14,0.5,0.35,0.18,0.48,0.29,0.86,0.72,0.48,0.82,0.53,0.95,0.84,0.85,0.48,0.2,0.71,0.31
D'Angelo Russell,0.15,0.07,0.24,0.17,0.13,0.12,0.15,0.46,0.24,0.76,0.54,0.38,0.86,0.51,0.95,0.89,0.83,0.8,0.86,0.8,0.16,0.93,0.78,0.51
Michael Porter Jr.,0.15,0.13,0.04,0.07,0.08,0.09,0.15,0.51,0.44,0.13,0.25,0.27,0.86,0.85,0.38,0.55,0.53,0.7,0.86,0.86,0.65,0.11,0.22,0.26
Buddy Hield,0.15,0.12,0.1,0.12,0.15,0.07,0.15,0.46,0.39,0.33,0.4,0.46,0.86,0.81,0.73,0.79,0.9,0.61,0.86,0.8,0.56,0.55,0.54,0.69
O.G. Anunoby,0.15,0.12,0.08,0.17,0.2,0.11,0.14,0.42,0.33,0.23,0.46,0.56,0.86,0.81,0.66,0.89,0.97,0.78,0.84,0.73,0.43,0.34,0.67,0.82
Myles Turner,0.15,0.19,0.05,0.11,0.07,0.19,0.13,0.52,0.63,0.18,0.41,0.24,0.86,0.94,0.48,0.76,0.46,0.91,0.82,0.88,0.84,0.2,0.57,0.22
Evan Mobley,0.15,0.22,0.11,0.16,0.11,0.17,0.14,0.42,0.64,0.33,0.45,0.33,0.86,0.97,0.76,0.87,0.73,0.89,0.84,0.73,0.85,0.55,0.65,0.38
Nikola Vucevic,0.15,0.26,0.13,0.14,0.09,0.08,0.16,0.46,0.77,0.4,0.41,0.28,0.86,0.99,0.81,0.84,0.6,0.65,0.88,0.8,0.92,0.65,0.57,0.28
Andrew Wiggins,0.14,0.12,0.08,0.08,0.15,0.11,0.16,0.44,0.36,0.24,0.27,0.47,0.85,0.81,0.66,0.62,0.9,0.78,0.88,0.77,0.5,0.37,0.27,0.71
Brook Lopez,0.14,0.14,0.05,0.1,0.08,0.11,0.13,0.44,0.44,0.16,0.33,0.26,0.85,0.87,0.48,0.72,0.53,0.78,0.82,0.77,0.65,0.16,0.4,0.25
Wendell Carter Jr.,0.14,0.2,0.1,0.14,0.06,0.15,0.13,0.47,0.67,0.33,0.46,0.21,0.85,0.95,0.73,0.84,0.39,0.87,0.82,0.81,0.88,0.55,0.67,0.17
Aaron Gordon,0.14,0.15,0.1,0.11,0.11,0.2,0.13,0.46,0.5,0.31,0.38,0.36,0.85,0.89,0.73,0.76,0.73,0.91,0.82,0.8,0.73,0.51,0.5,0.45
Cameron Johnson,0.14,0.1,0.07,0.06,0.14,0.11,0.13,0.48,0.34,0.26,0.21,0.49,0.85,0.72,0.62,0.47,0.87,0.78,0.82,0.83,0.45,0.41,0.17,0.74
Norman Powell,0.14,0.07,0.07,0.13,0.11,0.18,0.13,0.55,0.27,0.28,0.53,0.45,0.85,0.51,0.62,0.82,0.73,0.9,0.82,0.91,0.25,0.45,0.77,0.67
Christian Wood,0.14,0.19,0.08,0.15,0.07,0.16,0.14,0.56,0.71,0.29,0.57,0.28,0.85,0.94,0.66,0.86,0.46,0.88,0.84,0.92,0.89,0.47,0.8,0.28
P.J. Washington,0.14,0.11,0.1,0.12,0.11,0.1,0.15,0.43,0.34,0.29,0.37,0.34,0.85,0.77,0.73,0.79,0.73,0.75,0.86,0.75,0.45,0.47,0.48,0.4
Jaden Ivey,0.14,0.09,0.22,0.21,0.11,0.19,0.15,0.47,0.3,0.7,0.68,0.37,0.85,0.65,0.93,0.94,0.73,0.91,0.86,0.81,0.33,0.91,0.92,0.48
Josh Giddey,0.14,0.18,0.25,0.22,0.09,0.08,0.16,0.45,0.58,0.8,0.73,0.28,0.85,0.93,0.96,0.95,0.6,0.65,0.88,0.78,0.8,0.95,0.95,0.28
Scottie Barnes,0.14,0.16,0.2,0.18,0.12,0.14,0.15,0.39,0.45,0.58,0.51,0.34,0.85,0.91,0.9,0.91,0.78,0.85,0.86,0.67,0.67,0.82,0.75,0.4
Gordon Hayward,0.13,0.1,0.16,0.15,0.11,0.14,0.13,0.42,0.3,0.51,0.47,0.35,0.83,0.72,0.85,0.86,0.73,0.85,0.82,0.73,0.33,0.77,0.69,0.42
Russell Westbrook,0.13,0.13,0.28,0.26,0.14,0.17,0.15,0.45,0.45,0.98,0.91,0.49,0.83,0.85,0.97,0.99,0.87,0.89,0.86,0.78,0.67,0.98,0.98,0.74
Jonas Valanciunas,0.13,0.23,0.07,0.15,0.03,0.12,0.12,0.49,0.91,0.27,0.69,0.1,0.83,0.98,0.62,0.86,0.18,0.8,0.79,0.84,0.98,0.43,0.93,0.08
Jarrett Allen,0.13,0.24,0.07,0.11,0.11,0.14,0.11,0.38,0.72,0.22,0.33,0.32,0.83,0.99,0.62,0.76,0.73,0.85,0.76,0.65,0.9,0.31,0.4,0.36
Tobias Harris,0.13,0.14,0.1,0.1,0.12,0.07,0.14,0.38,0.42,0.31,0.29,0.35,0.83,0.87,0.73,0.72,0.78,0.61,0.84,0.65,0.61,0.51,0.3,0.42
Khris Middleton,0.13,0.09,0.2,0.17,0.11,0.13,0.14,0.5,0.37,0.78,0.7,0.44,0.83,0.65,0.9,0.89,0.73,0.83,0.84,0.85,0.52,0.93,0.94,0.65
Tim Hardaway Jr.,0.13,0.09,0.08,0.07,0.11,0.09,0.14,0.41,0.3,0.27,0.25,0.38,0.83,0.65,0.66,0.55,0.73,0.7,0.84,0.7,0.33,0.43,0.22,0.51
Kevin Huerter,0.13,0.08,0.11,0.1,0.15,0.07,0.13,0.42,0.27,0.35,0.32,0.47,0.83,0.59,0.76,0.72,0.9,0.61,0.82,0.73,0.25,0.58,0.37,0.71
De'Andre Hunter,0.13,0.1,0.06,0.1,0.07,0.14,0.13,0.42,0.3,0.18,0.31,0.23,0.83,0.72,0.56,0.72,0.46,0.85,0.82,0.73,0.33,0.2,0.34,0.2
Alperen Sengun,0.13,0.19,0.16,0.17,0.13,0.15,0.12,0.47,0.67,0.56,0.58,0.45,0.83,0.94,0.85,0.89,0.83,0.87,0.79,0.81,0.88,0.81,0.82,0.67
Rudy Gobert,0.12,0.28,0.05,0.12,0.11,0.21,0.09,0.38,0.9,0.15,0.37,0.34,0.8,1.0,0.48,0.79,0.73,0.92,0.68,0.65,0.98,0.14,0.48,0.4
Trey Murphy III,0.12,0.08,0.06,0.06,0.15,0.09,0.11,0.39,0.27,0.19,0.2,0.48,0.8,0.59,0.56,0.47,0.9,0.7,0.76,0.67,0.25,0.23,0.15,0.73
Collin Sexton,0.12,0.05,0.11,0.12,0.09,0.18,0.11,0.5,0.2,0.45,0.53,0.37,0.8,0.33,0.76,0.79,0.6,0.9,0.76,0.85,0.09,0.7,0.77,0.48
Cole Anthony,0.12,0.11,0.17,0.11,0.09,0.11,0.12,0.44,0.42,0.65,0.43,0.36,0.8,0.77,0.87,0.76,0.6,0.78,0.79,0.77,0.61,0.88,0.6,0.45
Jalen Williams,0.12,0.11,0.13,0.14,0.16,0.11,0.11,0.38,0.34,0.43,0.47,0.51,0.8,0.77,0.81,0.84,0.92,0.78,0.76,0.65,0.45,0.68,0.69,0.78
Jusuf Nurkic,0.12,0.21,0.12,0.16,0.11,0.15,0.11,0.42,0.79,0.47,0.69,0.43,0.8,0.96,0.79,0.87,0.73,0.87,0.76,0.73,0.93,0.72,0.93,0.62
Skylar Mays,0.12,0.07,0.31,0.2,0.0,0.0,0.1,0.4,0.24,1.03,0.67,0.0,0.8,0.51,0.98,0.93,0.04,0.04,0.73,0.69,0.16,0.99,0.91,0.04
Malcolm Brogdon,0.12,0.09,0.14,0.12,0.1,0.13,0.12,0.47,0.38,0.55,0.5,0.4,0.8,0.65,0.82,0.79,0.67,0.83,0.79,0.81,0.54,0.8,0.74,0.55
Markelle Fultz,0.12,0.09,0.23,0.18,0.19,0.1,0.13,0.41,0.31,0.79,0.6,0.63,0.8,0.65,0.94,0.91,0.95,0.75,0.82,0.7,0.37,0.94,0.85,0.9
Kenyon Martin Jr.,0.12,0.12,0.07,0.08,0.06,0.11,0.1,0.4,0.44,0.24,0.28,0.2,0.8,0.81,0.62,0.62,0.39,0.78,0.73,0.69,0.65,0.37,0.29,0.15
Immanuel Quickley,0.12,0.09,0.14,0.09,0.16,0.11,0.12,0.42,0.32,0.49,0.33,0.57,0.8,0.65,0.82,0.68,0.92,0.78,0.79,0.73,0.4,0.75,0.4,0.84
Saddiq Bey,0.12,0.11,0.06,0.07,0.12,0.13,0.12,0.42,0.4,0.22,0.24,0.4,0.8,0.77,0.56,0.55,0.78,0.83,0.79,0.73,0.57,0.31,0.2,0.55
Chris Paul,0.12,0.1,0.33,0.14,0.22,0.13,0.13,0.37,0.3,1.0,0.46,0.71,0.8,0.72,0.99,0.84,0.99,0.83,0.82,0.61,0.33,0.99,0.67,0.93
Bobby Portis,0.12,0.2,0.06,0.08,0.06,0.08,0.13,0.46,0.77,0.22,0.33,0.22,0.8,0.95,0.56,0.62,0.39,0.65,0.82,0.8,0.92,0.31,0.4,0.18
Jabari Smith Jr.,0.12,0.16,0.06,0.09,0.07,0.1,0.13,0.37,0.51,0.19,0.31,0.23,0.8,0.91,0.56,0.68,0.46,0.75,0.82,0.61,0.75,0.23,0.34,0.2
Luguentz Dort,0.12,0.1,0.09,0.1,0.12,0.14,0.13,0.38,0.34,0.31,0.31,0.4,0.8,0.72,0.7,0.72,0.78,0.85,0.82,0.65,0.45,0.51,0.34,0.55
Harrison Barnes,0.12,0.11,0.06,0.08,0.08,0.2,0.11,0.38,0.34,0.18,0.25,0.26,0.8,0.77,0.56,0.62,0.53,0.91,0.76,0.65,0.45,0.2,0.22,0.25
Dillon Brooks,0.12,0.07,0.1,0.11,0.11,0.09,0.15,0.41,0.23,0.33,0.37,0.37,0.8,0.51,0.73,0.76,0.73,0.7,0.86,0.7,0.14,0.55,0.48,0.48
Kyle Lowry,0.11,0.1,0.22,0.15,0.14,0.12,0.11,0.32,0.33,0.67,0.45,0.42,0.77,0.72,0.93,0.86,0.87,0.8,0.76,0.44,0.43,0.89,0.65,0.6
John Collins,0.11,0.15,0.05,0.1,0.08,0.1,0.11,0.36,0.49,0.16,0.32,0.28,0.77,0.89,0.48,0.72,0.53,0.75,0.76,0.59,0.72,0.16,0.37,0.28
Austin Reaves,0.11,0.07,0.13,0.12,0.1,0.15,0.09,0.37,0.23,0.45,0.4,0.36,0.77,0.51,0.81,0.79,0.67,0.87,0.68,0.61,0.14,0.7,0.54,0.45
Marvin Bagley III,0.11,0.15,0.04,0.07,0.07,0.1,0.1,0.44,0.64,0.14,0.29,0.25,0.77,0.89,0.38,0.55,0.46,0.75,0.73,0.77,0.85,0.12,0.3,0.23
Jakob Poeltl,0.11,0.22,0.1,0.12,0.12,0.12,0.1,0.42,0.82,0.38,0.46,0.45,0.77,0.97,0.73,0.79,0.78,0.8,0.73,0.73,0.95,0.62,0.67,0.67
Eric Gordon,0.11,0.04,0.12,0.1,0.09,0.1,0.11,0.38,0.15,0.38,0.33,0.29,0.77,0.25,0.79,0.72,0.6,0.75,0.76,0.65,0.03,0.62,0.4,0.31
Bogdan Bogdanovic,0.11,0.07,0.11,0.09,0.13,0.05,0.12,0.4,0.25,0.38,0.34,0.44,0.77,0.51,0.76,0.68,0.83,0.48,0.79,0.69,0.19,0.62,0.42,0.65
Dennis Schroder,0.11,0.06,0.17,0.13,0.12,0.14,0.11,0.35,0.18,0.56,0.43,0.37,0.77,0.42,0.87,0.82,0.78,0.85,0.76,0.55,0.05,0.81,0.6,0.48
John Wall,0.11,0.06,0.23,0.16,0.13,0.14,0.12,0.48,0.27,1.04,0.74,0.58,0.77,0.42,0.94,0.87,0.83,0.85,0.79,0.83,0.25,0.99,0.95,0.85
Malik Monk,0.11,0.06,0.14,0.14,0.09,0.11,0.12,0.48,0.28,0.66,0.67,0.43,0.77,0.42,0.82,0.84,0.6,0.78,0.79,0.83,0.28,0.89,0.91,0.62
Max Strus,0.11,0.08,0.09,0.07,0.07,0.06,0.12,0.35,0.28,0.31,0.23,0.24,0.77,0.59,0.7,0.55,0.46,0.55,0.79,0.55,0.28,0.51,0.18,0.22
Tre Jones,0.11,0.08,0.23,0.11,0.2,0.11,0.12,0.37,0.27,0.81,0.37,0.7,0.77,0.59,0.94,0.76,0.97,0.78,0.79,0.61,0.25,0.95,0.48,0.93
Alec Burks,0.11,0.07,0.09,0.08,0.1,0.15,0.1,0.51,0.31,0.43,0.38,0.5,0.77,0.51,0.7,0.62,0.67,0.87,0.73,0.86,0.37,0.68,0.5,0.76
Malik Beasley,0.11,0.08,0.06,0.08,0.12,0.03,0.14,0.4,0.31,0.23,0.33,0.49,0.77,0.59,0.56,0.62,0.78,0.31,0.84,0.69,0.37,0.34,0.4,0.74
Nic Claxton,0.11,0.23,0.07,0.09,0.11,0.15,0.09,0.38,0.78,0.24,0.33,0.38,0.77,0.98,0.62,0.68,0.73,0.87,0.68,0.65,0.93,0.37,0.4,0.51
Clint Capela,0.1,0.25,0.03,0.07,0.1,0.09,0.09,0.39,0.93,0.12,0.25,0.36,0.74,0.99,0.27,0.55,0.67,0.7,0.68,0.67,0.99,0.1,0.22,0.45
Naz Reid,0.1,0.12,0.05,0.09,0.07,0.08,0.1,0.55,0.64,0.27,0.47,0.39,0.74,0.81,0.48,0.68,0.46,0.65,0.73,0.91,0.85,0.43,0.69,0.53
Kelly Olynyk,0.1,0.13,0.14,0.15,0.14,0.13,0.09,0.36,0.45,0.48,0.56,0.51,0.74,0.85,0.82,0.86,0.87,0.83,0.68,0.59,0.67,0.73,0.79,0.78
Zach Collins,0.1,0.14,0.1,0.14,0.08,0.1,0.09,0.43,0.62,0.46,0.62,0.32,0.74,0.87,0.73,0.84,0.53,0.75,0.68,0.75,0.83,0.71,0.87,0.36
Kris Dunn,0.1,0.09,0.19,0.09,0.2,0.09,0.1,0.42,0.37,0.82,0.41,0.86,0.74,0.65,0.9,0.68,0.97,0.7,0.73,0.73,0.52,0.95,0.57,0.96
Mike Conley,0.1,0.06,0.26,0.11,0.15,0.1,0.1,0.32,0.2,0.87,0.35,0.51,0.74,0.42,0.96,0.76,0.9,0.75,0.73,0.44,0.09,0.96,0.44,0.78
Isaiah Stewart,0.1,0.19,0.06,0.09,0.05,0.11,0.1,0.36,0.66,0.23,0.33,0.17,0.74,0.94,0.56,0.68,0.32,0.78,0.73,0.59,0.87,0.34,0.4,0.12
Marcus Morris Sr.,0.1,0.09,0.08,0.06,0.09,0.05,0.12,0.36,0.32,0.26,0.23,0.3,0.74,0.65,0.66,0.47,0.6,0.48,0.79,0.59,0.4,0.41,0.18,0.33
Derrick White,0.1,0.08,0.15,0.08,0.1,0.11,0.1,0.37,0.27,0.5,0.33,0.36,0.74,0.59,0.84,0.62,0.67,0.78,0.73,0.61,0.25,0.76,0.4,0.45
Jaden McDaniels,0.1,0.09,0.07,0.1,0.13,0.08,0.1,0.33,0.3,0.23,0.35,0.41,0.74,0.65,0.62,0.72,0.83,0.65,0.73,0.48,0.33,0.34,0.44,0.58
Bones Hyland,0.1,0.06,0.11,0.1,0.1,0.08,0.12,0.49,0.29,0.55,0.53,0.51,0.74,0.42,0.76,0.72,0.67,0.65,0.79,0.84,0.3,0.8,0.77,0.78
Caris LeVert,0.1,0.09,0.16,0.13,0.15,0.11,0.12,0.34,0.31,0.52,0.45,0.52,0.74,0.65,0.85,0.82,0.9,0.78,0.79,0.51,0.37,0.78,0.65,0.79
Mason Plumlee,0.1,0.21,0.13,0.12,0.08,0.17,0.07,0.36,0.78,0.48,0.46,0.32,0.74,0.96,0.81,0.79,0.53,0.89,0.55,0.59,0.93,0.73,0.67,0.36
Keegan Murray,0.1,0.1,0.04,0.06,0.13,0.04,0.11,0.32,0.36,0.15,0.2,0.44,0.74,0.72,0.38,0.47,0.83,0.4,0.76,0.44,0.5,0.14,0.15,0.65
Marcus Smart,0.1,0.07,0.24,0.18,0.23,0.08,0.11,0.29,0.22,0.74,0.59,0.69,0.74,0.51,0.95,0.91,1.0,0.65,0.76,0.33,0.12,0.92,0.83,0.93
Lonnie Walker IV,0.1,0.04,0.05,0.05,0.08,0.08,0.11,0.42,0.17,0.22,0.2,0.3,0.74,0.25,0.48,0.38,0.53,0.65,0.76,0.73,0.04,0.31,0.15,0.33
Rui Hachimura,0.1,0.09,0.03,0.07,0.05,0.08,0.11,0.41,0.4,0.15,0.29,0.25,0.74,0.65,0.27,0.55,0.32,0.65,0.76,0.7,0.57,0.14,0.3,0.23
Bruce Brown,0.1,0.1,0.12,0.12,0.15,0.08,0.1,0.34,0.34,0.42,0.41,0.51,0.74,0.72,0.79,0.79,0.9,0.65,0.73,0.51,0.45,0.67,0.57,0.78
Cam Reddish,0.09,0.05,0.06,0.09,0.13,0.08,0.09,0.33,0.21,0.26,0.37,0.48,0.69,0.33,0.56,0.68,0.83,0.65,0.68,0.48,0.11,0.41,0.48,0.73
Doug McDermott,0.09,0.05,0.05,0.07,0.04,0.05,0.09,0.42,0.24,0.27,0.32,0.16,0.69,0.33,0.48,0.55,0.24,0.48,0.68,0.73,0.16,0.43,0.37,0.11
Ivica Zubac,0.09,0.23,0.04,0.12,0.05,0.14,0.08,0.33,0.79,0.16,0.43,0.16,0.69,0.98,0.38,0.79,0.32,0.85,0.62,0.48,0.93,0.16,0.6,0.11
Corey Kispert,0.09,0.06,0.05,0.05,0.07,0.05,0.09,0.33,0.22,0.18,0.19,0.24,0.69,0.42,0.48,0.38,0.46,0.48,0.68,0.48,0.12,0.2,0.14,0.22
Grayson Allen,0.09,0.07,0.09,0.08,0.14,0.09,0.09,0.32,0.25,0.32,0.28,0.52,0.69,0.51,0.7,0.62,0.87,0.7,0.68,0.44,0.19,0.53,0.29,0.79
Brandon Clarke,0.09,0.12,0.05,0.07,0.07,0.1,0.07,0.44,0.61,0.28,0.39,0.35,0.69,0.81,0.48,0.55,0.46,0.75,0.55,0.77,0.82,0.45,0.53,0.42
Aaron Nesmith,0.09,0.09,0.05,0.07,0.09,0.08,0.09,0.33,0.37,0.2,0.31,0.35,0.69,0.65,0.48,0.55,0.6,0.65,0.68,0.48,0.52,0.26,0.34,0.42
Josh Hart,0.09,0.18,0.16,0.12,0.18,0.09,0.08,0.27,0.55,0.5,0.37,0.56,0.69,0.93,0.85,0.79,0.94,0.7,0.62,0.27,0.78,0.76,0.48,0.82
Quentin Grimes,0.09,0.07,0.09,0.09,0.09,0.05,0.09,0.33,0.23,0.3,0.31,0.27,0.69,0.51,0.7,0.68,0.6,0.48,0.68,0.48,0.14,0.49,0.34,0.26
Seth Curry,0.09,0.04,0.06,0.07,0.1,0.05,0.09,0.37,0.19,0.32,0.31,0.44,0.69,0.25,0.56,0.55,0.67,0.48,0.68,0.61,0.06,0.53,0.34,0.65
James Wiseman,0.09,0.14,0.03,0.07,0.04,0.09,0.08,0.45,0.75,0.14,0.34,0.19,0.69,0.87,0.27,0.55,0.24,0.7,0.62,0.78,0.91,0.12,0.42,0.13
Caleb Martin,0.09,0.12,0.07,0.09,0.14,0.07,0.09,0.3,0.42,0.22,0.31,0.45,0.69,0.81,0.62,0.68,0.87,0.61,0.68,0.36,0.61,0.31,0.34,0.67
Moritz Wagner,0.09,0.11,0.07,0.09,0.08,0.13,0.08,0.47,0.56,0.32,0.49,0.39,0.69,0.77,0.62,0.68,0.53,0.83,0.62,0.81,0.79,0.53,0.73,0.53
Cam Thomas,0.09,0.04,0.06,0.08,0.05,0.14,0.09,0.41,0.26,0.31,0.5,0.25,0.69,0.25,0.56,0.62,0.32,0.85,0.68,0.7,0.21,0.51,0.74,0.23
Cameron Payne,0.09,0.05,0.17,0.14,0.1,0.07,0.11,0.45,0.27,0.79,0.77,0.48,0.69,0.33,0.87,0.84,0.67,0.61,0.76,0.78,0.25,0.94,0.96,0.73
Talen Horton-Tucker,0.09,0.07,0.14,0.13,0.09,0.1,0.1,0.41,0.33,0.68,0.62,0.5,0.69,0.51,0.82,0.82,0.6,0.75,0.73,0.7,0.43,0.9,0.87,0.76
Tyus Jones,0.09,0.05,0.19,0.07,0.11,0.06,0.1,0.35,0.21,0.8,0.27,0.44,0.69,0.33,0.9,0.55,0.73,0.55,0.73,0.55,0.11,0.95,0.27,0.65
Gabe Vincent,0.09,0.05,0.11,0.11,0.12,0.05,0.1,0.31,0.2,0.4,0.44,0.45,0.69,0.33,0.76,0.76,0.78,0.48,0.73,0.4,0.09,0.65,0.62,0.67
Jeremy Sochan,0.09,0.12,0.09,0.12,0.1,0.09,0.1,0.34,0.47,0.35,0.45,0.41,0.69,0.81,0.7,0.79,0.67,0.7,0.73,0.51,0.7,0.58,0.65,0.58
Reggie Jackson,0.09,0.05,0.14,0.13,0.09,0.05,0.11,0.36,0.2,0.58,0.59,0.42,0.69,0.33,0.82,0.82,0.6,0.48,0.76,0.59,0.09,0.82,0.83,0.6
Josh Richardson,0.09,0.06,0.1,0.1,0.17,0.07,0.1,0.38,0.27,0.43,0.41,0.65,0.69,0.42,0.73,0.72,0.93,0.61,0.73,0.65,0.25,0.68,0.57,0.91
Jalen Suggs,0.09,0.07,0.14,0.12,0.2,0.09,0.1,0.35,0.28,0.55,0.48,0.86,0.69,0.51,0.82,0.79,0.97,0.7,0.73,0.55,0.28,0.8,0.71,0.96
Monte Morris,0.09,0.08,0.21,0.07,0.1,0.05,0.1,0.33,0.29,0.76,0.26,0.36,0.69,0.59,0.92,0.55,0.67,0.48,0.73,0.48,0.3,0.93,0.25,0.45
De'Anthony Melton,0.09,0.1,0.1,0.11,0.21,0.04,0.1,0.3,0.35,0.36,0.37,0.71,0.69,0.72,0.73,0.76,0.99,0.4,0.73,0.36,0.48,0.6,0.48,0.93
Jaylen Nowell,0.09,0.06,0.08,0.07,0.08,0.07,0.11,0.45,0.33,0.41,0.37,0.37,0.69,0.42,0.66,0.55,0.53,0.61,0.76,0.78,0.43,0.67,0.48,0.48
Malaki Branham,0.09,0.06,0.08,0.08,0.08,0.05,0.1,0.35,0.25,0.33,0.38,0.31,0.69,0.42,0.66,0.62,0.53,0.48,0.73,0.55,0.19,0.55,0.5,0.34
Kentavious Caldwell-Pope,0.09,0.07,0.08,0.08,0.19,0.07,0.1,0.29,0.21,0.26,0.25,0.61,0.69,0.51,0.66,0.62,0.95,0.61,0.73,0.33,0.11,0.41,0.22,0.88
Victor Oladipo,0.09,0.07,0.14,0.15,0.14,0.09,0.11,0.34,0.28,0.54,0.57,0.55,0.69,0.51,0.82,0.86,0.87,0.7,0.76,0.51,0.28,0.79,0.8,0.81
Patrick Williams,0.09,0.09,0.05,0.1,0.12,0.06,0.09,0.31,0.33,0.17,0.37,0.42,0.69,0.65,0.48,0.72,0.78,0.55,0.68,0.4,0.43,0.18,0.48,0.6
Killian Hayes,0.09,0.07,0.27,0.16,0.19,0.05,0.12,0.31,0.24,0.96,0.57,0.67,0.69,0.51,0.97,0.87,0.95,0.48,0.79,0.4,0.16,0.98,0.8,0.92
Chris Boucher,0.08,0.13,0.02,0.05,0.07,0.09,0.08,0.4,0.64,0.08,0.26,0.33,0.63,0.85,0.17,0.38,0.46,0.7,0.62,0.69,0.85,0.06,0.25,0.38
Taurean Prince,0.08,0.06,0.06,0.09,0.06,0.05,0.08,0.35,0.25,0.28,0.43,0.25,0.63,0.42,0.56,0.68,0.39,0.48,0.62,0.55,0.19,0.45,0.6,0.23
Bol Bol,0.08,0.14,0.04,0.1,0.06,0.06,0.08,0.36,0.65,0.2,0.51,0.25,0.63,0.87,0.38,0.72,0.39,0.55,0.62,0.59,0.86,0.26,0.75,0.23
Hamidou Diallo,0.08,0.08,0.04,0.09,0.13,0.09,0.08,0.46,0.45,0.24,0.47,0.79,0.63,0.59,0.38,0.68,0.83,0.7,0.62,0.8,0.67,0.37,0.69,0.95
Precious Achiuwa,0.08,0.13,0.04,0.11,0.06,0.1,0.08,0.37,0.61,0.19,0.59,0.24,0.63,0.85,0.38,0.76,0.39,0.75,0.62,0.61,0.82,0.23,0.83,0.22
Josh Green,0.08,0.08,0.07,0.11,0.11,0.07,0.08,0.3,0.3,0.26,0.41,0.46,0.63,0.59,0.62,0.76,0.73,0.61,0.62,0.36,0.33,0.41,0.57,0.69
Jose Alvarado,0.08,0.05,0.12,0.09,0.12,0.05,0.09,0.36,0.25,0.55,0.44,0.58,0.63,0.33,0.79,0.68,0.78,0.48,0.68,0.59,0.19,0.8,0.62,0.85
Kemba Walker,0.08,0.04,0.09,0.04,0.03,0.09,0.08,0.44,0.2,0.4,0.16,0.56,0.63,0.25,0.7,0.28,0.18,0.7,0.62,0.77,0.09,0.65,0.09,0.82
Royce O'Neale,0.08,0.13,0.14,0.11,0.13,0.04,0.09,0.25,0.4,0.46,0.34,0.4,0.63,0.85,0.82,0.76,0.83,0.4,0.68,0.22,0.57,0.71,0.42,0.55
Gary Harris,0.08,0.05,0.05,0.04,0.13,0.02,0.08,0.31,0.21,0.2,0.16,0.52,0.63,0.33,0.48,0.28,0.83,0.21,0.62,0.4,0.11,0.26,0.09,0.79
Isaiah Joe,0.08,0.05,0.05,0.04,0.08,0.05,0.07,0.39,0.29,0.32,0.2,0.42,0.63,0.33,0.48,0.28,0.53,0.48,0.55,0.67,0.3,0.53,0.15,0.6
Santi Aldama,0.08,0.1,0.05,0.06,0.07,0.08,0.07,0.35,0.45,0.23,0.26,0.32,0.63,0.72,0.48,0.47,0.46,0.65,0.55,0.55,0.67,0.34,0.25,0.36
Luke Kennard,0.08,0.06,0.06,0.07,0.07,0.03,0.07,0.34,0.27,0.26,0.3,0.41,0.63,0.42,0.56,0.55,0.46,0.31,0.55,0.51,0.25,0.41,0.32,0.58
Kyle Anderson,0.08,0.13,0.18,0.1,0.13,0.09,0.08,0.28,0.44,0.61,0.36,0.47,0.63,0.85,0.89,0.72,0.83,0.7,0.62,0.3,0.65,0.85,0.45,0.71
Thomas Bryant,0.08,0.13,0.02,0.05,0.05,0.08,0.07,0.44,0.66,0.1,0.3,0.21,0.63,0.85,0.17,0.38,0.32,0.65,0.55,0.77,0.87,0.08,0.32,0.17
Keita Bates-Diop,0.08,0.08,0.05,0.05,0.09,0.1,0.07,0.37,0.37,0.23,0.3,0.41,0.63,0.59,0.48,0.38,0.6,0.75,0.55,0.61,0.52,0.34,0.32,0.58
Onyeka Okongwu,0.08,0.16,0.04,0.08,0.1,0.11,0.07,0.37,0.7,0.18,0.34,0.43,0.63,0.91,0.38,0.62,0.67,0.78,0.55,0.61,0.89,0.2,0.42,0.62
Jalen Duren,0.08,0.21,0.05,0.09,0.09,0.08,0.07,0.32,0.83,0.2,0.39,0.37,0.63,0.96,0.48,0.68,0.6,0.65,0.55,0.44,0.96,0.26,0.53,0.48
Mark Williams,0.08,0.15,0.02,0.06,0.11,0.09,0.06,0.48,0.96,0.09,0.38,0.52,0.63,0.89,0.17,0.47,0.73,0.7,0.48,0.83,0.99,0.07,0.5,0.79
Walker Kessler,0.08,0.18,0.03,0.05,0.07,0.09,0.06,0.32,0.78,0.15,0.25,0.31,0.63,0.93,0.27,0.38,0.46,0.7,0.48,0.44,0.93,0.14,0.22,0.34
Jaden Hardy,0.08,0.04,0.06,0.08,0.07,0.08,0.08,0.5,0.29,0.36,0.61,0.29,0.63,0.25,0.56,0.62,0.46,0.65,0.62,0.85,0.3,0.6,0.86,0.31
Terance Mann,0.08,0.08,0.1,0.07,0.08,0.06,0.08,0.32,0.36,0.4,0.36,0.32,0.63,0.59,0.73,0.55,0.53,0.55,0.62,0.44,0.5,0.65,0.45,0.36
Shaedon Sharpe,0.08,0.07,0.04,0.06,0.07,0.05,0.09,0.36,0.31,0.17,0.3,0.31,0.63,0.51,0.38,0.47,0.46,0.48,0.68,0.59,0.37,0.18,0.32,0.34
Jae'Sean Tate,0.08,0.08,0.12,0.1,0.09,0.08,0.08,0.37,0.37,0.56,0.44,0.44,0.63,0.59,0.79,0.72,0.6,0.65,0.62,0.61,0.52,0.81,0.62,0.65
Jonathan Kuminga,0.08,0.07,0.07,0.09,0.09,0.09,0.08,0.37,0.38,0.29,0.52,0.5,0.63,0.51,0.62,0.68,0.6,0.7,0.62,0.61,0.54,0.47,0.76,0.76
Dennis Smith Jr.,0.08,0.07,0.2,0.12,0.19,0.08,0.09,0.31,0.27,0.74,0.46,0.72,0.63,0.51,0.9,0.79,0.95,0.65,0.68,0.4,0.25,0.92,0.67,0.94
Tari Eason,0.08,0.13,0.05,0.08,0.14,0.07,0.09,0.38,0.59,0.21,0.36,0.68,0.63,0.85,0.48,0.62,0.87,0.61,0.68,0.65,0.81,0.29,0.45,0.92
Cedi Osman,0.08,0.06,0.06,0.05,0.06,0.06,0.08,0.34,0.27,0.28,0.25,0.27,0.63,0.42,0.56,0.38,0.39,0.55,0.62,0.51,0.25,0.45,0.22,0.26
Landry Shamet,0.08,0.04,0.08,0.08,0.1,0.06,0.09,0.35,0.16,0.39,0.41,0.62,0.63,0.25,0.66,0.62,0.67,0.55,0.68,0.55,0.04,0.64,0.57,0.89
Herbert Jones,0.08,0.09,0.09,0.09,0.19,0.09,0.08,0.29,0.31,0.32,0.31,0.62,0.63,0.65,0.7,0.68,0.95,0.7,0.62,0.33,0.37,0.53,0.34,0.89
Jalen Smith,0.08,0.13,0.04,0.08,0.04,0.09,0.08,0.41,0.72,0.19,0.43,0.25,0.63,0.85,0.38,0.62,0.24,0.7,0.62,0.7,0.9,0.23,0.6,0.23
Jalen McDaniels,0.08,0.1,0.07,0.09,0.11,0.07,0.08,0.33,0.42,0.27,0.37,0.46,0.63,0.72,0.62,0.68,0.73,0.61,0.62,0.48,0.61,0.43,0.48,0.69
Al Horford,0.08,0.13,0.11,0.04,0.1,0.01,0.08,0.27,0.45,0.37,0.15,0.31,0.63,0.85,0.76,0.28,0.67,0.12,0.62,0.27,0.67,0.61,0.08,0.34
Naji Marshall,0.08,0.09,0.09,0.09,0.08,0.1,0.09,0.33,0.37,0.38,0.33,0.35,0.63,0.65,0.7,0.68,0.53,0.75,0.68,0.48,0.52,0.62,0.4,0.42
Ayo Dosunmu,0.08,0.06,0.11,0.1,0.1,0.04,0.08,0.28,0.24,0.39,0.39,0.4,0.63,0.42,0.76,0.72,0.67,0.4,0.62,0.3,0.16,0.64,0.53,0.55
Donte DiVincenzo,0.08,0.1,0.11,0.1,0.18,0.05,0.08,0.28,0.37,0.43,0.42,0.68,0.63,0.72,0.76,0.72,0.94,0.48,0.62,0.3,0.52,0.68,0.59,0.92
Xavier Sneed,0.08,0.05,0.08,0.06,0.0,0.0,0.04,0.52,0.34,0.48,0.37,0.0,0.63,0.33,0.66,0.47,0.04,0.04,0.3,0.88,0.45,0.73,0.48,0.04
Deni Avdija,0.08,0.15,0.11,0.12,0.12,0.1,0.09,0.29,0.53,0.4,0.45,0.4,0.63,0.89,0.76,0.79,0.78,0.75,0.68,0.33,0.76,0.65,0.65,0.55
Coby White,0.08,0.06,0.1,0.07,0.09,0.04,0.09,0.34,0.27,0.46,0.34,0.38,0.63,0.42,0.73,0.55,0.6,0.4,0.68,0.51,0.25,0.71,0.42,0.51
Andrew Nembhard,0.08,0.06,0.16,0.11,0.13,0.03,0.09,0.28,0.23,0.59,0.4,0.5,0.63,0.42,0.85,0.76,0.83,0.31,0.68,0.3,0.14,0.83,0.54,0.76
Kenrich Williams,0.07,0.11,0.08,0.04,0.1,0.03,0.07,0.31,0.5,0.34,0.2,0.4,0.56,0.77,0.66,0.28,0.67,0.31,0.55,0.4,0.73,0.57,0.15,0.55
Damion Lee,0.07,0.07,0.05,0.08,0.05,0.06,0.07,0.35,0.31,0.23,0.39,0.27,0.56,0.51,0.48,0.62,0.32,0.55,0.55,0.55,0.37,0.34,0.53,0.26
Nick Richards,0.07,0.14,0.02,0.06,0.02,0.12,0.05,0.39,0.72,0.11,0.36,0.22,0.56,0.87,0.17,0.47,0.12,0.8,0.39,0.67,0.9,0.09,0.45,0.18
Jeff Green,0.07,0.06,0.04,0.06,0.05,0.09,0.07,0.35,0.32,0.21,0.31,0.24,0.56,0.42,0.38,0.47,0.32,0.7,0.55,0.55,0.4,0.29,0.34,0.22
Jarred Vanderbilt,0.07,0.17,0.1,0.09,0.17,0.08,0.07,0.28,0.72,0.41,0.36,0.69,0.56,0.92,0.73,0.68,0.93,0.65,0.55,0.3,0.9,0.67,0.45,0.93
Steven Adams,0.07,0.23,0.09,0.14,0.12,0.11,0.07,0.27,0.84,0.35,0.55,0.43,0.56,0.98,0.7,0.84,0.78,0.78,0.55,0.27,0.96,0.58,0.79,0.62
Dorian Finney-Smith,0.07,0.12,0.07,0.08,0.12,0.03,0.09,0.24,0.39,0.22,0.27,0.38,0.56,0.81,0.62,0.62,0.78,0.31,0.68,0.19,0.56,0.31,0.27,0.51
Robert Williams III,0.07,0.17,0.05,0.07,0.11,0.06,0.05,0.3,0.75,0.23,0.32,0.47,0.56,0.92,0.48,0.55,0.73,0.55,0.39,0.36,0.91,0.34,0.37,0.71
Kevin Love,0.07,0.16,0.08,0.08,0.04,0.06,0.08,0.35,0.78,0.37,0.42,0.2,0.56,0.91,0.66,0.62,0.24,0.55,0.62,0.55,0.93,0.61,0.59,0.15
Daniel Gafford,0.07,0.12,0.04,0.07,0.07,0.09,0.06,0.37,0.62,0.18,0.41,0.39,0.56,0.81,0.38,0.55,0.46,0.7,0.48,0.61,0.83,0.2,0.57,0.53
Devonte' Graham,0.07,0.04,0.1,0.05,0.08,0.08,0.07,0.32,0.21,0.57,0.27,0.41,0.56,0.25,0.73,0.38,0.53,0.65,0.55,0.44,0.11,0.82,0.27,0.58
Jeenathan Williams,0.07,0.12,0.0,0.1,0.0,0.0,0.06,0.5,0.92,0.0,0.77,0.0,0.56,0.81,0.03,0.72,0.04,0.04,0.48,0.85,0.99,0.02,0.96,0.04
Brandon Boston Jr.,0.07,0.03,0.05,0.05,0.06,0.08,0.06,0.55,0.29,0.3,0.19,0.49,0.56,0.17,0.48,0.38,0.39,0.65,0.48,0.91,0.3,0.49,0.14,0.74
Duane Washington Jr.,0.07,0.03,0.08,0.07,0.03,0.04,0.09,0.47,0.22,0.5,0.43,0.19,0.56,0.17,0.66,0.55,0.18,0.4,0.68,0.81,0.12,0.76,0.6,0.13
Grant Williams,0.07,0.1,0.06,0.08,0.09,0.08,0.07,0.26,0.42,0.23,0.31,0.33,0.56,0.72,0.56,0.62,0.6,0.65,0.55,0.24,0.61,0.34,0.34,0.38
Aleksej Pokusevski,0.07,0.11,0.08,0.09,0.07,0.04,0.08,0.33,0.51,0.36,0.42,0.28,0.56,0.77,0.66,0.68,0.46,0.4,0.62,0.48,0.75,0.6,0.59,0.28
T.J. Warren,0.07,0.07,0.03,0.03,0.08,0.03,0.08,0.35,0.44,0.19,0.19,0.38,0.56,0.51,0.27,0.19,0.53,0.31,0.62,0.55,0.65,0.23,0.14,0.51
Jevon Carter,0.07,0.05,0.09,0.07,0.13,0.02,0.08,,0.23,0.4,0.32,0.57,0.56,0.33,0.7,0.55,0.83,0.21,0.62,,0.14,0.65,0.37,0.84
Pat Connaughton,0.07,0.1,0.05,0.04,0.1,0.03,0.08,0.27,0.43,0.2,0.18,0.38,0.56,0.72,0.48,0.28,0.67,0.31,0.62,0.27,0.63,0.26,0.12,0.51
Tre Mann,0.07,0.05,0.07,0.07,0.07,0.03,0.08,0.35,0.28,0.36,0.4,0.33,0.56,0.33,0.62,0.55,0.46,0.31,0.62,0.55,0.28,0.6,0.54,0.38
AJ Griffin,0.07,0.05,0.04,0.05,0.08,0.03,0.08,0.41,0.27,0.21,0.28,0.47,0.56,0.33,0.38,0.38,0.53,0.31,0.62,0.7,0.25,0.29,0.29,0.71
Joe Harris,0.07,0.06,0.05,0.05,0.06,0.02,0.07,0.3,0.27,0.27,0.25,0.28,0.56,0.42,0.48,0.38,0.39,0.21,0.55,0.36,0.25,0.43,0.22,0.28
Georges Niang,0.07,0.06,0.04,0.05,0.05,0.02,0.08,0.35,0.3,0.2,0.26,0.21,0.56,0.42,0.38,0.38,0.32,0.21,0.62,0.55,0.33,0.26,0.25,0.17
Draymond Green,0.07,0.16,0.23,0.18,0.13,0.07,0.07,0.22,0.51,0.72,0.57,0.43,0.56,0.91,0.94,0.91,0.83,0.61,0.55,0.15,0.75,0.91,0.8,0.62
Chris Duarte,0.07,0.06,0.05,0.07,0.06,0.06,0.08,0.32,0.32,0.29,0.39,0.33,0.56,0.42,0.48,0.55,0.39,0.55,0.62,0.44,0.4,0.47,0.53,0.38
Jordan Nwora,0.07,0.09,0.05,0.08,0.06,0.07,0.08,0.36,0.44,0.25,0.45,0.33,0.56,0.65,0.48,0.62,0.39,0.61,0.62,0.59,0.65,0.39,0.65,0.38
Shake Milton,0.07,0.06,0.11,0.08,0.04,0.06,0.07,0.31,0.31,0.53,0.41,0.18,0.56,0.42,0.76,0.62,0.24,0.55,0.55,0.4,0.37,0.78,0.57,0.13
Terrence Ross,0.07,0.05,0.06,0.05,0.08,0.03,0.08,0.33,0.25,0.29,0.25,0.36,0.56,0.33,0.56,0.38,0.53,0.31,0.62,0.48,0.19,0.47,0.22,0.45
T.J. McConnell,0.07,0.07,0.2,0.14,0.14,0.04,0.08,0.34,0.35,0.94,0.69,0.68,0.56,0.51,0.9,0.84,0.87,0.4,0.62,0.51,0.48,0.97,0.93,0.92
Edmond Sumner,0.06,0.04,0.05,0.08,0.09,0.1,0.06,0.43,0.22,0.38,0.63,0.59,0.49,0.25,0.48,0.62,0.6,0.75,0.48,0.75,0.12,0.62,0.88,0.87
Julian Champagnie,0.06,0.06,0.01,0.04,0.02,0.02,0.06,0.33,0.37,0.07,0.24,0.2,0.49,0.42,0.09,0.28,0.12,0.21,0.48,0.48,0.52,0.06,0.2,0.15
Trendon Watford,0.06,0.09,0.08,0.09,0.08,0.07,0.06,0.34,0.48,0.37,0.47,0.35,0.49,0.65,0.66,0.68,0.53,0.61,0.48,0.51,0.71,0.61,0.69,0.42
Anthony Lamb,0.06,0.08,0.06,0.06,0.07,0.05,0.06,0.29,0.38,0.28,0.31,0.34,0.49,0.59,0.56,0.47,0.46,0.48,0.48,0.33,0.54,0.45,0.34,0.4
Cory Joseph,0.06,0.04,0.15,0.06,0.07,0.05,0.06,0.31,0.2,0.87,0.32,0.4,0.49,0.25,0.84,0.47,0.46,0.48,0.48,0.4,0.09,0.96,0.37,0.55
Joe Ingles,0.06,0.06,0.12,0.08,0.1,0.02,0.06,0.24,0.25,0.54,0.38,0.43,0.49,0.42,0.79,0.62,0.67,0.21,0.48,0.19,0.19,0.79,0.5,0.62
Jeremiah Robinson-Earl,0.06,0.1,0.04,0.04,0.07,0.04,0.06,0.3,0.49,0.28,0.2,0.29,0.49,0.72,0.38,0.28,0.46,0.4,0.48,0.36,0.72,0.45,0.15,0.31
R.J. Hampton,0.06,0.04,0.05,0.06,0.11,0.07,0.06,0.35,0.25,0.35,0.35,0.72,0.49,0.25,0.48,0.47,0.73,0.61,0.48,0.55,0.19,0.58,0.44,0.94
Kevon Looney,0.06,0.21,0.08,0.04,0.1,0.1,0.05,0.25,0.89,0.34,0.18,0.44,0.49,0.96,0.66,0.28,0.67,0.75,0.39,0.22,0.98,0.57,0.12,0.65
Isaiah Jackson,0.06,0.1,0.03,0.05,0.07,0.09,0.06,0.38,0.63,0.19,0.48,0.33,0.49,0.72,0.27,0.38,0.46,0.7,0.48,0.65,0.84,0.23,0.71,0.38
Isaac Okoro,0.06,0.06,0.04,0.04,0.11,0.06,0.06,0.25,0.25,0.19,0.21,0.51,0.49,0.42,0.38,0.28,0.73,0.55,0.48,0.22,0.19,0.23,0.17,0.78
JaMychal Green,0.06,0.09,0.03,0.06,0.07,0.07,0.05,0.38,0.57,0.21,0.4,0.47,0.49,0.65,0.27,0.47,0.46,0.61,0.39,0.65,0.79,0.29,0.54,0.71
Aaron Wiggins,0.06,0.07,0.04,0.07,0.07,0.04,0.05,0.27,0.42,0.22,0.59,0.34,0.49,0.51,0.38,0.55,0.46,0.4,0.39,0.27,0.61,0.31,0.83,0.4
Dwight Powell,0.06,0.11,0.04,0.08,0.09,0.09,0.04,0.31,0.54,0.18,0.4,0.47,0.49,0.77,0.38,0.62,0.6,0.7,0.3,0.4,0.77,0.2,0.54,0.71
Drew Eubanks,0.06,0.13,0.05,0.06,0.08,0.06,0.05,0.29,0.65,0.25,0.3,0.4,0.49,0.85,0.48,0.47,0.53,0.55,0.39,0.33,0.86,0.39,0.32,0.55
Larry Nance Jr.,0.06,0.12,0.07,0.05,0.09,0.05,0.05,0.25,0.57,0.33,0.26,0.43,0.49,0.81,0.62,0.38,0.6,0.48,0.39,0.22,0.79,0.55,0.25,0.62
Jock Landale,0.06,0.09,0.04,0.06,0.03,0.07,0.05,0.4,0.67,0.28,0.4,0.22,0.49,0.65,0.38,0.47,0.18,0.61,0.39,0.69,0.88,0.45,0.54,0.18
Xavier Tillman,0.06,0.11,0.06,0.06,0.11,0.06,0.05,0.32,0.57,0.27,0.36,0.54,0.49,0.77,0.56,0.47,0.73,0.55,0.39,0.44,0.79,0.43,0.45,0.8
Willy Hernangomez,0.06,0.11,0.04,0.08,0.06,0.11,0.05,0.47,0.83,0.25,0.69,0.57,0.49,0.77,0.38,0.62,0.39,0.78,0.39,0.81,0.96,0.39,0.93,0.84
Mitchell Robinson,0.06,0.19,0.04,0.05,0.13,0.07,0.05,0.23,0.69,0.14,0.19,0.5,0.49,0.94,0.38,0.38,0.83,0.61,0.39,0.16,0.89,0.12,0.14,0.76
Mo Bamba,0.06,0.11,0.04,0.05,0.03,0.05,0.06,0.32,0.66,0.24,0.27,0.17,0.49,0.77,0.38,0.38,0.18,0.48,0.48,0.44,0.87,0.37,0.27,0.12
Terence Davis,0.06,0.05,0.04,0.06,0.09,0.03,0.06,0.38,0.36,0.32,0.46,0.78,0.49,0.33,0.38,0.47,0.6,0.31,0.48,0.65,0.5,0.53,0.67,0.95
Trey Lyles,0.06,0.09,0.03,0.07,0.07,0.07,0.06,0.35,0.54,0.19,0.41,0.39,0.49,0.65,0.27,0.55,0.46,0.61,0.48,0.55,0.77,0.23,0.57,0.53
Duncan Robinson,0.06,0.04,0.04,0.05,0.04,0.03,0.06,0.31,0.32,0.25,0.24,0.25,0.49,0.25,0.38,0.38,0.24,0.31,0.48,0.4,0.4,0.39,0.2,0.23
Troy Brown Jr.,0.06,0.09,0.05,0.06,0.14,0.02,0.07,0.25,0.35,0.2,0.23,0.57,0.49,0.65,0.48,0.47,0.87,0.21,0.55,0.22,0.48,0.26,0.18,0.84
Torrey Craig,0.06,0.12,0.06,0.07,0.09,0.03,0.07,0.26,0.47,0.22,0.28,0.38,0.49,0.81,0.56,0.55,0.6,0.31,0.55,0.24,0.7,0.31,0.29,0.51
Daniel Theis,0.06,0.09,0.04,0.03,0.03,0.08,0.07,0.37,0.5,0.26,0.18,0.15,0.49,0.65,0.38,0.19,0.18,0.65,0.55,0.61,0.73,0.41,0.12,0.1
Evan Fournier,0.06,0.04,0.06,0.07,0.1,0.04,0.07,0.29,0.26,0.36,0.48,0.54,0.49,0.25,0.56,0.55,0.67,0.4,0.55,0.33,0.21,0.6,0.71,0.8
Eugene Omoruyi,0.06,0.07,0.03,0.06,0.1,0.07,0.07,0.36,0.4,0.14,0.45,0.5,0.49,0.51,0.27,0.47,0.67,0.61,0.55,0.59,0.57,0.12,0.65,0.76
Nassir Little,0.06,0.07,0.04,0.05,0.06,0.04,0.07,0.32,0.39,0.23,0.27,0.38,0.49,0.51,0.38,0.38,0.39,0.4,0.55,0.44,0.56,0.34,0.27,0.51
Will Barton,0.06,0.06,0.08,0.07,0.06,0.04,0.07,0.31,0.31,0.44,0.43,0.33,0.49,0.42,0.66,0.55,0.39,0.4,0.55,0.4,0.37,0.69,0.6,0.38
Justise Winslow,0.06,0.11,0.13,0.1,0.15,0.04,0.08,0.23,0.42,0.47,0.4,0.55,0.49,0.77,0.81,0.72,0.9,0.4,0.62,0.16,0.61,0.72,0.54,0.81
David Roddy,0.06,0.06,0.03,0.06,0.05,0.05,0.06,0.32,0.35,0.18,0.33,0.23,0.49,0.42,0.27,0.47,0.32,0.48,0.48,0.44,0.48,0.2,0.4,0.2
Delon Wright,0.06,0.08,0.15,0.07,0.29,0.05,0.07,0.25,0.31,0.61,0.28,1.2,0.49,0.59,0.84,0.55,1.0,0.48,0.55,0.22,0.37,0.85,0.29,0.98
Reggie Bullock,0.06,0.09,0.06,0.04,0.13,0.02,0.07,0.2,0.31,0.19,0.13,0.4,0.49,0.65,0.56,0.28,0.83,0.21,0.55,0.11,0.37,0.23,0.08,0.55
Kendrick Nunn,0.06,0.03,0.04,0.06,0.05,0.02,0.07,0.43,0.23,0.3,0.46,0.37,0.49,0.17,0.38,0.47,0.32,0.21,0.55,0.75,0.14,0.49,0.67,0.48
Ty Jerome,0.06,0.04,0.11,0.05,0.07,0.05,0.06,0.31,0.22,0.61,0.23,0.34,0.49,0.25,0.76,0.38,0.46,0.48,0.48,0.4,0.12,0.85,0.18,0.4
Romeo Langford,0.06,0.06,0.04,0.04,0.09,0.06,0.07,0.3,0.29,0.2,0.24,0.41,0.49,0.42,0.38,0.28,0.6,0.55,0.55,0.36,0.3,0.26,0.2,0.58
Josh Okogie,0.06,0.08,0.05,0.06,0.11,0.12,0.06,0.34,0.47,0.25,0.36,0.56,0.49,0.59,0.48,0.47,0.73,0.8,0.48,0.51,0.7,0.39,0.45,0.82
Isaiah Livers,0.06,0.06,0.04,0.04,0.11,0.02,0.06,0.25,0.27,0.14,0.25,0.45,0.49,0.42,0.38,0.28,0.73,0.21,0.48,0.22,0.25,0.12,0.22,0.67
Joshua Primo,0.06,0.08,0.16,0.19,0.03,0.12,0.07,0.26,0.33,0.69,0.79,0.13,0.49,0.59,0.85,0.92,0.18,0.8,0.55,0.24,0.43,0.9,0.96,0.1
Ben Simmons,0.06,0.16,0.23,0.17,0.17,0.07,0.07,0.22,0.62,0.9,0.68,0.6,0.49,0.91,0.94,0.89,0.93,0.61,0.55,0.15,0.83,0.97,0.92,0.87
Ochai Agbaji,0.06,0.04,0.04,0.04,0.05,0.05,0.06,0.28,0.22,0.17,0.16,0.28,0.49,0.25,0.38,0.28,0.32,0.48,0.48,0.3,0.12,0.18,0.09,0.28
Obi Toppin,0.06,0.06,0.04,0.04,0.04,0.02,0.07,0.38,0.39,0.24,0.27,0.29,0.49,0.42,0.38,0.28,0.24,0.21,0.55,0.65,0.56,0.37,0.27,0.31
Jaylin Williams,0.05,0.12,0.06,0.07,0.07,0.05,0.05,0.27,0.61,0.34,0.36,0.37,0.41,0.81,0.56,0.55,0.46,0.48,0.39,0.27,0.82,0.57,0.45,0.48
Dario Saric,0.05,0.08,0.05,0.08,0.05,0.05,0.05,0.32,0.51,0.32,0.48,0.27,0.41,0.59,0.48,0.62,0.32,0.48,0.39,0.44,0.75,0.53,0.71,0.26
Wenyen Gabriel,0.05,0.1,0.02,0.06,0.06,0.05,0.04,0.29,0.61,0.15,0.43,0.3,0.41,0.72,0.17,0.47,0.39,0.48,0.3,0.33,0.82,0.14,0.6,0.33
Rodney McGruder,0.05,0.06,0.04,0.03,0.07,0.03,0.05,0.25,0.33,0.33,0.21,0.58,0.41,0.42,0.38,0.19,0.46,0.31,0.39,0.22,0.43,0.55,0.17,0.85
Alex Caruso,0.05,0.07,0.12,0.09,0.2,0.05,0.05,0.23,0.29,0.5,0.39,0.82,0.41,0.51,0.79,0.68,0.97,0.48,0.39,0.16,0.3,0.76,0.53,0.95
Sandro Mamukelashvili,0.05,0.08,0.05,0.05,0.04,0.06,0.05,0.35,0.55,0.29,0.44,0.2,0.41,0.59,0.48,0.38,0.24,0.55,0.39,0.55,0.78,0.47,0.62,0.15
Theo Maledon,0.05,0.06,0.11,0.08,0.08,0.06,0.05,0.27,0.33,0.64,0.49,0.41,0.41,0.42,0.76,0.62,0.53,0.55,0.39,0.27,0.43,0.87,0.73,0.58
Andre Drummond,0.05,0.16,0.02,0.09,0.09,0.09,0.05,0.41,1.21,0.16,0.7,0.61,0.41,0.91,0.17,0.68,0.6,0.7,0.39,0.7,1.0,0.16,0.94,0.88
Svi Mykhailiuk,0.05,0.03,0.04,0.03,0.07,0.04,0.04,0.39,0.3,0.21,0.38,0.36,0.41,0.17,0.38,0.19,0.46,0.4,0.3,0.67,0.33,0.29,0.5,0.45
Mike Muscala,0.05,0.07,0.03,0.03,0.03,0.03,0.05,0.3,0.49,0.22,0.2,0.19,0.41,0.51,0.27,0.19,0.18,0.31,0.39,0.36,0.72,0.31,0.15,0.13
Jarrell Brantley,0.05,0.03,0.03,0.04,0.0,0.01,0.04,0.35,0.25,0.2,0.29,0.0,0.41,0.17,0.27,0.28,0.04,0.12,0.3,0.55,0.19,0.26,0.3,0.04
Otto Porter Jr.,0.05,0.05,0.05,0.04,0.12,0.05,0.04,0.25,0.27,0.24,0.18,0.62,0.41,0.33,0.48,0.28,0.78,0.48,0.3,0.22,0.25,0.37,0.12,0.89
Luka Garza,0.05,0.06,0.02,0.04,0.01,0.09,0.05,0.54,0.65,0.23,0.48,0.09,0.41,0.42,0.17,0.28,0.08,0.7,0.39,0.9,0.86,0.34,0.71,0.08
Saben Lee,0.05,0.04,0.09,0.07,0.09,0.09,0.05,0.36,0.23,0.66,0.6,0.6,0.41,0.25,0.7,0.55,0.6,0.7,0.39,0.59,0.14,0.89,0.85,0.87
Javonte Green,0.05,0.06,0.03,0.04,0.1,0.06,0.04,0.26,0.45,0.19,0.26,0.54,0.41,0.42,0.27,0.28,0.67,0.55,0.3,0.24,0.67,0.23,0.25,0.8
Yuta Watanabe,0.05,0.06,0.04,0.03,0.05,0.04,0.05,0.29,0.31,0.22,0.14,0.33,0.41,0.42,0.38,0.19,0.32,0.4,0.39,0.33,0.37,0.31,0.08,0.38
Dewayne Dedmon,0.05,0.08,0.02,0.05,0.03,0.06,0.05,0.4,0.76,0.19,0.51,0.25,0.41,0.59,0.17,0.38,0.18,0.55,0.39,0.69,0.92,0.23,0.75,0.23
Lamar Stevens,0.05,0.08,0.02,0.03,0.05,0.04,0.05,0.25,0.44,0.11,0.18,0.27,0.41,0.59,0.17,0.19,0.32,0.4,0.39,0.22,0.65,0.09,0.12,0.26
Nikola Jovic,0.05,0.05,0.03,0.05,0.06,0.05,0.05,0.36,0.26,0.14,0.54,0.34,0.41,0.33,0.27,0.38,0.39,0.48,0.39,0.59,0.21,0.12,0.78,0.4
Kevin Knox II,0.05,0.07,0.02,0.05,0.05,0.03,0.05,0.34,0.45,0.11,0.34,0.45,0.41,0.51,0.17,0.38,0.32,0.31,0.39,0.51,0.67,0.09,0.42,0.67
Jonathan Isaac,0.05,0.09,0.02,0.03,0.15,0.04,0.06,0.43,0.82,0.22,0.19,1.39,0.41,0.65,0.17,0.19,0.9,0.4,0.48,0.75,0.95,0.31,0.14,0.98
Simone Fontecchio,0.05,0.03,0.03,0.04,0.04,0.04,0.06,0.29,0.26,0.15,0.31,0.27,0.41,0.17,0.27,0.28,0.24,0.4,0.48,0.33,0.21,0.14,0.34,0.26
Robert Covington,0.05,0.08,0.06,0.05,0.11,0.04,0.06,0.33,0.53,0.34,0.31,0.57,0.41,0.59,0.56,0.38,0.73,0.4,0.48,0.48,0.76,0.57,0.34,0.84
Charles Bassey,0.05,0.12,0.05,0.08,0.07,0.06,0.04,0.35,0.91,0.31,0.5,0.46,0.41,0.81,0.48,0.62,0.46,0.55,0.3,0.55,0.98,0.51,0.74,0.69
Stanley Johnson,0.05,0.07,0.08,0.07,0.06,0.06,0.04,0.32,0.45,0.64,0.58,0.44,0.41,0.51,0.66,0.55,0.39,0.55,0.3,0.44,0.67,0.87,0.82,0.65
Nicolas Batum,0.05,0.09,0.06,0.05,0.09,0.03,0.06,0.23,0.43,0.3,0.23,0.4,0.41,0.65,0.56,0.38,0.6,0.31,0.48,0.16,0.63,0.49,0.18,0.55
Sam Hauser,0.05,0.05,0.03,0.03,0.06,0.01,0.05,0.31,0.35,0.19,0.24,0.42,0.41,0.33,0.27,0.19,0.39,0.12,0.39,0.4,0.48,0.23,0.2,0.6
Ricky Rubio,0.05,0.05,0.12,0.09,0.1,0.05,0.06,0.27,0.31,0.72,0.55,0.56,0.41,0.33,0.79,0.68,0.67,0.48,0.48,0.27,0.37,0.91,0.79,0.82
Nickeil Alexander-Walker,0.05,0.04,0.07,0.07,0.07,0.05,0.06,0.34,0.26,0.65,0.49,0.47,0.41,0.25,0.62,0.55,0.46,0.48,0.48,0.51,0.21,0.88,0.73,0.71
Derrick Rose,0.05,0.03,0.07,0.06,0.04,0.02,0.07,0.39,0.25,0.54,0.57,0.33,0.41,0.17,0.62,0.47,0.24,0.21,0.55,0.67,0.19,0.79,0.8,0.38
Davion Mitchell,0.05,0.03,0.08,0.05,0.08,0.02,0.06,0.25,0.17,0.47,0.29,0.49,0.41,0.17,0.66,0.38,0.53,0.21,0.48,0.22,0.04,0.72,0.3,0.74
Goran Dragic,0.05,0.03,0.11,0.08,0.03,0.04,0.07,0.34,0.2,0.68,0.57,0.31,0.41,0.17,0.76,0.62,0.18,0.4,0.55,0.51,0.09,0.9,0.8,0.34
Jordan Goodwin,0.05,0.07,0.1,0.06,0.14,0.05,0.06,0.32,0.51,0.62,0.41,0.62,0.41,0.51,0.73,0.47,0.87,0.48,0.48,0.44,0.75,0.85,0.57,0.89
Patty Mills,0.05,0.03,0.05,0.05,0.05,0.02,0.06,0.35,0.2,0.4,0.4,0.44,0.41,0.17,0.48,0.38,0.32,0.21,0.48,0.55,0.09,0.65,0.54,0.65
James Bouknight,0.05,0.05,0.04,0.05,0.06,0.04,0.06,0.35,0.33,0.25,0.3,0.66,0.41,0.33,0.38,0.38,0.39,0.4,0.48,0.55,0.43,0.39,0.32,0.92
Josh Christopher,0.05,0.02,0.05,0.06,0.07,0.04,0.06,0.44,0.2,0.39,0.55,0.58,0.41,0.09,0.48,0.47,0.46,0.4,0.48,0.77,0.09,0.64,0.79,0.85
Cody Zeller,0.05,0.11,0.03,0.06,0.03,0.1,0.04,0.36,0.83,0.17,0.47,0.18,0.41,0.77,0.27,0.47,0.18,0.75,0.3,0.59,0.96,0.18,0.69,0.13
Maxi Kleber,0.05,0.1,0.06,0.05,0.05,0.05,0.05,0.2,0.39,0.24,0.21,0.2,0.41,0.72,0.56,0.38,0.32,0.48,0.39,0.11,0.56,0.37,0.17,0.15
Luka Samanic,0.05,0.12,0.09,0.11,0.1,0.13,0.06,0.32,0.59,0.49,0.7,0.4,0.41,0.81,0.7,0.76,0.67,0.83,0.48,0.44,0.81,0.75,0.94,0.55
Oshae Brissett,0.05,0.08,0.02,0.03,0.06,0.09,0.05,0.29,0.49,0.13,0.17,0.37,0.41,0.59,0.17,0.19,0.39,0.7,0.39,0.33,0.72,0.11,0.1,0.48
Patrick Beverley,0.05,0.08,0.11,0.09,0.12,0.04,0.06,0.19,0.31,0.42,0.34,0.42,0.41,0.59,0.76,0.68,0.78,0.4,0.48,0.09,0.37,0.67,0.42,0.6
AJ Green,0.04,0.02,0.02,0.02,0.03,0.01,0.04,0.29,0.22,0.27,0.24,0.17,0.32,0.09,0.17,0.12,0.18,0.12,0.3,0.33,0.12,0.43,0.2,0.12
Isaiah Roby,0.04,0.06,0.04,0.05,0.07,0.05,0.04,0.31,0.59,0.24,0.4,0.65,0.32,0.42,0.38,0.38,0.46,0.48,0.3,0.4,0.81,0.37,0.54,0.91
Davis Bertans,0.04,0.03,0.02,0.02,0.05,0.01,0.04,0.36,0.27,0.2,0.18,0.42,0.32,0.17,0.17,0.12,0.32,0.12,0.3,0.59,0.25,0.26,0.12,0.6
Day'Ron Sharpe,0.04,0.1,0.03,0.08,0.04,0.05,0.04,0.41,0.95,0.27,0.68,0.2,0.32,0.72,0.27,0.62,0.24,0.48,0.3,0.7,0.99,0.43,0.92,0.15
Garrison Mathews,0.04,0.03,0.02,0.02,0.07,0.04,0.04,0.32,0.22,0.14,0.18,0.5,0.32,0.17,0.17,0.12,0.46,0.4,0.3,0.44,0.12,0.12,0.12,0.76
Jamal Cain,0.04,0.06,0.03,0.02,0.08,0.04,0.04,0.34,0.39,0.21,0.11,0.88,0.32,0.42,0.27,0.12,0.53,0.4,0.3,0.51,0.56,0.29,0.07,0.96
Zeke Nnaji,0.04,0.06,0.01,0.04,0.05,0.05,0.04,0.3,0.49,0.11,0.48,0.66,0.32,0.42,0.09,0.28,0.32,0.48,0.3,0.36,0.72,0.09,0.71,0.92
Thaddeus Young,0.04,0.07,0.06,0.06,0.1,0.03,0.04,0.25,0.48,0.38,0.48,0.6,0.32,0.51,0.56,0.47,0.67,0.31,0.3,0.22,0.71,0.62,0.71,0.87
Blake Wesley,0.04,0.05,0.09,0.13,0.09,0.06,0.06,0.26,0.27,0.48,0.82,0.45,0.32,0.33,0.7,0.82,0.6,0.55,0.48,0.24,0.25,0.73,0.97,0.67
Moses Moody,0.04,0.04,0.03,0.03,0.04,0.04,0.04,0.27,0.33,0.21,0.24,0.31,0.32,0.25,0.27,0.19,0.24,0.4,0.3,0.27,0.43,0.29,0.2,0.34
Montrezl Harrell,0.04,0.06,0.02,0.04,0.04,0.07,0.04,0.35,0.54,0.16,0.44,0.33,0.32,0.42,0.17,0.28,0.24,0.61,0.3,0.55,0.77,0.16,0.62,0.38
Jaxson Hayes,0.04,0.06,0.03,0.04,0.04,0.07,0.04,0.31,0.57,0.19,0.42,0.38,0.32,0.42,0.27,0.28,0.24,0.61,0.3,0.4,0.79,0.23,0.59,0.51
George Hill,0.04,0.04,0.09,0.05,0.08,0.05,0.04,0.21,0.21,0.49,0.23,0.43,0.32,0.25,0.7,0.38,0.53,0.48,0.3,0.13,0.11,0.75,0.18,0.62
Chimezie Metu,0.04,0.07,0.02,0.04,0.04,0.03,0.04,0.39,0.67,0.18,0.39,0.32,0.32,0.51,0.17,0.28,0.24,0.31,0.3,0.67,0.88,0.2,0.53,0.36
Danuel House Jr.,0.04,0.04,0.03,0.03,0.03,0.03,0.04,0.26,,0.17,0.23,0.21,0.32,0.25,0.27,0.19,0.18,0.31,0.3,0.24,,0.18,0.18,0.17
Serge Ibaka,0.04,0.06,0.01,0.05,0.01,0.04,0.04,0.29,0.44,0.06,0.58,0.07,0.32,0.42,0.09,0.38,0.08,0.4,0.3,0.33,0.65,0.05,0.82,0.08
Blake Griffin,0.04,0.08,0.05,0.04,0.05,0.03,0.04,0.21,0.59,0.41,0.34,0.36,0.32,0.59,0.48,0.28,0.32,0.31,0.3,0.13,0.81,0.67,0.42,0.45
Bismack Biyombo,0.04,0.1,0.03,0.07,0.04,0.05,0.04,0.23,0.64,0.24,0.52,0.35,0.32,0.72,0.27,0.55,0.24,0.48,0.3,0.16,0.85,0.37,0.76,0.42
Christian Braun,0.04,0.05,0.03,0.03,0.06,0.03,0.04,0.2,0.33,0.22,0.25,0.37,0.32,0.33,0.27,0.19,0.39,0.31,0.3,0.11,0.43,0.31,0.22,0.48
Admiral Schofield,0.04,0.04,0.03,0.01,0.02,0.02,0.03,0.25,0.31,0.32,0.18,0.18,0.32,0.25,0.27,0.07,0.12,0.21,0.21,0.22,0.37,0.53,0.12,0.13
Darius Days,0.04,0.03,0.01,0.0,0.0,0.01,0.03,0.68,0.88,0.46,0.0,0.0,0.32,0.17,0.09,0.03,0.04,0.12,0.21,0.98,0.97,0.71,0.03,0.04
DeAndre Jordan,0.04,0.11,0.03,0.08,0.03,0.05,0.03,0.31,0.76,0.23,0.51,0.25,0.32,0.77,0.27,0.62,0.18,0.48,0.21,0.4,0.92,0.34,0.75,0.23
Orlando Robinson,0.04,0.1,0.03,0.04,0.05,0.04,0.03,0.28,0.81,0.36,0.32,0.36,0.32,0.72,0.27,0.28,0.32,0.4,0.21,0.3,0.94,0.6,0.37,0.45
Moses Brown,0.04,0.09,0.01,0.03,0.01,0.08,0.03,0.44,0.97,0.1,0.32,0.29,0.32,0.65,0.09,0.19,0.08,0.65,0.21,0.77,0.99,0.08,0.37,0.31
Derrick Jones Jr.,0.04,0.06,0.02,0.03,0.06,0.06,0.04,0.31,0.42,0.15,0.23,0.48,0.32,0.42,0.17,0.19,0.39,0.55,0.3,0.4,0.61,0.14,0.18,0.73
JaVale McGee,0.04,0.07,0.01,0.07,0.02,0.04,0.03,0.42,0.82,0.11,0.92,0.17,0.32,0.51,0.09,0.55,0.12,0.4,0.21,0.73,0.95,0.09,0.98,0.12
TyTy Washington Jr.,0.04,0.03,0.07,0.03,0.07,0.02,0.06,0.33,0.2,0.4,0.3,0.58,0.32,0.17,0.62,0.19,0.46,0.21,0.48,0.48,0.09,0.65,0.32,0.85
Jarrett Culver,0.04,0.09,0.03,0.05,0.12,0.07,0.05,0.25,0.59,0.11,0.51,1.48,0.32,0.65,0.27,0.38,0.78,0.61,0.39,0.22,0.81,0.09,0.75,0.99
Ziaire Williams,0.04,0.05,0.03,0.07,0.04,0.03,0.05,0.28,0.3,0.19,0.65,0.22,0.32,0.33,0.27,0.55,0.24,0.31,0.39,0.3,0.33,0.23,0.89,0.18
Payton Pritchard,0.04,0.03,0.04,0.06,0.05,0.02,0.05,0.3,0.25,0.3,0.6,0.41,0.32,0.17,0.38,0.47,0.32,0.21,0.39,0.36,0.19,0.49,0.85,0.58
MarJon Beauchamp,0.04,0.04,0.02,0.06,0.06,0.03,0.05,0.33,0.38,0.12,0.66,0.34,0.32,0.25,0.17,0.47,0.39,0.31,0.39,0.48,0.54,0.1,0.9,0.4
Johnny Juzang,0.04,0.04,0.02,0.01,0.02,0.0,0.06,0.31,0.35,0.17,0.1,0.13,0.32,0.25,0.17,0.07,0.12,0.04,0.48,0.4,0.48,0.18,0.06,0.1
Ousmane Dieng,0.04,0.06,0.04,0.05,0.04,0.02,0.05,0.24,0.42,0.27,0.45,0.26,0.32,0.42,0.38,0.38,0.24,0.21,0.39,0.19,0.61,0.43,0.65,0.25
Malachi Flynn,0.04,0.03,0.06,0.04,0.04,0.02,0.05,0.27,0.25,0.44,0.33,0.32,0.32,0.17,0.56,0.28,0.24,0.21,0.39,0.27,0.19,0.69,0.4,0.36
Austin Rivers,0.04,0.04,0.06,0.03,0.07,0.04,0.05,0.18,0.18,0.25,0.12,0.27,0.32,0.25,0.56,0.19,0.46,0.4,0.39,0.08,0.05,0.39,0.07,0.26
Chuma Okeke,0.04,0.07,0.05,0.03,0.1,0.03,0.05,0.28,0.37,0.28,0.2,0.62,0.32,0.51,0.48,0.19,0.67,0.31,0.39,0.3,0.52,0.45,0.15,0.89
Daishen Nix,0.04,0.04,0.11,0.09,0.07,0.03,0.05,0.25,0.24,0.73,0.59,0.42,0.32,0.25,0.76,0.68,0.46,0.31,0.39,0.22,0.16,0.92,0.83,0.6
Bryce McGowens,0.04,0.04,0.04,0.06,0.04,0.06,0.04,0.22,0.26,0.22,0.36,0.31,0.32,0.25,0.38,0.47,0.24,0.55,0.3,0.15,0.21,0.31,0.45,0.34
John Konchar,0.04,0.09,0.05,0.04,0.12,0.02,0.05,0.19,0.45,0.25,0.19,0.62,0.32,0.65,0.48,0.28,0.78,0.21,0.39,0.09,0.67,0.39,0.14,0.89
Justin Holiday,0.04,0.03,0.03,0.03,0.05,0.01,0.05,0.25,0.18,0.23,0.2,0.26,0.32,0.17,0.27,0.19,0.32,0.12,0.39,0.22,0.05,0.34,0.15,0.25
Rudy Gay,0.04,0.06,0.04,0.05,0.06,0.03,0.06,0.29,0.44,0.27,0.34,0.39,0.32,0.42,0.38,0.38,0.39,0.31,0.48,0.33,0.65,0.43,0.42,0.53
Lindy Waters III,0.04,0.04,0.03,0.02,0.05,0.02,0.05,0.34,0.32,0.3,0.17,0.29,0.32,0.25,0.27,0.12,0.32,0.21,0.39,0.51,0.4,0.49,0.1,0.31
Keon Johnson,0.04,0.03,0.07,0.07,0.06,0.05,0.05,,0.2,0.64,0.68,0.45,0.32,0.17,0.62,0.55,0.39,0.48,0.39,,0.09,0.87,0.92,0.67
Jalen Johnson,0.04,0.09,0.04,0.04,0.07,0.05,0.05,0.3,0.62,0.31,0.32,0.44,0.32,0.65,0.38,0.28,0.46,0.48,0.39,0.36,0.83,0.51,0.37,0.65
Ish Wainright,0.04,0.05,0.03,0.03,0.09,0.02,0.04,0.27,0.31,0.2,0.17,0.65,0.32,0.33,0.27,0.19,0.6,0.21,0.3,0.27,0.37,0.26,0.1,0.91
Dalano Banton,0.04,0.03,0.04,0.04,0.06,0.03,0.05,0.35,0.42,0.54,0.61,0.58,0.32,0.17,0.38,0.28,0.39,0.31,0.39,0.55,0.61,0.79,0.86,0.85
Darius Bazley,0.04,0.07,0.04,0.05,0.06,0.07,0.05,0.25,0.46,0.33,0.58,0.58,0.32,0.51,0.38,0.38,0.39,0.61,0.39,0.22,0.69,0.55,0.82,0.85
Kira Lewis Jr.,0.04,0.03,0.04,0.03,0.05,0.04,0.04,0.43,0.36,0.43,0.38,0.48,0.32,0.17,0.38,0.19,0.32,0.4,0.3,0.75,0.5,0.68,0.5,0.73
Cody Martin,0.04,0.08,0.06,0.02,0.08,0.05,0.06,0.2,0.34,0.25,0.09,0.35,0.32,0.59,0.56,0.12,0.53,0.48,0.48,0.11,0.45,0.39,0.06,0.42
Dean Wade,0.04,0.08,0.03,0.03,0.07,0.03,0.04,0.19,0.41,0.15,0.15,0.39,0.32,0.59,0.27,0.19,0.46,0.31,0.3,0.09,0.59,0.14,0.08,0.53
Haywood Highsmith,0.04,0.08,0.03,0.06,0.09,0.02,0.04,0.19,0.42,0.16,0.38,0.44,0.32,0.59,0.27,0.47,0.6,0.21,0.3,0.09,0.61,0.16,0.5,0.65
Jae Crowder,0.04,0.08,0.05,0.03,0.07,0.04,0.05,0.21,0.42,0.27,0.23,0.35,0.32,0.59,0.48,0.19,0.46,0.4,0.39,0.13,0.61,0.43,0.18,0.42
Vlatko Cancar,0.04,0.05,0.05,0.04,0.05,0.03,0.04,0.24,0.32,0.27,0.43,0.24,0.32,0.33,0.48,0.28,0.32,0.31,0.3,0.19,0.4,0.43,0.6,0.22
Isaiah Hartenstein,0.04,0.14,0.05,0.07,0.1,0.03,0.04,0.21,0.71,0.23,0.34,0.5,0.32,0.87,0.48,0.55,0.67,0.31,0.3,0.13,0.89,0.34,0.42,0.76
Patrick Baldwin Jr.,0.04,0.03,0.01,0.02,0.04,0.01,0.04,0.38,0.35,0.39,0.34,0.28,0.32,0.17,0.09,0.12,0.24,0.12,0.3,0.65,0.48,0.64,0.42,0.28
Jake LaRavia,0.03,0.04,0.02,0.04,0.06,0.01,0.03,0.17,0.27,0.16,0.23,0.44,0.22,0.25,0.17,0.28,0.39,0.12,0.21,0.07,0.25,0.16,0.18,0.65
Christian Koloko,0.03,0.07,0.02,0.03,0.04,0.04,0.03,0.2,0.5,0.13,0.16,0.29,0.22,0.51,0.17,0.19,0.24,0.4,0.21,0.11,0.73,0.11,0.09,0.31
Max Christie,0.03,0.05,0.03,0.02,0.03,0.02,0.03,0.21,0.31,0.21,0.18,0.22,0.22,0.33,0.27,0.12,0.18,0.21,0.21,0.13,0.37,0.29,0.12,0.18
Furkan Korkmaz,0.03,0.02,0.02,0.04,0.02,0.04,0.03,0.38,0.26,0.28,0.67,0.14,0.22,0.09,0.17,0.28,0.12,0.4,0.21,0.65,0.21,0.45,0.91,0.1
Gary Payton II,0.03,0.06,0.05,0.05,0.14,0.01,0.03,0.21,0.38,0.35,0.34,0.88,0.22,0.42,0.48,0.38,0.87,0.12,0.21,0.13,0.54,0.58,0.42,0.96
Juancho Hernangomez,0.03,0.07,0.03,0.03,0.04,0.02,0.03,0.14,0.45,0.2,0.19,0.22,0.22,0.51,0.27,0.19,0.24,0.21,0.21,0.05,0.67,0.26,0.14,0.18
Danny Green,0.03,0.02,0.01,0.05,0.04,0.01,0.03,0.3,0.31,0.06,0.56,0.37,0.22,0.09,0.09,0.38,0.24,0.12,0.21,0.36,0.37,0.05,0.79,0.48
Goga Bitadze,0.03,0.07,0.04,0.03,0.04,0.04,0.03,0.33,0.59,0.44,0.56,0.38,0.22,0.51,0.38,0.19,0.24,0.4,0.21,0.48,0.81,0.69,0.79,0.51
Taj Gibson,0.03,0.04,0.03,0.05,0.05,0.04,0.03,0.3,0.38,0.25,0.49,0.52,0.22,0.25,0.27,0.38,0.32,0.4,0.21,0.36,0.54,0.39,0.73,0.79
Dyson Daniels,0.03,0.07,0.09,0.07,0.11,0.03,0.04,,0.4,0.48,0.44,0.59,0.22,0.51,0.7,0.55,0.73,0.31,0.3,,0.57,0.73,0.62,0.87
Usman Garuba,0.03,0.09,0.04,0.04,0.08,0.02,0.03,0.22,0.66,0.31,0.33,0.64,0.22,0.65,0.38,0.28,0.53,0.21,0.21,0.15,0.87,0.51,0.4,0.9
Kai Jones,0.03,0.06,0.01,0.05,0.05,0.02,0.03,0.31,0.42,0.09,0.4,0.45,0.22,0.42,0.09,0.38,0.32,0.21,0.21,0.4,0.61,0.07,0.54,0.67
Jared Butler,0.03,0.01,0.06,0.04,0.14,0.0,0.03,0.25,0.21,0.36,0.26,1.13,0.22,0.04,0.56,0.28,0.87,0.04,0.21,0.22,0.11,0.6,0.25,0.97
Dominick Barlow,0.03,0.07,0.03,0.04,0.05,0.03,0.03,0.24,0.5,0.19,0.23,0.31,0.22,0.51,0.27,0.28,0.32,0.31,0.21,0.19,0.73,0.23,0.18,0.34
Luke Kornet,0.03,0.06,0.03,0.04,0.02,0.03,0.03,0.28,0.51,0.21,0.3,0.2,0.22,0.42,0.27,0.28,0.12,0.31,0.21,0.3,0.75,0.29,0.32,0.15
Meyers Leonard,0.03,0.05,0.0,0.03,0.03,0.04,0.03,0.33,0.44,0.0,0.29,0.22,0.22,0.33,0.03,0.19,0.18,0.4,0.21,0.48,0.65,0.02,0.3,0.18
Josh Minott,0.03,0.04,0.01,0.02,0.04,0.02,0.03,0.45,0.61,0.3,0.1,0.35,0.22,0.25,0.09,0.12,0.24,0.21,0.21,0.78,0.82,0.49,0.06,0.42
Juan Toscano-Anderson,0.03,0.05,0.04,0.05,0.06,0.01,0.03,0.19,0.38,0.35,0.57,0.75,0.22,0.33,0.38,0.38,0.39,0.12,0.21,0.09,0.54,0.58,0.8,0.94
Bruno Fernando,0.03,0.08,0.04,0.05,0.03,0.05,0.03,0.3,0.7,0.35,0.65,0.28,0.22,0.59,0.38,0.38,0.18,0.48,0.21,0.36,0.89,0.58,0.89,0.28
Nathan Knight,0.03,0.04,0.01,0.04,0.04,0.06,0.02,0.36,0.43,0.15,0.76,1.42,0.22,0.25,0.09,0.28,0.24,0.55,0.12,0.59,0.63,0.14,0.95,0.99
Raul Neto,0.03,0.02,0.05,0.03,0.06,0.03,0.02,0.24,0.23,0.48,0.26,0.38,0.22,0.09,0.48,0.19,0.39,0.31,0.12,0.19,0.14,0.73,0.25,0.51
Jericho Sims,0.03,0.1,0.02,0.05,0.05,0.01,0.02,0.19,0.63,0.12,0.33,0.28,0.22,0.72,0.17,0.38,0.32,0.12,0.12,0.09,0.84,0.1,0.4,0.28
Richaun Holmes,0.03,0.05,0.01,0.02,0.01,0.02,0.02,0.37,0.47,0.09,0.18,0.07,0.22,0.33,0.09,0.12,0.08,0.21,0.12,0.61,0.7,0.07,0.12,0.08
Anthony Gill,0.03,0.04,0.02,0.02,0.02,0.05,0.02,0.32,0.34,0.24,0.18,0.22,0.22,0.25,0.17,0.12,0.12,0.48,0.12,0.44,0.45,0.37,0.12,0.18
Damian Jones,0.03,0.06,0.01,0.03,0.04,0.03,0.02,0.23,0.58,0.11,0.19,0.63,0.22,0.42,0.09,0.19,0.24,0.31,0.12,0.16,0.8,0.09,0.14,0.9
Boban Marjanovic,0.03,0.04,0.01,0.03,0.02,0.03,0.02,0.51,0.84,0.22,0.57,0.26,0.22,0.25,0.09,0.19,0.12,0.31,0.12,0.86,0.96,0.31,0.8,0.25
Kevon Harris,0.03,0.05,0.02,0.04,0.06,0.04,0.03,0.24,0.43,0.16,0.24,0.5,0.22,0.33,0.17,0.28,0.39,0.4,0.21,0.19,0.63,0.16,0.2,0.76
Moussa Diabate,0.03,0.05,0.01,0.03,0.1,0.03,0.02,0.27,0.5,0.17,0.45,1.01,0.22,0.33,0.09,0.19,0.67,0.31,0.12,0.27,0.73,0.18,0.65,0.97
Wesley Matthews,0.03,0.04,0.03,0.03,0.06,0.02,0.03,0.17,0.29,0.17,0.18,0.49,0.22,0.25,0.27,0.19,0.39,0.21,0.21,0.07,0.3,0.18,0.12,0.74
Jabari Walker,0.03,0.05,0.02,0.03,0.03,0.03,0.04,0.28,0.47,0.3,0.28,0.23,0.22,0.33,0.17,0.19,0.18,0.31,0.3,0.3,0.7,0.49,0.29,0.2
Matisse Thybulle,0.03,0.05,0.03,0.03,0.14,0.02,0.04,0.18,0.26,0.16,0.15,0.74,0.22,0.33,0.27,0.19,0.87,0.21,0.3,0.08,0.21,0.16,0.08,0.94
Trevelin Queen,0.03,0.05,0.04,0.06,0.03,0.03,0.04,0.2,0.5,0.4,0.67,0.18,0.22,0.33,0.38,0.47,0.18,0.31,0.3,0.11,0.73,0.65,0.91,0.13
Johnny Davis,0.03,0.04,0.02,0.02,0.03,0.04,0.04,0.29,0.35,0.19,0.21,0.36,0.22,0.25,0.17,0.12,0.18,0.4,0.3,0.33,0.48,0.23,0.17,0.45
Jordan McLaughlin,0.03,0.03,0.12,0.05,0.09,0.02,0.04,0.18,0.19,0.72,0.3,0.54,0.22,0.17,0.79,0.38,0.6,0.21,0.3,0.08,0.06,0.91,0.32,0.8
Caleb Houstan,0.03,0.05,0.02,0.03,0.02,0.01,0.04,0.19,0.29,0.16,0.16,0.15,0.22,0.33,0.17,0.19,0.12,0.12,0.3,0.09,0.3,0.16,0.09,0.1
Bryn Forbes,0.03,0.01,0.03,0.03,0.03,0.03,0.04,0.25,0.12,0.22,0.38,0.21,0.22,0.04,0.27,0.19,0.18,0.31,0.3,0.22,0.03,0.31,0.5,0.17
Aaron Holiday,0.03,0.03,0.06,0.05,0.08,0.02,0.04,0.25,0.23,0.39,0.37,0.46,0.22,0.17,0.56,0.38,0.53,0.21,0.3,0.22,0.14,0.64,0.48,0.69
Matt Ryan,0.03,0.02,0.02,0.01,0.02,0.01,0.04,0.29,0.19,0.31,0.08,0.16,0.22,0.09,0.17,0.07,0.12,0.12,0.3,0.33,0.06,0.51,0.05,0.11
Miles McBride,0.03,0.02,0.05,0.03,0.1,0.02,0.04,0.2,0.15,0.63,0.25,0.79,0.22,0.09,0.48,0.19,0.67,0.21,0.3,0.11,0.03,0.86,0.22,0.95
David Duke Jr.,0.03,0.02,0.03,0.06,0.06,0.02,0.04,0.28,0.3,0.41,0.68,0.45,0.22,0.09,0.27,0.47,0.39,0.21,0.3,0.3,0.33,0.67,0.92,0.67
P.J. Tucker,0.03,0.1,0.03,0.04,0.07,0.01,0.04,0.12,0.37,0.13,0.16,0.28,0.22,0.72,0.27,0.28,0.46,0.12,0.3,0.04,0.52,0.11,0.09,0.28
JT Thor,0.03,0.05,0.02,0.04,0.04,0.03,0.04,0.22,0.35,0.15,0.35,0.37,0.22,0.33,0.17,0.28,0.24,0.31,0.3,0.15,0.48,0.14,0.44,0.48
Dru Smith,0.03,0.04,0.07,0.01,0.11,0.01,0.04,0.26,0.37,0.59,0.1,1.39,0.22,0.25,0.62,0.07,0.73,0.12,0.3,0.24,0.52,0.83,0.06,0.98
Jason Preston,0.03,0.04,0.11,0.06,0.02,0.01,0.04,0.32,0.55,1.16,0.47,0.11,0.22,0.25,0.76,0.47,0.12,0.12,0.3,0.44,0.78,1.0,0.69,0.09
Markieff Morris,0.03,0.05,0.03,0.04,0.05,0.01,0.03,0.32,0.54,0.31,0.6,0.46,0.22,0.33,0.27,0.28,0.32,0.12,0.21,0.44,0.77,0.51,0.85,0.69
Kenneth Lofton Jr.,0.03,0.04,0.03,0.03,0.01,0.03,0.03,0.43,0.63,0.56,0.85,0.22,0.22,0.25,0.27,0.19,0.08,0.31,0.21,0.75,0.84,0.81,0.97,0.18
Jamaree Bouyea,0.03,0.03,0.03,0.06,0.08,0.01,0.03,0.14,0.25,0.17,0.38,0.37,0.22,0.17,0.27,0.47,0.53,0.12,0.21,0.05,0.19,0.18,0.5,0.48
Jordan Hall,0.03,0.03,0.05,0.04,0.02,0.05,0.03,0.29,0.27,0.63,0.27,0.12,0.22,0.17,0.48,0.28,0.12,0.48,0.21,0.33,0.25,0.86,0.27,0.09
Paul Reed,0.03,0.09,0.01,0.05,0.07,0.03,0.03,0.3,0.82,0.1,0.45,0.67,0.22,0.65,0.09,0.38,0.46,0.31,0.21,0.36,0.95,0.08,0.65,0.92
Gorgui Dieng,0.03,0.07,0.06,0.05,0.02,0.01,0.03,0.24,0.71,0.58,0.44,0.2,0.22,0.51,0.56,0.38,0.12,0.12,0.21,0.19,0.89,0.82,0.62,0.15
Amir Coffey,0.03,0.03,0.05,0.03,0.02,0.05,0.03,0.21,0.15,0.32,0.43,0.21,0.22,0.17,0.48,0.19,0.12,0.48,0.21,0.13,0.03,0.53,0.6,0.17
McKinley Wright IV,0.03,0.04,0.08,0.06,0.05,0.02,0.03,0.23,0.34,0.8,0.52,0.61,0.22,0.25,0.66,0.47,0.32,0.21,0.21,0.16,0.45,0.95,0.76,0.88
Alize Johnson,0.02,0.06,0.01,0.06,0.05,0.03,0.02,0.15,1.03,0.17,0.52,0.33,0.13,0.42,0.09,0.47,0.32,0.31,0.12,0.06,1.0,0.18,0.76,0.38
Shaquille Harrison,0.02,0.1,0.21,0.2,0.25,0.05,0.03,0.1,0.53,1.15,1.11,1.39,0.13,0.72,0.92,0.93,1.0,0.48,0.21,0.03,0.76,0.99,0.99,0.98
Trevor Hudgins,0.02,0.0,0.02,0.01,0.0,0.02,0.02,0.27,0.0,0.34,0.29,0.0,0.13,0.01,0.17,0.07,0.04,0.21,0.12,0.27,0.01,0.57,0.3,0.04
Jordan Schakel,0.02,0.0,0.02,0.0,0.1,0.0,0.01,0.32,0.0,0.45,0.0,2.0,0.13,0.01,0.17,0.03,0.67,0.04,0.05,0.44,0.01,0.7,0.03,0.99
Robin Lopez,0.02,0.03,0.02,0.05,0.0,0.02,0.02,0.29,0.33,0.28,0.61,0.04,0.13,0.17,0.17,0.38,0.04,0.21,0.12,0.33,0.43,0.45,0.86,0.07
Jay Scrubb,0.02,0.02,0.0,0.0,0.0,0.0,0.01,0.52,0.81,0.0,0.0,0.0,0.13,0.09,0.03,0.03,0.04,0.04,0.05,0.88,0.94,0.02,0.03,0.04
Ron Harper Jr.,0.02,0.01,0.0,0.0,0.0,0.0,0.01,0.41,0.43,0.0,0.0,0.0,0.13,0.04,0.03,0.03,0.04,0.04,0.05,0.7,0.63,0.02,0.03,0.04
Theo Pinson,0.02,0.03,0.03,0.02,0.02,0.01,0.02,0.2,0.47,0.3,0.26,0.19,0.13,0.17,0.27,0.12,0.12,0.12,0.12,0.11,0.7,0.49,0.25,0.13
Tyler Dorsey,0.02,0.01,0.0,0.0,0.0,0.0,0.02,0.55,0.32,0.0,0.0,0.0,0.13,0.04,0.03,0.03,0.04,0.04,0.12,0.91,0.4,0.02,0.03,0.04
Khem Birch,0.02,0.03,0.01,0.04,0.03,0.01,0.02,0.22,0.38,0.19,0.38,0.34,0.13,0.17,0.09,0.28,0.18,0.12,0.12,0.15,0.54,0.23,0.5,0.4
Chris Silva,0.02,0.0,0.0,0.08,0.0,0.0,0.01,0.54,0.0,0.0,2.56,0.0,0.13,0.01,0.03,0.62,0.04,0.04,0.05,0.9,0.01,0.02,1.0,0.04
Ryan Rollins,0.02,0.02,0.02,0.07,0.01,0.03,0.02,0.41,0.78,0.34,1.7,0.23,0.13,0.09,0.17,0.55,0.08,0.31,0.12,0.7,0.93,0.57,0.99,0.2
Omer Yurtseven,0.02,0.04,0.0,0.01,0.04,0.02,0.02,0.31,0.63,0.0,0.26,0.83,0.13,0.25,0.03,0.07,0.24,0.21,0.12,0.4,0.84,0.02,0.25,0.96
Frank Kaminsky,0.02,0.03,0.04,0.02,0.03,0.02,0.02,0.24,0.43,0.5,0.35,0.4,0.13,0.17,0.38,0.12,0.18,0.21,0.12,0.19,0.63,0.76,0.44,0.55
Micah Potter,0.02,0.02,0.02,0.01,0.0,0.0,0.02,0.38,0.2,0.42,0.42,0.0,0.13,0.09,0.17,0.07,0.04,0.04,0.12,0.65,0.09,0.67,0.59,0.04
Udoka Azubuike,0.02,0.06,0.01,0.04,0.04,0.02,0.02,0.37,0.82,0.21,0.49,0.31,0.13,0.42,0.09,0.28,0.24,0.21,0.12,0.61,0.95,0.29,0.73,0.34
Peyton Watson,0.02,0.02,0.01,0.01,0.0,0.01,0.02,0.49,0.35,0.1,0.6,0.0,0.13,0.09,0.09,0.07,0.04,0.12,0.12,0.84,0.48,0.08,0.85,0.04
Dalen Terry,0.02,0.02,0.03,0.01,0.02,0.02,0.02,0.31,0.45,0.38,0.33,0.17,0.13,0.09,0.27,0.07,0.12,0.21,0.12,0.4,0.67,0.62,0.4,0.12
Stanley Umude,0.02,0.0,0.0,0.0,0.17,0.12,0.01,0.92,0.0,0.0,0.0,8.33,0.13,0.01,0.03,0.03,0.93,0.8,0.05,1.0,0.01,0.02,0.03,1.0
Justin Champagnie,0.02,0.03,0.01,0.0,0.0,0.0,0.01,0.44,0.86,0.67,0.0,0.0,0.13,0.17,0.09,0.03,0.04,0.04,0.05,0.77,0.97,0.89,0.03,0.04
Andre Iguodala,0.02,0.04,0.08,0.07,0.06,0.02,0.02,0.12,0.33,0.6,0.54,0.33,0.13,0.25,0.66,0.55,0.39,0.21,0.12,0.04,0.43,0.84,0.78,0.38
Jay Huff,0.02,0.02,0.03,0.04,0.0,0.06,0.01,0.3,0.44,0.95,1.28,0.0,0.13,0.09,0.27,0.28,0.04,0.55,0.05,0.36,0.65,0.98,0.99,0.04
Garrett Temple,0.02,0.01,0.02,0.01,0.04,0.01,0.02,0.27,0.19,0.28,0.13,0.36,0.13,0.04,0.17,0.07,0.24,0.12,0.12,0.27,0.06,0.45,0.08,0.45
Nerlens Noel,0.02,0.07,0.03,0.05,0.1,0.02,0.02,0.22,0.66,0.15,0.37,1.62,0.13,0.51,0.27,0.38,0.67,0.21,0.12,0.15,0.87,0.14,0.48,0.99
Buddy Boeheim,0.02,0.01,0.02,0.0,0.02,0.02,0.03,0.18,0.18,0.08,0.0,0.11,0.13,0.04,0.17,0.03,0.12,0.21,0.21,0.08,0.05,0.06,0.03,0.09
Ish Smith,0.02,0.03,0.07,0.07,0.02,0.0,0.03,0.19,0.26,0.67,0.83,0.2,0.13,0.17,0.62,0.55,0.12,0.04,0.21,0.09,0.21,0.89,0.97,0.15
Trent Forrest,0.02,0.04,0.07,0.03,0.03,0.01,0.03,0.13,0.23,0.59,0.44,0.17,0.13,0.25,0.62,0.19,0.18,0.12,0.21,0.04,0.14,0.83,0.62,0.12
Frank Ntilikina,0.02,0.03,0.05,0.05,0.05,0.02,0.03,0.16,0.32,0.38,0.37,0.5,0.13,0.17,0.48,0.38,0.32,0.21,0.21,0.07,0.4,0.62,0.48,0.76
Kessler Edwards,0.02,0.04,0.02,0.03,0.04,0.02,0.03,0.14,0.25,0.2,0.24,0.31,0.13,0.25,0.17,0.19,0.24,0.21,0.21,0.05,0.19,0.26,0.2,0.34
Kennedy Chandler,0.02,0.02,0.07,0.04,0.05,0.01,0.03,0.18,0.31,0.6,0.32,0.45,0.13,0.09,0.62,0.28,0.32,0.12,0.21,0.08,0.37,0.84,0.37,0.67
Jeff Dowtin Jr.,0.02,0.02,0.06,0.02,0.03,0.01,0.03,0.18,0.19,0.53,0.12,0.25,0.13,0.09,0.56,0.12,0.18,0.12,0.21,0.08,0.06,0.78,0.07,0.23
Neemias Queta,0.02,0.05,0.01,0.03,0.0,0.02,0.02,0.23,0.88,0.6,0.45,0.0,0.13,0.33,0.09,0.19,0.04,0.21,0.12,0.16,0.97,0.84,0.65,0.04
Terry Taylor,0.02,0.03,0.01,0.02,0.01,0.01,0.03,0.21,0.32,0.11,0.17,0.07,0.13,0.17,0.09,0.12,0.08,0.12,0.21,0.13,0.4,0.09,0.1,0.08
Quenton Jackson,0.02,0.01,0.01,0.0,0.05,0.02,0.02,0.48,0.2,0.4,0.0,1.25,0.13,0.04,0.09,0.03,0.32,0.21,0.12,0.83,0.09,0.65,0.03,0.98
James Johnson,0.02,0.03,0.03,0.02,0.04,0.02,0.03,0.24,0.29,0.19,0.43,0.43,0.13,0.17,0.27,0.12,0.24,0.21,0.21,0.19,0.3,0.23,0.6,0.62
Olivier Sarr,0.02,0.05,0.02,0.04,0.0,0.03,0.02,0.19,0.45,0.18,0.29,0.0,0.13,0.33,0.17,0.28,0.04,0.31,0.12,0.09,0.67,0.2,0.3,0.04
Davon Reed,0.02,0.03,0.02,0.03,0.05,0.03,0.02,0.27,0.42,0.2,0.69,0.54,0.13,0.17,0.17,0.19,0.32,0.31,0.12,0.27,0.61,0.26,0.93,0.8
Mamadi Diakite,0.02,0.03,0.01,0.03,0.02,0.0,0.02,0.33,0.32,0.04,0.42,0.23,0.13,0.17,0.09,0.19,0.12,0.04,0.12,0.48,0.4,0.05,0.59,0.2
Jared Rhoden,0.02,0.05,0.01,0.01,0.03,0.02,0.02,0.19,0.46,0.07,0.1,0.17,0.13,0.33,0.09,0.07,0.18,0.21,0.12,0.09,0.69,0.06,0.06,0.12
Scotty Pippen Jr.,0.02,0.02,0.02,0.02,0.05,0.06,0.02,0.61,0.23,0.24,0.25,0.92,0.13,0.09,0.17,0.12,0.32,0.55,0.12,0.95,0.14,0.37,0.22,0.97
A.J. Lawson,0.02,0.02,0.0,0.01,0.01,0.01,0.02,0.35,0.53,0.04,0.05,0.08,0.13,0.09,0.03,0.07,0.08,0.12,0.12,0.55,0.76,0.05,0.05,0.08
Keon Ellis,0.01,0.02,0.01,0.0,0.05,0.01,0.01,0.29,0.39,0.16,0.45,0.58,0.06,0.09,0.09,0.03,0.32,0.12,0.05,0.33,0.56,0.16,0.65,0.85
KZ Okpala,0.01,0.02,0.01,0.02,0.03,0.01,0.01,0.09,,0.17,,0.32,0.06,0.09,0.09,0.12,0.18,0.12,0.05,0.03,,0.18,,0.36
Chima Moneke,0.01,0.02,0.02,0.08,0.0,0.05,0.01,0.38,0.42,0.3,4.17,0.0,0.06,0.09,0.17,0.62,0.04,0.48,0.05,0.65,0.61,0.49,1.0,0.04
Thanasis Antetokounmpo,0.01,0.02,0.01,0.02,0.01,0.02,0.01,0.15,0.48,0.23,0.46,0.34,0.06,0.09,0.09,0.12,0.08,0.21,0.05,0.06,0.71,0.34,0.67,0.4
Malcolm Hill,0.01,0.01,0.0,0.0,0.0,0.0,0.01,0.14,inf,0.0,0.0,0.0,0.06,0.04,0.03,0.03,0.04,0.04,0.05,0.05,1.0,0.02,0.03,0.04
Tyrese Martin,0.01,0.01,0.0,0.01,0.02,0.01,0.01,0.28,0.36,0.0,0.32,0.51,0.06,0.04,0.03,0.07,0.12,0.12,0.05,0.3,0.5,0.02,0.37,0.78
Noah Vonleh,0.01,0.05,0.01,0.04,0.01,0.0,0.01,0.08,0.6,0.23,0.6,0.1,0.06,0.33,0.09,0.28,0.08,0.04,0.05,0.02,0.82,0.34,0.85,0.08
Isaiah Mobley,0.01,0.03,0.0,0.0,0.01,0.0,0.01,0.24,0.66,0.0,0.0,0.29,0.06,0.17,0.03,0.03,0.08,0.04,0.05,0.19,0.87,0.02,0.03,0.31
Alex Len,0.01,0.03,0.01,0.04,0.02,0.02,0.01,0.14,0.58,0.65,1.11,0.11,0.06,0.17,0.09,0.28,0.12,0.21,0.05,0.05,0.8,0.88,0.99,0.09
Dylan Windler,0.01,0.0,0.01,0.04,0.04,0.0,0.01,0.35,0.0,0.29,1.04,1.04,0.06,0.01,0.09,0.28,0.24,0.04,0.05,0.55,0.01,0.47,0.98,0.97
Tony Bradley,0.01,0.02,0.0,0.01,0.02,0.01,0.01,0.44,,0.06,0.26,0.56,0.06,0.09,0.03,0.07,0.12,0.12,0.05,0.77,,0.05,0.25,0.82
Jack White,0.01,0.01,0.01,0.01,0.02,0.01,0.01,0.26,0.41,0.2,0.28,0.49,0.06,0.04,0.09,0.07,0.12,0.12,0.05,0.24,0.59,0.26,0.29,0.74
Braxton Key,0.01,0.01,0.0,0.0,0.0,0.02,0.0,0.25,0.48,0.0,0.0,0.0,0.06,0.04,0.03,0.03,0.04,0.21,0.01,0.22,0.71,0.02,0.03,0.04
Mfiondu Kabengele,0.01,0.06,0.0,0.03,0.0,0.0,0.01,0.09,0.87,0.0,0.46,0.0,0.06,0.42,0.03,0.19,0.04,0.04,0.05,0.03,0.97,0.02,0.67,0.04
Dereon Seabron,0.01,0.0,0.0,0.0,0.0,0.0,0.01,0.22,0.15,0.0,0.0,0.0,0.06,0.01,0.03,0.03,0.04,0.04,0.05,0.15,0.03,0.02,0.03,0.04
Isaiah Todd,0.01,0.0,0.0,0.0,0.0,0.0,0.01,0.11,0.0,0.0,0.0,0.0,0.06,0.01,0.03,0.03,0.04,0.04,0.05,0.04,0.01,0.02,0.03,0.04
Kendall Brown,0.01,0.02,0.02,0.02,0.05,0.02,0.01,0.27,0.17,0.19,0.26,1.25,0.06,0.09,0.17,0.12,0.32,0.21,0.05,0.27,0.04,0.23,0.25,0.98
Jaden Springer,0.01,0.02,0.01,0.01,0.08,0.02,0.02,0.31,0.53,0.31,0.26,2.06,0.06,0.09,0.09,0.07,0.53,0.21,0.12,0.4,0.76,0.51,0.25,1.0
Justin Jackson,0.01,0.02,0.01,0.01,0.02,0.0,0.01,0.15,0.24,0.3,0.49,0.61,0.06,0.09,0.09,0.07,0.12,0.04,0.05,0.06,0.16,0.49,0.73,0.88
John Butler Jr.,0.01,0.02,0.01,0.0,0.03,0.01,0.02,0.05,0.17,0.1,0.0,0.23,0.06,0.09,0.09,0.03,0.18,0.12,0.12,0.02,0.04,0.08,0.03,0.2
Ryan Arcidiacono,0.01,0.02,0.05,0.03,0.03,0.0,0.02,0.09,0.25,0.37,0.38,0.76,0.06,0.09,0.48,0.19,0.18,0.04,0.12,0.03,0.19,0.61,0.5,0.95
Greg Brown III,0.01,0.03,0.01,0.03,0.05,0.03,0.02,0.31,0.44,0.19,0.39,0.49,0.06,0.17,0.09,0.19,0.32,0.31,0.12,0.4,0.65,0.23,0.53,0.74
Lindell Wigginton,0.01,0.0,0.01,0.03,0.0,0.02,0.02,0.28,0.05,0.77,0.43,0.0,0.06,0.01,0.09,0.19,0.04,0.21,0.12,0.3,0.02,0.93,0.6,0.04
Facundo Campazzo,0.01,0.01,0.05,0.06,0.09,0.01,0.02,0.21,0.03,0.51,0.27,0.94,0.06,0.04,0.48,0.47,0.6,0.12,0.12,0.13,0.02,0.77,0.27,0.97
PJ Dozier,0.01,0.01,0.0,0.02,0.04,0.0,0.01,0.21,0.38,0.05,0.41,1.74,0.06,0.04,0.03,0.12,0.24,0.04,0.05,0.13,0.54,0.05,0.57,0.99
Carlik Jones,0.01,0.02,0.04,0.07,0.0,0.06,0.02,0.54,0.09,0.16,0.3,0.0,0.06,0.09,0.38,0.55,0.04,0.55,0.12,0.9,0.03,0.16,0.32,0.04
Matthew Dellavedova,0.01,0.01,0.05,0.02,0.03,0.01,0.02,0.16,0.16,0.64,0.13,0.19,0.06,0.04,0.48,0.12,0.18,0.12,0.12,0.07,0.04,0.87,0.08,0.13
Cole Swider,0.01,0.03,0.03,0.0,0.0,0.0,0.02,0.42,0.35,0.46,0.0,0.0,0.06,0.17,0.27,0.03,0.04,0.04,0.12,0.73,0.48,0.71,0.03,0.04
Wendell Moore Jr.,0.01,0.02,0.03,0.02,0.03,0.01,0.02,0.24,0.3,0.39,0.46,0.77,0.06,0.09,0.27,0.12,0.18,0.12,0.12,0.19,0.33,0.64,0.67,0.95
Michael Carter-Williams,0.01,0.0,0.0,0.0,0.0,0.05,0.0,0.39,0.0,0.0,0.0,0.0,0.06,0.01,0.03,0.03,0.04,0.48,0.01,0.67,0.01,0.02,0.03,0.04
Sam Merrill,0.01,0.01,0.02,0.0,0.0,0.0,0.02,0.15,0.41,0.83,0.0,0.0,0.06,0.04,0.17,0.03,0.04,0.04,0.12,0.06,0.59,0.96,0.03,0.04
Joe Wieskamp,0.01,0.01,0.01,0.01,0.0,0.0,0.01,0.1,0.3,0.05,0.09,0.0,0.06,0.04,0.09,0.07,0.04,0.04,0.05,0.03,0.33,0.05,0.06,0.04
Trevor Keels,0.01,0.01,0.0,0.0,0.0,0.0,0.01,0.23,0.91,0.0,0.0,0.0,0.06,0.04,0.03,0.03,0.04,0.04,0.05,0.16,0.98,0.02,0.03,0.04
JD Davison,0.01,0.01,0.02,0.01,0.02,0.0,0.01,0.23,0.41,0.64,0.28,0.65,0.06,0.04,0.17,0.07,0.12,0.04,0.05,0.16,0.59,0.87,0.29,0.91
Vince Williams Jr.,0.01,0.02,0.01,0.01,0.04,0.0,0.02,0.22,0.28,0.25,0.15,0.57,0.06,0.09,0.09,0.07,0.24,0.04,0.12,0.15,0.28,0.39,0.08,0.84
Vit Krejci,0.01,0.02,0.02,0.02,0.02,0.0,0.01,0.2,0.23,0.28,0.32,0.2,0.06,0.09,0.17,0.12,0.12,0.04,0.05,0.11,0.14,0.45,0.37,0.15
Marko Simonovic,0.0,0.0,0.0,0.0,0.0,0.0,0.0,0.0,0.0,0.0,0.0,0.0,0.01,0.01,0.03,0.03,0.04,0.04,0.01,0.01,0.01,0.02,0.03,0.04
Alondes Williams,0.0,0.02,0.0,0.11,0.0,0.0,0.0,0.0,0.34,0.0,2.22,0.0,0.01,0.09,0.03,0.76,0.04,0.04,0.01,0.01,0.45,0.02,1.0,0.04
Michael Foster Jr.,0.0,0.0,0.0,0.0,0.0,0.0,0.0,0.0,0.0,0.0,0.0,0.0,0.01,0.01,0.03,0.03,0.04,0.04,0.01,0.01,0.01,0.02,0.03,0.04
Kobi Simmons,0.0,0.0,0.0,0.0,0.0,0.0,0.0,0.0,0.0,0.0,0.0,0.0,0.01,0.01,0.03,0.03,0.04,0.04,0.01,0.01,0.01,0.02,0.03,0.04
Xavier Cooks,0.0,0.02,0.02,0.04,0.0,0.0,0.0,0.15,0.63,0.59,1.48,0.0,0.01,0.09,0.17,0.28,0.04,0.04,0.01,0.06,0.84,0.83,0.99,0.04
Frank Jackson,0.0,0.04,0.04,0.0,0.0,0.0,0.04,0.0,0.83,0.83,0.0,0.0,0.01,0.25,0.38,0.03,0.04,0.04,0.3,0.01,0.96,0.96,0.03,0.04
Leandro Bolmaro,0.0,0.01,0.02,0.04,0.02,0.0,0.02,0.05,0.24,0.34,1.17,0.42,0.01,0.04,0.17,0.28,0.12,0.04,0.12,0.02,0.16,0.57,0.99,0.6
Udonis Haslem,0.0,0.04,0.0,0.0,0.02,0.01,0.02,0.06,0.55,0.0,0.0,0.21,0.01,0.25,0.03,0.03,0.12,0.12,0.12,0.02,0.78,0.02,0.03,0.17
Xavier Moon,0.0,0.03,0.03,0.0,0.0,0.0,0.01,0.0,0.91,0.49,0.0,0.0,0.01,0.17,0.27,0.03,0.04,0.04,0.05,0.01,0.98,0.75,0.03,0.04
Devon Dotson,0.0,0.04,0.06,0.03,0.12,0.0,0.02,0.03,0.28,0.77,0.23,2.43,0.01,0.25,0.56,0.19,0.78,0.04,0.12,0.02,0.28,0.93,0.18,1.0
Sterling Brown,0.0,0.04,0.02,0.0,0.06,0.0,0.01,0.0,0.38,0.32,0.0,0.35,0.01,0.25,0.17,0.03,0.39,0.04,0.05,0.01,0.54,0.53,0.03,0.42
Deonte Burton,0.0,0.0,0.0,0.0,0.0,0.0,0.01,0.0,0.0,0.0,0.0,0.0,0.01,0.01,0.03,0.03,0.04,0.04,0.05,0.01,0.01,0.02,0.03,0.04
Vernon Carey Jr.,0.0,0.02,0.01,0.02,0.02,0.0,0.01,0.12,0.88,0.43,0.62,0.41,0.01,0.09,0.09,0.12,0.12,0.04,0.05,0.04,0.97,0.68,0.87,0.58
